"ID","Description","GeneRatio","BgRatio","RichFactor","FoldEnrichment","zScore","pvalue","p.adjust","qvalue","geneID","Count"
"GO:0042060","wound healing","21/51","453/18860",0.0463576158940397,17.143228152188,18.1096286380578,3.65057159303203e-21,1.11378939303407e-17,4.48443899901935e-18,"CD9/ITGA5/ITGB1/ITGAV/ITGB3/TGFB1/FGF2/IGF1/VEGFA/PDGFB/TIMP1/FN1/WNT3A/WNT5A/SHH/GPX1/HSPB1/ACTB/ANXA1/ANXA2/ANXA5",21
"GO:0048732","gland development","16/51","454/18860",0.0352422907488987,13.0327373240045,13.5136982973337,3.24054819024758e-14,4.94345626422269e-11,1.99037880948365e-11,"TGFB1/TGFB3/FGF2/HGF/IGF1/VEGFA/BMP2/IL10/MMP2/WNT3A/WNT5A/SHH/SOD1/SOD2/GPX1/MSN",16
"GO:0030100","regulation of endocytosis","14/51","318/18860",0.0440251572327044,16.2806757923295,14.3099922372318,8.32226987677593e-14,6.58978139070612e-11,2.6532370346061e-11,"CD63/TSG101/SDCBP/ITGAV/ITGB3/TGFB1/VEGFA/CCL2/WNT3A/WNT5A/DKK1/SOD1/ACTB/ANXA2",14
"GO:0031623","receptor internalization","11/51","139/18860",0.079136690647482,29.2650585414022,17.4162372771883,8.63950362596673e-14,6.58978139070612e-11,2.6532370346061e-11,"CD9/CD63/CD81/SDCBP/ITGB1/ITGB3/VEGFA/WNT3A/DKK1/EZR/ANXA2",11
"GO:0006935","chemotaxis","15/51","474/18860",0.0316455696202532,11.7026557458426,12.2884940763817,1.12594877159369e-12,4.5616788284122e-10,1.83666414558024e-10,"ITGAV/ITGB3/TGFB1/FGF2/HGF/VEGFA/PDGFB/IL10/CCL2/CXCL12/MMP2/WNT3A/WNT5A/HSPB1/ANXA1",15
"GO:0014823","response to activity","9/51","84/18860",0.107142857142857,39.6218487394958,18.4728000072082,1.16006861501242e-12,4.5616788284122e-10,1.83666414558024e-10,"ITGA5/ITGB1/ITGB3/IL10/MMP2/FN1/SOD2/CAT/ANXA2",9
"GO:2000027","regulation of animal organ morphogenesis","9/51","84/18860",0.107142857142857,39.6218487394958,18.4728000072082,1.16006861501242e-12,4.5616788284122e-10,1.83666414558024e-10,"TGFB1/FGF2/HGF/VEGFA/BMP2/WNT3A/WNT5A/SHH/DKK1",9
"GO:0042330","taxis","15/51","476/18860",0.0315126050420168,11.6534849233811,12.2584830638735,1.19611375376262e-12,4.5616788284122e-10,1.83666414558024e-10,"ITGAV/ITGB3/TGFB1/FGF2/HGF/VEGFA/PDGFB/IL10/CCL2/CXCL12/MMP2/WNT3A/WNT5A/HSPB1/ANXA1",15
"GO:0050900","leukocyte migration","14/51","397/18860",0.035264483627204,13.0409443374327,12.6260130064251,1.70169691504976e-12,5.76875254201868e-10,2.32266701738371e-10,"CD9/CD81/ITGB1/ITGB3/TGFB1/VEGFA/PDGFB/IL10/CCL2/CXCL12/MMP2/WNT5A/MSN/ANXA1",14
"GO:2001233","regulation of apoptotic signaling pathway","14/51","406/18860",0.0344827586206897,12.7518593644354,12.4648170698851,2.30225004966594e-12,6.91689144372723e-10,2.78494102531687e-10,"ITGAV/FGF2/HGF/IGF1/IL10/CXCL12/MMP2/WNT5A/SOD1/SOD2/GPX1/HSPA1A/HSPB1/ENO1",14
"GO:0033002","muscle cell proliferation","12/51","252/18860",0.0476190476190476,17.609710550887,13.8221006489603,2.49379894726318e-12,6.91689144372723e-10,2.78494102531687e-10,"ITGB3/TGFB1/TGFB3/FGF2/HGF/IGF1/PDGFB/BMP2/IL10/MMP2/SHH/SOD2",12
"GO:1904018","positive regulation of vasculature development","11/51","195/18860",0.0564102564102564,20.8607340372046,14.5164415334705,3.61143118948998e-12,9.18206379927829e-10,3.69696508608317e-10,"ITGA5/ITGB1/ITGB3/TGFB1/FGF2/VEGFA/IL10/CXCL12/WNT5A/HSPB1/PKM",11
"GO:0007369","gastrulation","11/51","203/18860",0.0541871921182266,20.0386361441128,14.2011826184514,5.59692492896707e-12,1.22389567829475e-09,4.92775882478556e-10,"ITGA5/ITGB1/ITGAV/ITGB3/IL10/IL1RN/MMP2/FN1/WNT3A/WNT5A/DKK1",11
"GO:0060485","mesenchyme development","13/51","347/18860",0.037463976945245,13.8543255919082,12.5845357266411,5.61604047726204e-12,1.22389567829475e-09,4.92775882478556e-10,"SDCBP/TGFB1/TGFB3/HGF/IGF1/VEGFA/BMP2/FN1/COL1A1/WNT3A/WNT5A/SHH/DKK1",13
"GO:0007159","leukocyte cell-cell adhesion","14/51","439/18860",0.0318906605922551,11.79329134843,11.9149198227491,6.57711197037315e-12,1.3377845747739e-09,5.3863085399477e-10,"CD81/ITGA5/ITGB1/TGFB1/IGF1/IL10/CCL2/CXCL12/SHH/IDO1/ACTB/MSN/EZR/ANXA1",14
"GO:0051897","positive regulation of phosphatidylinositol 3-kinase/protein kinase B signal transduction","11/51","217/18860",0.0506912442396313,18.7458209090088,13.6908252301405,1.15473702372151e-11,2.20193916210896e-09,8.86564543870397e-10,"ITGB1/TGFB1/FGF2/HGF/IGF1/VEGFA/PDGFB/FN1/WNT5A/CAT/GPX1",11
"GO:0050679","positive regulation of epithelial cell proliferation","11/51","222/18860",0.0495495495495495,18.3236177353824,13.52000930759,1.47778342987982e-11,2.65218661444902e-09,1.06784722146734e-09,"ITGB3/TGFB1/FGF2/IGF1/VEGFA/PDGFB/IL10/CXCL12/WNT3A/WNT5A/SHH",11
"GO:0071674","mononuclear cell migration","11/51","235/18860",0.0468085106382979,17.3099707968294,13.1008821201408,2.73236369365917e-11,4.54630481052085e-09,1.83047412026353e-09,"CD9/CD81/ITGB3/TGFB1/PDGFB/CCL2/CXCL12/MMP2/WNT5A/MSN/ANXA1",11
"GO:0048660","regulation of smooth muscle cell proliferation","10/51","172/18860",0.0581395348837209,21.500227998176,14.0638124771852,2.83119604719424e-11,4.54630481052085e-09,1.83047412026353e-09,"ITGB3/TGFB1/TGFB3/FGF2/IGF1/PDGFB/BMP2/IL10/MMP2/SOD2",10
"GO:0050673","epithelial cell proliferation","14/51","496/18860",0.0282258064516129,10.4380139152435,11.091732180185,3.34629372069152e-11,5.10477107091491e-09,2.05532882739316e-09,"ITGB3/TGFB1/FGF2/HGF/IGF1/VEGFA/PDGFB/IL10/CCL2/CXCL12/WNT3A/WNT5A/SHH/GPX1",14
"GO:0048659","smooth muscle cell proliferation","10/51","176/18860",0.0568181818181818,21.0115864527629,13.8887924860915,3.55661028332966e-11,5.16724665449466e-09,2.08048330859434e-09,"ITGB3/TGFB1/TGFB3/FGF2/IGF1/PDGFB/BMP2/IL10/MMP2/SOD2",10
"GO:0051402","neuron apoptotic process","12/51","318/18860",0.0377358490566038,13.9548649648539,12.1319252892273,3.78519297948343e-11,5.24937444563815e-09,2.11355033830486e-09,"TGFB1/TGFB3/FGF2/IL10/CCL2/MMP2/DKK1/SOD1/SOD2/GPX1/TUBA1A/GAPDH",12
"GO:2001234","negative regulation of apoptotic signaling pathway","11/51","245/18860",0.0448979591836735,16.6034413765506,12.800692959095,4.27925884791426e-11,5.67652988912452e-09,2.28553550366862e-09,"ITGAV/FGF2/HGF/IGF1/IL10/CXCL12/SOD2/GPX1/HSPA1A/HSPB1/ENO1",11
"GO:0007162","negative regulation of cell adhesion","12/51","326/18860",0.0368098159509202,13.6124142908697,11.961455081791,5.04800611044171e-11,6.36655371891864e-09,2.56335910227123e-09,"CD9/TGFB1/VEGFA/BMP2/IL10/IL1RN/CXCL12/MMP2/COL1A1/SHH/IDO1/ANXA1",12
"GO:0050678","regulation of epithelial cell proliferation","13/51","416/18860",0.03125,11.5563725490196,11.3369278386915,5.40675959484867e-11,6.36655371891864e-09,2.56335910227123e-09,"ITGB3/TGFB1/FGF2/IGF1/VEGFA/PDGFB/IL10/CCL2/CXCL12/WNT3A/WNT5A/SHH/GPX1",13
"GO:1902175","regulation of oxidative stress-induced intrinsic apoptotic signaling pathway","7/51","49/18860",0.142857142857143,52.8291316526611,18.915925552676,5.4254472858697e-11,6.36655371891864e-09,2.56335910227123e-09,"FGF2/IL10/MMP2/SOD1/SOD2/GPX1/HSPB1",7
"GO:0022612","gland morphogenesis","9/51","129/18860",0.0697674418604651,25.8002735978112,14.7174446207338,5.89840897137143e-11,6.66520213764971e-09,2.68360361387542e-09,"TGFB1/TGFB3/HGF/IGF1/MMP2/WNT3A/WNT5A/SHH/MSN",9
"GO:0001667","ameboidal-type cell migration","11/51","256/18860",0.04296875,15.890012254902,12.4903163312143,6.85663939864161e-11,7.47128814473413e-09,3.00815720985517e-09,"CD63/ITGB1/ITGB3/TGFB1/FGF2/VEGFA/MMP2/TIMP1/FN1/WNT5A/SHH",11
"GO:0001704","formation of primary germ layer","9/51","135/18860",0.0666666666666667,24.6535947712418,14.3619922630868,8.88818633865161e-11,9.35098500662968e-09,3.76497766141794e-09,"ITGA5/ITGB1/ITGAV/ITGB3/MMP2/FN1/WNT3A/WNT5A/DKK1",9
"GO:2001242","regulation of intrinsic apoptotic signaling pathway","10/51","195/18860",0.0512820512820513,18.964303670186,13.130318518402,9.79574034994601e-11,9.96226793589509e-09,4.0110978906621e-09,"FGF2/IL10/CXCL12/MMP2/SOD1/SOD2/GPX1/HSPA1A/HSPB1/ENO1",10
"GO:0042692","muscle cell differentiation","13/51","441/18860",0.0294784580498866,10.9012493886443,10.9556420776765,1.11288437248344e-10,1.09529361949902e-08,4.40996965259142e-09,"CD9/CD81/ITGB1/TGFB1/IGF1/VEGFA/PDGFB/BMP2/WNT3A/SHH/DKK1/SOD2/GPX1",13
"GO:0032102","negative regulation of response to external stimulus","13/51","452/18860",0.0287610619469027,10.6359534964428,10.7974742016371,1.50780749262792e-10,1.43760020625243e-08,5.78819521018679e-09,"CD9/TGFB1/FGF2/HGF/IGF1/PDGFB/IL10/CCL2/WNT3A/WNT5A/SOD1/GPX1/ANXA2",13
"GO:0001503","ossification","13/51","455/18860",0.0285714285714286,10.5658263305322,10.7552830522812,1.63573657803248e-10,1.48504844276255e-08,5.97923556626436e-09,"TGFB1/FGF2/HGF/IGF1/VEGFA/BMP2/MMP2/COL1A1/WNT3A/WNT5A/SHH/DKK1/CAT",13
"GO:0048762","mesenchymal cell differentiation","11/51","278/18860",0.039568345323741,14.6325292707011,11.9237860275763,1.65492124070556e-10,1.48504844276255e-08,5.97923556626436e-09,"SDCBP/TGFB1/TGFB3/HGF/IGF1/VEGFA/BMP2/FN1/COL1A1/WNT5A/SHH",11
"GO:0006898","receptor-mediated endocytosis","11/51","279/18860",0.039426523297491,14.580082929229,11.8995776442412,1.71946437894815e-10,1.49888166290595e-08,6.03493212099999e-09,"CD9/CD63/CD81/SDCBP/ITGB1/ITGB3/VEGFA/WNT3A/DKK1/EZR/ANXA2",11
"GO:2000177","regulation of neural precursor cell proliferation","8/51","96/18860",0.0833333333333333,30.8169934640523,15.2509999476973,1.78121802950658e-10,1.50216776500412e-08,6.04816292073283e-09,"ITGB1/TGFB1/FGF2/IGF1/VEGFA/WNT3A/WNT5A/SHH",8
"GO:1903829","positive regulation of protein localization","13/51","459/18860",0.028322440087146,10.4737494126191,10.699638094835,1.82170459866117e-10,1.50216776500412e-08,6.04816292073283e-09,"CD81/TSG101/ITGB1/TGFB1/TGFB3/IGF1/VEGFA/WNT3A/WNT5A/SHH/HSP90AA1/MSN/EZR",13
"GO:0051960","regulation of nervous system development","13/51","466/18860",0.0278969957081545,10.3164184128587,10.6038949685455,2.19411744676742e-10,1.761645350023e-08,7.09289490409303e-09,"ITGB1/TGFB1/FGF2/IGF1/VEGFA/BMP2/CXCL12/FN1/WNT3A/WNT5A/SHH/DKK1/ANXA2",13
"GO:0043410","positive regulation of MAPK cascade","13/51","474/18860",0.0274261603375527,10.142301646397,10.4969385444247,2.70384012048656e-10,2.11523492502679e-08,8.51654904347589e-09,"CD81/SDCBP/ITGB3/TGFB1/FGF2/HGF/IGF1/VEGFA/PDGFB/BMP2/WNT5A/DKK1/SOD1",13
"GO:0022408","negative regulation of cell-cell adhesion","10/51","220/18860",0.0454545454545455,16.8092691622103,12.2817921999701,3.19921965332965e-10,2.39878996332796e-08,9.65822383413109e-09,"CD9/TGFB1/VEGFA/BMP2/IL10/IL1RN/CXCL12/SHH/IDO1/ANXA1",10
"GO:0042176","regulation of protein catabolic process","12/51","383/18860",0.031331592689295,11.5865458454922,10.8993225536455,3.22354600119457e-10,2.39878996332796e-08,9.65822383413109e-09,"CD81/IL10/TIMP1/TIMP2/WNT5A/SHH/GPX1/HSP90AA1/HSPA1A/MSN/EZR/ANXA2",12
"GO:0043542","endothelial cell migration","11/51","302/18860",0.0364238410596026,13.4696792624335,11.3750871931544,3.98901296710967e-10,2.89773299110752e-08,1.16671131143283e-08,"ITGB1/ITGB3/TGFB1/FGF2/VEGFA/PDGFB/FN1/WNT5A/GPX1/HSPB1/ANXA1",11
"GO:0044403","biological process involved in symbiotic interaction","10/51","231/18860",0.0432900432900433,16.0088277735337,11.9514213488131,5.14955905723253e-10,3.65379178688755e-08,1.47112250178467e-08,"CD81/TSG101/ITGA5/ITGB1/ITGAV/ITGB3/FN1/GPX1/HSPA1A/GAPDH",10
"GO:0008631","intrinsic apoptotic signaling pathway in response to oxidative stress","7/51","67/18860",0.104477611940299,38.6362306116476,16.0696726694585,5.29409045187765e-10,3.67097044742698e-08,1.47803912855053e-08,"FGF2/IL10/MMP2/SOD1/SOD2/GPX1/HSPB1",7
"GO:0051896","regulation of phosphatidylinositol 3-kinase/protein kinase B signal transduction","11/51","311/18860",0.0353697749196141,13.079881470273,11.1852110205736,5.44260129242247e-10,3.69008367626243e-08,1.48573466859813e-08,"ITGB1/TGFB1/FGF2/HGF/IGF1/VEGFA/PDGFB/FN1/WNT5A/CAT/GPX1",11
"GO:0002685","regulation of leukocyte migration","10/51","233/18860",0.0429184549356223,15.8714129428595,11.893790963806,5.60047511864126e-10,3.71457599716837e-08,1.49559598706049e-08,"CD9/CD81/ITGB3/TGFB1/VEGFA/CCL2/CXCL12/WNT5A/MSN/ANXA1",10
"GO:0048144","fibroblast proliferation","8/51","114/18860",0.0701754385964912,25.9511523907809,13.9139453454098,7.12691659991298e-10,4.62643032900734e-08,1.86273497695374e-08,"ITGB3/TGFB1/IGF1/PDGFB/FN1/WNT5A/SOD2/GPX1",8
"GO:0051146","striated muscle cell differentiation","11/51","321/18860",0.0342679127725857,12.6724085272738,10.9832636353246,7.60147915128947e-10,4.75968715639502e-08,1.91638803895633e-08,"CD9/CD81/ITGB1/TGFB1/IGF1/VEGFA/BMP2/WNT3A/SHH/DKK1/GPX1",11
"GO:2001243","negative regulation of intrinsic apoptotic signaling pathway","8/51","115/18860",0.0695652173913043,25.7254901960784,13.8488169002518,7.64420421708803e-10,4.75968715639502e-08,1.91638803895633e-08,"FGF2/IL10/CXCL12/SOD2/GPX1/HSPA1A/HSPB1/ENO1",8
"GO:0007596","blood coagulation","10/51","243/18860",0.0411522633744856,15.2182683773098,11.6159988406924,8.4259143120758e-10,5.14149291322866e-08,2.07011410572473e-08,"CD9/ITGB3/PDGFB/FN1/WNT3A/SHH/HSPB1/ACTB/ANXA2/ANXA5",10
"GO:0050918","positive chemotaxis","7/51","72/18860",0.0972222222222222,35.9531590413943,15.4729802294734,8.87646411789653e-10,5.31021412229457e-08,2.13804615595155e-08,"FGF2/HGF/VEGFA/PDGFB/CCL2/CXCL12/WNT5A",7
"GO:0060326","cell chemotaxis","11/51","330/18860",0.0333333333333333,12.3267973856209,10.8090607387802,1.01712861970896e-09,5.90979071290974e-08,2.37945307387247e-08,"FGF2/HGF/VEGFA/PDGFB/IL10/CCL2/CXCL12/MMP2/WNT5A/HSPB1/ANXA1",11
"GO:0050817","coagulation","10/51","248/18860",0.0403225806451613,14.9114484503479,11.4832080767219,1.02661064498268e-09,5.90979071290974e-08,2.37945307387247e-08,"CD9/ITGB3/PDGFB/FN1/WNT3A/SHH/HSPB1/ACTB/ANXA2/ANXA5",10
"GO:0007599","hemostasis","10/51","250/18860",0.04,14.7921568627451,11.4311670329109,1.10969551077113e-09,6.2697796358569e-08,2.52439505081854e-08,"CD9/ITGB3/PDGFB/FN1/WNT3A/SHH/HSPB1/ACTB/ANXA2/ANXA5",10
"GO:0002090","regulation of receptor internalization","7/51","77/18860",0.0909090909090909,33.6185383244207,14.9344400650869,1.4343073962454e-09,7.95649430171766e-08,3.20351527544188e-08,"CD63/SDCBP/ITGB3/VEGFA/WNT3A/DKK1/ANXA2",7
"GO:0045766","positive regulation of angiogenesis","9/51","191/18860",0.0471204188481675,17.4253156760086,11.8804104691524,1.95573965001673e-09,1.0655288700359e-07,4.29012814204798e-08,"ITGA5/ITGB1/ITGB3/FGF2/VEGFA/IL10/WNT5A/HSPB1/PKM",9
"GO:0010720","positive regulation of cell development","12/51","451/18860",0.0266075388026608,9.83957219251337,9.89386509100498,2.06178732728011e-09,1.1035987957073e-07,4.44340869978927e-08,"ITGB1/TGFB1/FGF2/VEGFA/BMP2/IL10/CXCL12/FN1/WNT3A/SHH/ACTB/ANXA1",12
"GO:0043491","phosphatidylinositol 3-kinase/protein kinase B signal transduction","11/51","354/18860",0.0310734463276836,11.4910823086297,10.3759342608991,2.12441228483211e-09,1.11751411741772e-07,4.49943581923606e-08,"ITGB1/TGFB1/FGF2/HGF/IGF1/VEGFA/PDGFB/FN1/WNT5A/CAT/GPX1",11
"GO:0031099","regeneration","9/51","194/18860",0.0463917525773196,17.1558520315343,11.7778675530964,2.24337790203532e-09,1.16009253883217e-07,4.67086888791298e-08,"CD9/CD81/TGFB1/IGF1/IL10/CXCL12/MMP2/GPX1/ANXA1",9
"GO:0001837","epithelial to mesenchymal transition","9/51","195/18860",0.0461538461538462,17.0678733031674,11.7441955033335,2.34718857131932e-09,1.19354538851587e-07,4.80555975917481e-08,"SDCBP/TGFB1/TGFB3/HGF/IGF1/VEGFA/BMP2/COL1A1/WNT5A",9
"GO:0061138","morphogenesis of a branching epithelium","9/51","199/18860",0.0452261306532663,16.724800472953,11.6119669313659,2.80587914934084e-09,1.40339955485884e-07,5.65049347244308e-08,"TGFB1/FGF2/HGF/IGF1/VEGFA/BMP2/IL10/WNT5A/SHH",9
"GO:0035924","cellular response to vascular endothelial growth factor stimulus","7/51","85/18860",0.0823529411764706,30.4544405997693,14.1720225308329,2.8961018442318e-09,1.41129997593008e-07,5.68230285811522e-08,"CD63/ITGA5/ITGB1/ITGB3/VEGFA/HSPB1/ANXA1",7
"GO:0010595","positive regulation of endothelial cell migration","8/51","136/18860",0.0588235294117647,21.7531718569781,12.6478348321845,2.91418874085858e-09,1.41129997593008e-07,5.68230285811522e-08,"ITGB3/TGFB1/FGF2/VEGFA/PDGFB/WNT5A/HSPB1/ANXA1",8
"GO:0030324","lung development","9/51","203/18860",0.0443349753694581,16.3952477542741,11.4835287128672,3.34151714260525e-09,1.59296387532635e-07,6.41373438391502e-08,"TGFB1/TGFB3/FGF2/IGF1/VEGFA/BMP2/WNT5A/SHH/ANXA2",9
"GO:1901342","regulation of vasculature development","11/51","375/18860",0.0293333333333333,10.8475816993464,10.0299106470701,3.87634448622839e-09,1.81949646576659e-07,7.32582026790046e-08,"ITGA5/ITGB1/ITGB3/TGFB1/FGF2/VEGFA/IL10/CXCL12/WNT5A/HSPB1/PKM",11
"GO:0030323","respiratory tube development","9/51","207/18860",0.0434782608695652,16.078431372549,11.3586980923036,3.9649500879433e-09,1.83288829065379e-07,7.37973963736815e-08,"TGFB1/TGFB3/FGF2/IGF1/VEGFA/BMP2/WNT5A/SHH/ANXA2",9
"GO:0030879","mammary gland development","8/51","142/18860",0.0563380281690141,20.8340237503452,12.3534096926756,4.10326352158245e-09,1.86851597079822e-07,7.52318700657772e-08,"TGFB1/TGFB3/FGF2/IGF1/VEGFA/WNT3A/WNT5A/GPX1",8
"GO:0050767","regulation of neurogenesis","11/51","378/18860",0.0291005291005291,10.7614897810976,9.98272450591366,4.21147386743555e-09,1.88958923081557e-07,7.60803406083172e-08,"ITGB1/TGFB1/FGF2/VEGFA/BMP2/CXCL12/FN1/WNT3A/WNT5A/SHH/ANXA2",11
"GO:0050921","positive regulation of chemotaxis","8/51","145/18860",0.0551724137931034,20.4029749830967,12.2129048683257,4.84117415135436e-09,2.1406409182293e-07,8.61884093765147e-08,"TGFB1/FGF2/VEGFA/PDGFB/CCL2/CXCL12/WNT5A/HSPB1",8
"GO:0090287","regulation of cellular response to growth factor stimulus","11/51","385/18860",0.0285714285714286,10.5658263305322,9.8746610707014,5.09643972505055e-09,2.22131965730418e-07,8.94367693102856e-08,"CD63/SDCBP/ITGA5/ITGB1/ITGB3/FGF2/VEGFA/BMP2/WNT5A/DKK1/HSPA1A",11
"GO:0001763","morphogenesis of a branching structure","9/51","214/18860",0.0420560747663551,15.5525013743815,11.1484184352413,5.30435176209239e-09,2.24771905918665e-07,9.04996857655236e-08,"TGFB1/FGF2/HGF/IGF1/VEGFA/BMP2/IL10/WNT5A/SHH",9
"GO:0050920","regulation of chemotaxis","9/51","214/18860",0.0420560747663551,15.5525013743815,11.1484184352413,5.30435176209239e-09,2.24771905918665e-07,9.04996857655236e-08,"TGFB1/FGF2/VEGFA/PDGFB/CCL2/CXCL12/WNT3A/WNT5A/HSPB1",9
"GO:0030901","midbrain development","7/51","93/18860",0.0752688172043011,27.8347037739827,13.5083535220241,5.46836839581494e-09,2.28547835282622e-07,9.20199843967705e-08,"FGF2/WNT3A/WNT5A/SHH/DKK1/ACTB/LDHA",7
"GO:0050878","regulation of body fluid levels","11/51","389/18860",0.0282776349614396,10.4571803014265,9.81415314257961,5.67371296580423e-09,2.33925652144172e-07,9.41852493754414e-08,"CD9/ITGB3/VEGFA/PDGFB/FN1/WNT3A/SHH/HSPB1/ACTB/ANXA2/ANXA5",11
"GO:0048145","regulation of fibroblast proliferation","7/51","94/18860",0.074468085106383,27.5385899040467,13.4312823640659,5.89627199850451e-09,2.39860344899163e-07,9.65747287334001e-08,"ITGB3/TGFB1/IGF1/PDGFB/FN1/WNT5A/SOD2",7
"GO:0071675","regulation of mononuclear cell migration","8/51","150/18860",0.0533333333333333,19.7228758169935,11.9878929919442,6.32718315265448e-09,2.50810749919123e-07,1.00983679261542e-07,"CD9/CD81/ITGB3/TGFB1/CCL2/CXCL12/WNT5A/MSN",8
"GO:1904705","regulation of vascular associated smooth muscle cell proliferation","7/51","95/18860",0.0736842105263158,27.2487100103199,13.3554045638384,6.35227914964953e-09,2.50810749919123e-07,1.00983679261542e-07,"TGFB3/FGF2/IGF1/PDGFB/IL10/MMP2/SOD2",7
"GO:0016049","cell growth","12/51","499/18860",0.0240480961923848,8.89308027820347,9.30486748460453,6.41207423588711e-09,2.50810749919123e-07,1.00983679261542e-07,"TSG101/SDCBP/ITGB1/TGFB1/IGF1/VEGFA/CXCL12/FN1/WNT3A/WNT5A/HSPA1A/ENO1",12
"GO:0060324","face development","6/51","54/18860",0.111111111111111,41.0893246187364,15.3616890141425,6.75011650334018e-09,2.57432568146136e-07,1.03649815255237e-07,"TGFB1/TGFB3/MMP2/COL1A1/WNT5A/DKK1",6
"GO:2000179","positive regulation of neural precursor cell proliferation","6/51","54/18860",0.111111111111111,41.0893246187364,15.3616890141425,6.75011650334018e-09,2.57432568146136e-07,1.03649815255237e-07,"ITGB1/FGF2/IGF1/VEGFA/WNT3A/SHH",6
"GO:1990874","vascular associated smooth muscle cell proliferation","7/51","97/18860",0.0721649484536082,26.6868809379422,13.2071060652599,7.35465414723414e-09,2.77025306212486e-07,1.11538419620822e-07,"TGFB3/FGF2/IGF1/PDGFB/IL10/MMP2/SOD2",7
"GO:0060688","regulation of morphogenesis of a branching structure","6/51","55/18860",0.109090909090909,40.3422459893048,15.2147699612199,7.56115873376726e-09,2.81330430447853e-07,1.13271787449376e-07,"TGFB1/FGF2/HGF/VEGFA/WNT5A/SHH",6
"GO:0048661","positive regulation of smooth muscle cell proliferation","7/51","98/18860",0.0714285714285714,26.4145658263305,13.1346266301615,7.90420207924888e-09,2.90550849925161e-07,1.16984195643417e-07,"ITGB3/TGFB1/FGF2/IGF1/PDGFB/IL10/MMP2",7
"GO:0051781","positive regulation of cell division","7/51","99/18860",0.0707070707070707,26.147752030105,13.063222979137,8.48821726185801e-09,3.08304176975343e-07,1.24132199806871e-07,"TGFB1/TGFB3/FGF2/VEGFA/PDGFB/SHH/CAT",7
"GO:0030177","positive regulation of Wnt signaling pathway","8/51","156/18860",0.0512820512820513,18.964303670186,11.7318636033154,8.61779029039004e-09,3.09327978540941e-07,1.24544411998578e-07,"TGFB1/FGF2/BMP2/COL1A1/WNT3A/WNT5A/SHH/DKK1",8
"GO:0048146","positive regulation of fibroblast proliferation","6/51","57/18860",0.105263157894737,38.9267285861713,14.9324408683506,9.42609919136653e-09,3.3440730968441e-07,1.34642077800792e-07,"ITGB3/TGFB1/IGF1/PDGFB/FN1/WNT5A",6
"GO:0060541","respiratory system development","9/51","231/18860",0.038961038961039,14.4079449961803,10.6766499348891,1.0328301407751e-08,3.62202845920096e-07,1.45833366519606e-07,"TGFB1/TGFB3/FGF2/IGF1/VEGFA/BMP2/WNT5A/SHH/ANXA2",9
"GO:0001558","regulation of cell growth","11/51","414/18860",0.0265700483091787,9.82570806100218,9.454970782483,1.08086408057106e-08,3.74740489752536e-07,1.5088138540986e-07,"TSG101/SDCBP/TGFB1/IGF1/VEGFA/CXCL12/FN1/WNT3A/WNT5A/HSPA1A/ENO1",11
"GO:0050769","positive regulation of neurogenesis","9/51","235/18860",0.0382978723404255,14.162703379224,10.5728592344945,1.19895987231966e-08,4.1101422139857e-07,1.65486241395274e-07,"ITGB1/TGFB1/FGF2/VEGFA/BMP2/CXCL12/FN1/WNT3A/SHH",9
"GO:0003156","regulation of animal organ formation","5/51","29/18860",0.172413793103448,63.7592968221772,17.6117268568417,1.33671862857327e-08,4.48850720757087e-07,1.8072031296849e-07,"FGF2/BMP2/WNT5A/SHH/DKK1",5
"GO:0045807","positive regulation of endocytosis","8/51","165/18860",0.0484848484848485,17.9298871063577,11.373519185753,1.3387550176629e-08,4.48850720757087e-07,1.8072031296849e-07,"CD63/TSG101/VEGFA/CCL2/WNT3A/WNT5A/SOD1/ANXA2",8
"GO:0034113","heterotypic cell-cell adhesion","6/51","61/18860",0.0983606557377049,36.374156219865,14.409376797377,1.43053768258022e-08,4.74409833646984e-07,1.91011152811341e-07,"ITGA5/ITGB1/ITGAV/ITGB3/IL10/IL1RN",6
"GO:0061351","neural precursor cell proliferation","8/51","168/18860",0.0476190476190476,17.609710550887,11.2603109620346,1.54172709027814e-08,5.05785951875118e-07,2.03644087646246e-07,"ITGB1/TGFB1/FGF2/IGF1/VEGFA/WNT3A/WNT5A/SHH",8
"GO:0045599","negative regulation of fat cell differentiation","6/51","62/18860",0.0967741935483871,35.7874762808349,14.2864560807477,1.58056887859482e-08,5.13012303041787e-07,2.06553626127677e-07,"TGFB1/VEGFA/BMP2/WNT3A/WNT5A/SOD2",6
"GO:0051147","regulation of muscle cell differentiation","8/51","169/18860",0.0473372781065089,17.5055110801717,11.2232238497427,1.61504221067909e-08,5.18683556292832e-07,2.08837037103878e-07,"TGFB1/IGF1/PDGFB/BMP2/WNT3A/SHH/DKK1/SOD2",8
"GO:0070371","ERK1 and ERK2 cascade","10/51","331/18860",0.0302114803625378,11.17232391446,9.72231643674402,1.63458981668444e-08,5.19493076115023e-07,2.09162973253371e-07,"ITGAV/ITGB3/TGFB1/FGF2/IGF1/VEGFA/PDGFB/BMP2/FN1/EZR",10
"GO:0001938","positive regulation of endothelial cell proliferation","7/51","110/18860",0.0636363636363636,23.5329768270945,12.3417243328314,1.77400248340508e-08,5.57987791429783e-07,2.24662061653144e-07,"ITGB3/FGF2/VEGFA/PDGFB/IL10/CXCL12/WNT5A",7
"GO:0097193","intrinsic apoptotic signaling pathway","10/51","335/18860",0.0298507462686567,11.0389230318993,9.65365968459901,1.83156539517845e-08,5.70214900070353e-07,2.29585050072315e-07,"FGF2/IL10/CXCL12/MMP2/SOD1/SOD2/GPX1/HSPA1A/HSPB1/ENO1",10
"GO:1903672","positive regulation of sprouting angiogenesis","5/51","31/18860",0.161290322580645,59.6457938013915,17.0163203626649,1.90476969290025e-08,5.87015387175621e-07,2.36349413249823e-07,"ITGA5/FGF2/VEGFA/IL10/PKM",5
"GO:0045445","myoblast differentiation","7/51","114/18860",0.0614035087719298,22.7072583419333,12.1049962517943,2.27514954590012e-08,6.91632490684931e-07,2.78471292114515e-07,"ITGB1/TGFB1/IGF1/WNT3A/SHH/GPX1/ACTB",7
"GO:0022409","positive regulation of cell-cell adhesion","10/51","343/18860",0.0291545189504373,10.7814554393186,9.51977738163365,2.28957330577444e-08,6.91632490684931e-07,2.78471292114515e-07,"CD81/TGFB1/IGF1/IL10/CCL2/WNT3A/WNT5A/SHH/ACTB/ANXA1",10
"GO:0060325","face morphogenesis","5/51","33/18860",0.151515151515152,56.0308972073678,16.4753468793758,2.64982701325358e-08,7.9261002131732e-07,3.19127773422799e-07,"TGFB1/TGFB3/MMP2/COL1A1/DKK1",5
"GO:0007229","integrin-mediated signaling pathway","7/51","117/18860",0.0598290598290598,22.1250209485504,11.9352657011405,2.72546972390613e-08,8.07321177440543e-07,3.25050911374395e-07,"CD63/ITGA5/ITGB1/ITGAV/ITGB3/TIMP1/FN1",7
"GO:0001936","regulation of endothelial cell proliferation","8/51","181/18860",0.0441988950276243,16.3449247102156,10.801617726739,2.75940466672501e-08,8.09513811363269e-07,3.25933729359118e-07,"ITGB3/FGF2/VEGFA/PDGFB/IL10/CCL2/CXCL12/WNT5A",8
"GO:1905330","regulation of morphogenesis of an epithelium","6/51","69/18860",0.0869565217391304,32.156862745098,13.5009672968951,3.03828867673631e-08,8.82839881211664e-07,3.55456930902383e-07,"TGFB1/FGF2/HGF/VEGFA/WNT5A/SHH",6
"GO:0070482","response to oxygen levels","10/51","357/18860",0.0280112044817927,10.3586532652277,9.2958253552691,3.33894159546202e-08,9.61048189410812e-07,3.86945863148379e-07,"TGFB1/TGFB3/VEGFA/BMP2/CXCL12/MMP2/COL1A1/SOD2/CAT/ENO1",10
"GO:0001649","osteoblast differentiation","9/51","265/18860",0.0339622641509434,12.5593784683685,9.86781261848591,3.38682175962613e-08,9.65718989590591e-07,3.88826462713595e-07,"FGF2/HGF/IGF1/VEGFA/BMP2/COL1A1/WNT3A/SHH/CAT",9
"GO:0043534","blood vessel endothelial cell migration","8/51","187/18860",0.0427807486631016,15.8204886232568,10.6056634635993,3.55653673453236e-08,1.00472162750539e-06,4.04530055477511e-07,"ITGB1/TGFB1/FGF2/VEGFA/PDGFB/GPX1/HSPB1/ANXA1",8
"GO:1902176","negative regulation of oxidative stress-induced intrinsic apoptotic signaling pathway","5/51","36/18860",0.138888888888889,51.3616557734205,15.7491405445784,4.18345904579041e-08,1.17098472923913e-06,4.71472400428528e-07,"FGF2/IL10/SOD2/GPX1/HSPB1",5
"GO:0048259","regulation of receptor-mediated endocytosis","7/51","126/18860",0.0555555555555556,20.5446623093682,11.4619827582231,4.5551904590348e-08,1.25225426799389e-06,5.04193872845443e-07,"CD63/SDCBP/ITGB3/VEGFA/WNT3A/DKK1/ANXA2",7
"GO:0031589","cell-substrate adhesion","10/51","369/18860",0.02710027100271,10.0217864923747,9.11353978508827,4.55589065051859e-08,1.25225426799389e-06,5.04193872845443e-07,"CD63/ITGA5/ITGB1/ITGAV/ITGB3/VEGFA/PDGFB/FN1/COL1A1/ANXA2",10
"GO:1900746","regulation of vascular endothelial growth factor signaling pathway","5/51","37/18860",0.135135135135135,49.9735029146794,15.5267004629858,4.8272944049296e-08,1.31500671691431e-06,5.29459828059478e-07,"CD63/ITGA5/ITGB1/ITGB3/VEGFA",5
"GO:1902893","regulation of miRNA transcription","6/51","75/18860",0.08,29.5843137254902,12.915593473681,5.04111182212981e-08,1.36110019197505e-06,5.48018397431345e-07,"TGFB1/FGF2/VEGFA/PDGFB/BMP2/IL10",6
"GO:0007565","female pregnancy","8/51","197/18860",0.0406091370558376,15.0174181347666,10.2984526968347,5.32800954170024e-08,1.42594360629188e-06,5.74126235933904e-07,"ITGA5/ITGB3/TGFB1/VEGFA/MMP2/TIMP1/IDO1/SOD1",8
"GO:0007405","neuroblast proliferation","6/51","76/18860",0.0789473684210526,29.1950464396285,12.8246976657379,5.46200780730866e-08,1.43660222587058e-06,5.78417705184138e-07,"ITGB1/TGFB1/FGF2/VEGFA/WNT3A/SHH",6
"GO:0061614","miRNA transcription","6/51","76/18860",0.0789473684210526,29.1950464396285,12.8246976657379,5.46200780730866e-08,1.43660222587058e-06,5.78417705184138e-07,"TGFB1/FGF2/VEGFA/PDGFB/BMP2/IL10",6
"GO:0002696","positive regulation of leukocyte activation","10/51","381/18860",0.026246719160105,9.70613967371726,8.93944281362133,6.14926901264928e-08,1.60354015022162e-06,6.45631753284904e-07,"CD81/TGFB1/IGF1/IL10/CCL2/WNT3A/WNT5A/SHH/ACTB/ANXA1",10
"GO:1900748","positive regulation of vascular endothelial growth factor signaling pathway","4/51","15/18860",0.266666666666667,98.6143790849673,19.6935005648306,6.33210090043479e-08,1.62812390592256e-06,6.55529886046552e-07,"ITGA5/ITGB1/ITGB3/VEGFA",4
"GO:1902547","regulation of cellular response to vascular endothelial growth factor stimulus","5/51","39/18860",0.128205128205128,47.4107591754651,15.1074509820276,6.35027023286741e-08,1.62812390592256e-06,6.55529886046552e-07,"CD63/ITGA5/ITGB1/ITGB3/VEGFA",5
"GO:0002040","sprouting angiogenesis","8/51","203/18860",0.0394088669950739,14.5735535593548,10.1247017600751,6.71992987332756e-08,1.70854217029353e-06,6.87908610716953e-07,"ITGA5/ITGB1/TGFB1/FGF2/VEGFA/IL10/ANXA1/PKM",8
"GO:0001935","endothelial cell proliferation","8/51","204/18860",0.0392156862745098,14.5021145713187,10.0964609779522,6.97997315664496e-08,1.75999157858874e-06,7.0862363408479e-07,"ITGB3/FGF2/VEGFA/PDGFB/IL10/CCL2/CXCL12/WNT5A",8
"GO:0060323","head morphogenesis","5/51","40/18860",0.125,46.2254901960784,14.9095671058723,7.24270354553288e-08,1.81126955060826e-06,7.29269632237867e-07,"TGFB1/TGFB3/MMP2/COL1A1/DKK1",5
"GO:0043536","positive regulation of blood vessel endothelial cell migration","6/51","80/18860",0.075,27.7352941176471,12.4779640710418,7.44647973781992e-08,1.84709021789338e-06,7.43692071376623e-07,"TGFB1/FGF2/VEGFA/PDGFB/HSPB1/ANXA1",6
"GO:0051962","positive regulation of nervous system development","9/51","291/18860",0.0309278350515464,11.4372346876895,9.34327755632426,7.55386182256383e-08,1.85861551779373e-06,7.48332491250593e-07,"ITGB1/TGFB1/FGF2/VEGFA/BMP2/CXCL12/FN1/WNT3A/SHH",9
"GO:0055007","cardiac muscle cell differentiation","7/51","137/18860",0.0510948905109489,18.8950908830686,10.9463174393069,8.11307330371618e-08,1.98023893197105e-06,7.97301603826255e-07,"ITGB1/TGFB1/IGF1/VEGFA/BMP2/WNT3A/DKK1",7
"GO:0048839","inner ear development","8/51","210/18860",0.0380952380952381,14.0877684407096,9.93110095806392,8.72973978735339e-08,2.11384413422343e-06,8.5109493164924e-07,"TGFB1/FGF2/IGF1/BMP2/WNT3A/WNT5A/SHH/SOD1",8
"GO:0019058","viral life cycle","9/51","298/18860",0.0302013422818792,11.1685748124753,9.21334642580213,9.25159338379227e-08,2.2225678278701e-06,8.94870242758854e-07,"CD81/TSG101/PDCD6IP/ITGA5/ITGB1/ITGAV/ITGB3/CCL2/HSPA1A",9
"GO:0050867","positive regulation of cell activation","10/51","401/18860",0.0249376558603491,9.22204293188597,8.66581486556575,9.91338143605678e-08,2.34462998150459e-06,9.44016004559629e-07,"CD81/TGFB1/IGF1/IL10/CCL2/WNT3A/WNT5A/SHH/ACTB/ANXA1",10
"GO:1903037","regulation of leukocyte cell-cell adhesion","10/51","401/18860",0.0249376558603491,9.22204293188597,8.66581486556575,9.91338143605678e-08,2.34462998150459e-06,9.44016004559629e-07,"CD81/TGFB1/IGF1/IL10/CCL2/CXCL12/SHH/IDO1/ACTB/ANXA1",10
"GO:0007498","mesoderm development","7/51","142/18860",0.0492957746478873,18.2297707815521,10.7313785671805,1.03784481190839e-07,2.41714848941413e-06,9.73214058253994e-07,"ITGB1/ITGB3/VEGFA/WNT3A/WNT5A/SHH/DKK1",7
"GO:0032388","positive regulation of intracellular transport","7/51","142/18860",0.0492957746478873,18.2297707815521,10.7313785671805,1.03784481190839e-07,2.41714848941413e-06,9.73214058253994e-07,"CD81/TGFB1/SHH/HSP90AA1/MSN/EZR/ANXA2",7
"GO:0050863","regulation of T cell activation","10/51","404/18860",0.0247524752475248,9.15356241506504,8.62642512135262,1.06254936105681e-07,2.44531109284136e-06,9.84553138865898e-07,"CD81/TGFB1/IGF1/IL10/CCL2/SHH/IDO1/SOD1/ACTB/ANXA1",10
"GO:0070372","regulation of ERK1 and ERK2 cascade","9/51","303/18860",0.0297029702970297,10.984274898078,9.12316491442297,1.06596648753819e-07,2.44531109284136e-06,9.84553138865898e-07,"ITGB3/TGFB1/FGF2/IGF1/VEGFA/PDGFB/BMP2/FN1/EZR",9
"GO:0048841","regulation of axon extension involved in axon guidance","4/51","17/18860",0.235294117647059,87.0126874279124,18.4745351197817,1.09966187799186e-07,2.50378238041281e-06,1.00809537440417e-06,"VEGFA/CXCL12/WNT3A/WNT5A",4
"GO:0044703","multi-organism reproductive process","8/51","217/18860",0.0368663594470046,13.6333242974609,9.74655587470856,1.12367533459466e-07,2.53950625618393e-06,1.02247884247327e-06,"ITGA5/ITGB3/TGFB1/VEGFA/MMP2/TIMP1/IDO1/SOD1",8
"GO:0071542","dopaminergic neuron differentiation","5/51","44/18860",0.113636363636364,42.0231729055258,14.1857890908399,1.18568385114657e-07,2.65397854452578e-06,1.06856870446673e-06,"VEGFA/WNT3A/WNT5A/SHH/DKK1",5
"GO:0061448","connective tissue development","9/51","307/18860",0.0293159609120521,10.8411573098295,9.05252753631036,1.19172422353337e-07,2.65397854452578e-06,1.06856870446673e-06,"ITGB3/TGFB1/FGF2/IGF1/PDGFB/BMP2/TIMP1/COL1A1/WNT5A",9
"GO:1903532","positive regulation of secretion by cell","9/51","310/18860",0.0290322580645161,10.7362428842505,9.0004009010509,1.29434948928439e-07,2.86163789261354e-06,1.15217837833325e-06,"TSG101/SDCBP/PDCD6IP/TGFB1/TGFB3/IGF1/BMP2/CXCL12/ANXA2",9
"GO:0043403","skeletal muscle tissue regeneration","5/51","45/18860",0.111111111111111,41.0893246187364,14.0198849724526,1.33118386364005e-07,2.90102997711843e-06,1.16803877358492e-06,"CD9/CD81/IGF1/GPX1/ANXA1",5
"GO:2000573","positive regulation of DNA biosynthetic process","5/51","45/18860",0.111111111111111,41.0893246187364,14.0198849724526,1.33118386364005e-07,2.90102997711843e-06,1.16803877358492e-06,"FGF2/HGF/VEGFA/PDGFB/HSP90AA1",5
"GO:0046651","lymphocyte proliferation","9/51","312/18860",0.0288461538461538,10.6674208144796,8.96604557218759,1.36697135957271e-07,2.95789334613925e-06,1.19093361449896e-06,"CD81/TGFB1/IGF1/IL10/WNT3A/SHH/IDO1/MSN/ANXA1",9
"GO:2000628","regulation of miRNA metabolic process","6/51","89/18860",0.0674157303370786,24.9306014540648,11.7832875921595,1.41369622861535e-07,3.03745577007425e-06,1.22296775299786e-06,"TGFB1/FGF2/VEGFA/PDGFB/BMP2/IL10",6
"GO:0042098","T cell proliferation","8/51","224/18860",0.0357142857142857,13.2072829131653,9.5703590875126,1.4339742956408e-07,3.05947942377628e-06,1.23183511447392e-06,"CD81/TGFB1/IGF1/IL10/SHH/IDO1/MSN/ANXA1",8
"GO:0007492","endoderm development","6/51","90/18860",0.0666666666666667,24.6535947712418,11.712452315752,1.51157510859182e-07,3.20264976132892e-06,1.28947964307504e-06,"ITGA5/ITGAV/TGFB1/MMP2/FN1/DKK1",6
"GO:0001666","response to hypoxia","9/51","317/18860",0.028391167192429,10.4991649656708,8.88150627294222,1.56427132892333e-07,3.2914426376173e-06,1.32523022929476e-06,"TGFB1/TGFB3/VEGFA/BMP2/CXCL12/MMP2/SOD2/CAT/ENO1",9
"GO:0044706","multi-multicellular organism process","8/51","227/18860",0.0352422907488987,13.0327373240045,9.49724272963194,1.58796679457647e-07,3.31841554126905e-06,1.33609030228604e-06,"ITGA5/ITGB3/TGFB1/VEGFA/MMP2/TIMP1/IDO1/SOD1",8
"GO:0032943","mononuclear cell proliferation","9/51","319/18860",0.0282131661442006,10.4333394799926,8.84821757868172,1.64987806904589e-07,3.42433876779524e-06,1.37873806414361e-06,"CD81/TGFB1/IGF1/IL10/WNT3A/SHH/IDO1/MSN/ANXA1",9
"GO:1902692","regulation of neuroblast proliferation","5/51","47/18860",0.106382978723404,39.3408427200667,13.7038665451452,1.66453855460554e-07,3.43142373655508e-06,1.38159067796918e-06,"ITGB1/TGFB1/FGF2/VEGFA/SHH",5
"GO:0055093","response to hyperoxia","4/51","19/18860",0.210526315789474,77.8534571723426,17.4521846503916,1.78374659050553e-07,3.65249050176668e-06,1.47059856666898e-06,"MMP2/COL1A1/SOD2/CAT",4
"GO:0001822","kidney development","9/51","323/18860",0.0278637770897833,10.3041340375159,8.78251822304137,1.83341292073191e-07,3.72916188076871e-06,1.50146868666256e-06,"ITGB3/TGFB1/FGF2/VEGFA/PDGFB/BMP2/WNT5A/SHH/CAT",9
"GO:0014706","striated muscle tissue development","10/51","430/18860",0.0232558139534884,8.60009119927041,8.30141124543048,1.8947749573007e-07,3.82844926802943e-06,1.54144466724986e-06,"ITGB1/TGFB1/FGF2/IGF1/VEGFA/BMP2/WNT3A/SHH/DKK1/GPX1",10
"GO:0042325","regulation of phosphorylation","10/51","431/18860",0.0232018561484919,8.58013739138347,8.28946290642537,1.93589580202938e-07,3.88580137631029e-06,1.5645362887592e-06,"TSG101/SDCBP/FGF2/IGF1/VEGFA/PDGFB/BMP2/FN1/WNT5A/HSPB1",10
"GO:0050866","negative regulation of cell activation","8/51","235/18860",0.0340425531914894,12.5890696704214,9.30884779167135,2.06993638662341e-07,4.12769667685492e-06,1.6619303496316e-06,"CD9/TGFB1/PDGFB/IL10/FN1/SHH/IDO1/ANXA1",8
"GO:0007163","establishment or maintenance of cell polarity","8/51","236/18860",0.0338983050847458,12.5357261548687,9.28594320128114,2.13820088812158e-07,4.23613695432399e-06,1.70559154917149e-06,"PDCD6IP/ITGB1/IGF1/WNT5A/SHH/ACTB/MSN/EZR",8
"GO:0036293","response to decreased oxygen levels","9/51","330/18860",0.0272727272727273,10.0855614973262,8.67026951459308,2.19762773402488e-07,4.29159032709875e-06,1.72791868471916e-06,"TGFB1/TGFB3/VEGFA/BMP2/CXCL12/MMP2/SOD2/CAT/ENO1",9
"GO:0030595","leukocyte chemotaxis","8/51","237/18860",0.0337552742616034,12.4828327955655,9.26317689034389,2.20838964717962e-07,4.29159032709875e-06,1.72791868471916e-06,"VEGFA/PDGFB/IL10/CCL2/CXCL12/MMP2/WNT5A/ANXA1",8
"GO:0097529","myeloid leukocyte migration","8/51","237/18860",0.0337552742616034,12.4828327955655,9.26317689034389,2.20838964717962e-07,4.29159032709875e-06,1.72791868471916e-06,"CD9/CD81/VEGFA/PDGFB/CCL2/CXCL12/MMP2/ANXA1",8
"GO:0051047","positive regulation of secretion","9/51","331/18860",0.027190332326284,10.055091523014,8.6545086344799,2.25448338238267e-07,4.35343594914527e-06,1.75281952514362e-06,"TSG101/SDCBP/PDCD6IP/TGFB1/TGFB3/IGF1/BMP2/CXCL12/ANXA2",9
"GO:0043583","ear development","8/51","238/18860",0.0336134453781513,12.4303839182732,9.24054741815146,2.28054758954676e-07,4.37606961994161e-06,1.76193249718707e-06,"TGFB1/FGF2/IGF1/BMP2/WNT3A/WNT5A/SHH/SOD1",8
"GO:0048638","regulation of developmental growth","9/51","332/18860",0.0271084337349398,10.024805102764,8.63881488032735,2.31261515253964e-07,4.40986801899902e-06,1.77554071250905e-06,"FGF2/IGF1/VEGFA/CXCL12/FN1/WNT3A/WNT5A/SOD1/EZR",9
"GO:0072006","nephron development","7/51","160/18860",0.04375,16.1789215686275,10.0401839570635,2.34629817887853e-07,4.43472354707912e-06,1.7855482687096e-06,"ITGB3/TGFB1/FGF2/VEGFA/PDGFB/BMP2/SHH",7
"GO:0010594","regulation of endothelial cell migration","8/51","239/18860",0.0334728033472803,12.3783739437197,9.2180533650299,2.35472046747564e-07,4.43472354707912e-06,1.7855482687096e-06,"ITGB3/TGFB1/FGF2/VEGFA/PDGFB/WNT5A/HSPB1/ANXA1",8
"GO:0072001","renal system development","9/51","334/18860",0.0269461077844311,9.96477632969355,8.60762676012883,2.43280423647344e-07,4.55367222422115e-06,1.8334404546106e-06,"ITGB3/TGFB1/FGF2/VEGFA/PDGFB/BMP2/WNT5A/SHH/CAT",9
"GO:0009410","response to xenobiotic stimulus","10/51","443/18860",0.0225733634311512,8.34771831983358,8.14904062917743,2.49425539866781e-07,4.56459317296976e-06,1.83783754518992e-06,"ITGB3/TGFB1/IL10/MMP2/COL1A1/SOD1/SOD2/CAT/GPX1/HSP90AA1",10
"GO:0046034","ATP metabolic process","8/51","241/18860",0.033195020746888,12.2756488487511,9.17346594012025,2.50929823714151e-07,4.56459317296976e-06,1.83783754518992e-06,"TGFB1/IGF1/HSPA8/HSPA1A/PKM/LDHA/ENO1/GAPDH",8
"GO:0001657","ureteric bud development","6/51","98/18860",0.0612244897959184,22.641056422569,11.1844206954033,2.51399598881737e-07,4.56459317296976e-06,1.83783754518992e-06,"TGFB1/FGF2/VEGFA/BMP2/SHH/CAT",6
"GO:0051153","regulation of striated muscle cell differentiation","6/51","98/18860",0.0612244897959184,22.641056422569,11.1844206954033,2.51399598881737e-07,4.56459317296976e-06,1.83783754518992e-06,"TGFB1/IGF1/BMP2/WNT3A/SHH/DKK1",6
"GO:0010171","body morphogenesis","5/51","51/18860",0.0980392156862745,36.2552864282968,13.1276819797974,2.52840460908518e-07,4.56459317296976e-06,1.83783754518992e-06,"TGFB1/TGFB3/MMP2/COL1A1/DKK1",5
"GO:0035272","exocrine system development","5/51","51/18860",0.0980392156862745,36.2552864282968,13.1276819797974,2.52840460908518e-07,4.56459317296976e-06,1.83783754518992e-06,"TGFB1/TGFB3/HGF/IGF1/SHH",5
"GO:0072163","mesonephric epithelium development","6/51","99/18860",0.0606060606060606,22.4123588829471,11.1228398571129,2.6707130092173e-07,4.76511426381402e-06,1.91857314974244e-06,"TGFB1/FGF2/VEGFA/BMP2/SHH/CAT",6
"GO:0072164","mesonephric tubule development","6/51","99/18860",0.0606060606060606,22.4123588829471,11.1228398571129,2.6707130092173e-07,4.76511426381402e-06,1.91857314974244e-06,"TGFB1/FGF2/VEGFA/BMP2/SHH/CAT",6
"GO:0048846","axon extension involved in axon guidance","4/51","21/18860",0.19047619047619,70.4388422035481,16.5784819339364,2.74334770423315e-07,4.83812361018228e-06,1.94796882923035e-06,"VEGFA/CXCL12/WNT3A/WNT5A",4
"GO:1902284","neuron projection extension involved in neuron projection guidance","4/51","21/18860",0.19047619047619,70.4388422035481,16.5784819339364,2.74334770423315e-07,4.83812361018228e-06,1.94796882923035e-06,"VEGFA/CXCL12/WNT3A/WNT5A",4
"GO:0021953","central nervous system neuron differentiation","8/51","245/18860",0.0326530612244898,12.0752300920368,9.08585589795277,2.84474041604239e-07,4.98810517778467e-06,2.00835575651631e-06,"ITGB1/FGF2/BMP2/WNT3A/WNT5A/SHH/DKK1/TUBA1A",8
"GO:0007160","cell-matrix adhesion","8/51","246/18860",0.032520325203252,12.0261437908497,9.06427171382512,2.93437064568645e-07,5.08679820453941e-06,2.04809243033259e-06,"CD63/ITGA5/ITGB1/ITGAV/ITGB3/VEGFA/FN1/ANXA2",8
"GO:0060560","developmental growth involved in morphogenesis","8/51","246/18860",0.032520325203252,12.0261437908497,9.06427171382512,2.93437064568645e-07,5.08679820453941e-06,2.04809243033259e-06,"ITGB1/TGFB1/VEGFA/CXCL12/FN1/WNT3A/WNT5A/SHH",8
"GO:0048754","branching morphogenesis of an epithelial tube","7/51","166/18860",0.0421686746987952,15.5941412709662,9.83429056426346,3.01355302029639e-07,5.18541771247789e-06,2.08779950334203e-06,"TGFB1/FGF2/IGF1/VEGFA/BMP2/WNT5A/SHH",7
"GO:0048545","response to steroid hormone","9/51","343/18860",0.0262390670553936,9.70330989538673,8.47047489010723,3.04348218418698e-07,5.18541771247789e-06,2.08779950334203e-06,"TGFB1/TGFB3/IGF1/IL10/IL1RN/COL1A1/HSPA8/HSPA1A/ANXA1",9
"GO:0060537","muscle tissue development","10/51","453/18860",0.022075055187638,8.1634419772324,8.0360181219622,3.06309667230616e-07,5.18541771247789e-06,2.08779950334203e-06,"ITGB1/TGFB1/FGF2/IGF1/VEGFA/BMP2/WNT3A/SHH/DKK1/GPX1",10
"GO:0035987","endodermal cell differentiation","5/51","53/18860",0.0943396226415094,34.8871624121347,12.8639677230951,3.07623928534414e-07,5.18541771247789e-06,2.08779950334203e-06,"ITGA5/ITGAV/MMP2/FN1/DKK1",5
"GO:1904707","positive regulation of vascular associated smooth muscle cell proliferation","5/51","53/18860",0.0943396226415094,34.8871624121347,12.8639677230951,3.07623928534414e-07,5.18541771247789e-06,2.08779950334203e-06,"FGF2/IGF1/PDGFB/IL10/MMP2",5
"GO:0051251","positive regulation of lymphocyte activation","9/51","346/18860",0.0260115606936416,9.61917715062904,8.42588042661371,3.27470250727691e-07,5.4896249174186e-06,2.21028214343097e-06,"CD81/TGFB1/IGF1/IL10/CCL2/WNT3A/SHH/ACTB/ANXA1",9
"GO:0072111","cell proliferation involved in kidney development","4/51","22/18860",0.181818181818182,67.2370766488414,16.1866384383416,3.34629896990431e-07,5.54450012316105e-06,2.23237649216959e-06,"ITGB3/PDGFB/BMP2/SHH",4
"GO:2000725","regulation of cardiac muscle cell differentiation","4/51","22/18860",0.181818181818182,67.2370766488414,16.1866384383416,3.34629896990431e-07,5.54450012316105e-06,2.23237649216959e-06,"TGFB1/BMP2/WNT3A/DKK1",4
"GO:0001823","mesonephros development","6/51","103/18860",0.058252427184466,21.5419760137065,10.8853076008749,3.38012790202542e-07,5.54450012316105e-06,2.23237649216959e-06,"TGFB1/FGF2/VEGFA/BMP2/SHH/CAT",6
"GO:0042542","response to hydrogen peroxide","6/51","103/18860",0.058252427184466,21.5419760137065,10.8853076008749,3.38012790202542e-07,5.54450012316105e-06,2.23237649216959e-06,"MMP2/COL1A1/SOD1/SOD2/CAT/GPX1",6
"GO:0050727","regulation of inflammatory response","10/51","460/18860",0.0217391304347826,8.03921568627451,7.95895120086402,3.52632436382583e-07,5.75337734440246e-06,2.31647651707556e-06,"CD81/TGFB1/HGF/IGF1/IL10/WNT5A/IDO1/SOD1/GPX1/ANXA1",10
"GO:0050670","regulation of lymphocyte proliferation","8/51","254/18860",0.031496062992126,11.6473676084607,8.8959874949765,3.742875700263e-07,6.07420944760766e-06,2.44565282318416e-06,"CD81/TGFB1/IGF1/IL10/WNT3A/SHH/IDO1/ANXA1",8
"GO:0035051","cardiocyte differentiation","7/51","172/18860",0.0406976744186047,15.0501595987232,9.63885913310564,3.83398363172589e-07,6.18914500550037e-06,2.49192921092961e-06,"ITGB1/TGFB1/IGF1/VEGFA/BMP2/WNT3A/DKK1",7
"GO:0048738","cardiac muscle tissue development","8/51","255/18860",0.0313725490196078,11.601691657055,8.87548280677193,3.85622754401406e-07,6.19228959830889e-06,2.49319531516034e-06,"ITGB1/TGFB1/FGF2/IGF1/VEGFA/BMP2/WNT3A/DKK1",8
"GO:2000047","regulation of cell-cell adhesion mediated by cadherin","4/51","23/18860",0.173913043478261,64.3137254901961,15.8204008451326,4.04271120254435e-07,6.45775491045173e-06,2.6000793460288e-06,"TGFB1/VEGFA/WNT3A/WNT5A",4
"GO:1902895","positive regulation of miRNA transcription","5/51","56/18860",0.0892857142857143,33.0182072829132,12.4947470709728,4.06985146584342e-07,6.46724834494181e-06,2.60390167798206e-06,"TGFB1/FGF2/PDGFB/BMP2/IL10",5
"GO:0048639","positive regulation of developmental growth","7/51","174/18860",0.0402298850574713,14.877169258508,9.57588456992385,4.14611691856625e-07,6.54140356919672e-06,2.6337587211277e-06,"FGF2/IGF1/VEGFA/CXCL12/FN1/WNT3A/EZR",7
"GO:0070661","leukocyte proliferation","9/51","356/18860",0.0252808988764045,9.34897554527429,8.28107929384371,4.15939787749644e-07,6.54140356919672e-06,2.6337587211277e-06,"CD81/TGFB1/IGF1/IL10/WNT3A/SHH/IDO1/MSN/ANXA1",9
"GO:0032944","regulation of mononuclear cell proliferation","8/51","258/18860",0.0310077519379845,11.4667882656939,8.81464927498852,4.21411486076587e-07,6.5934689436906e-06,2.65472175034482e-06,"CD81/TGFB1/IGF1/IL10/WNT3A/SHH/IDO1/ANXA1",8
"GO:0042063","gliogenesis","9/51","357/18860",0.0252100840336134,9.32278793870489,8.26691415468941,4.2583333184779e-07,6.62866069116126e-06,2.66889096813304e-06,"CD9/TGFB1/FGF2/IGF1/BMP2/CCL2/SHH/SOD1/TUBA1A",9
"GO:0010586","miRNA metabolic process","6/51","108/18860",0.0555555555555556,20.5446623093682,10.6066397089443,4.47752774778311e-07,6.93448586725191e-06,2.79202505031413e-06,"TGFB1/FGF2/VEGFA/PDGFB/BMP2/IL10",6
"GO:0038084","vascular endothelial growth factor signaling pathway","5/51","58/18860",0.0862068965517241,31.8796484110886,12.2643880864132,4.86223276592782e-07,7.43515703105774e-06,2.99360977599903e-06,"CD63/ITGA5/ITGB1/ITGB3/VEGFA",5
"GO:0010001","glial cell differentiation","8/51","263/18860",0.0304182509505703,11.2487884887795,8.71546421768259,4.87391480239773e-07,7.43515703105774e-06,2.99360977599903e-06,"CD9/TGFB1/FGF2/IGF1/BMP2/SHH/SOD1/TUBA1A",8
"GO:0045927","positive regulation of growth","8/51","263/18860",0.0304182509505703,11.2487884887795,8.71546421768259,4.87391480239773e-07,7.43515703105774e-06,2.99360977599903e-06,"SDCBP/FGF2/IGF1/VEGFA/CXCL12/FN1/WNT3A/EZR",8
"GO:0009205","purine ribonucleoside triphosphate metabolic process","8/51","264/18860",0.0303030303030303,11.2061794414736,8.69594850746826,5.01597958758571e-07,7.54686054688805e-06,3.03858484990887e-06,"TGFB1/IGF1/HSPA8/HSPA1A/PKM/LDHA/ENO1/GAPDH",8
"GO:0043523","regulation of neuron apoptotic process","8/51","264/18860",0.0303030303030303,11.2061794414736,8.69594850746826,5.01597958758571e-07,7.54686054688805e-06,3.03858484990887e-06,"TGFB3/FGF2/IL10/CCL2/MMP2/DKK1/SOD1/SOD2",8
"GO:1903034","regulation of response to wounding","7/51","179/18860",0.0391061452513966,14.4616058713988,9.42290671038238,5.0213460865889e-07,7.54686054688805e-06,3.03858484990887e-06,"CD9/ITGB1/FGF2/PDGFB/IL10/ANXA1/ANXA2",7
"GO:0045765","regulation of angiogenesis","9/51","365/18860",0.0246575342465753,9.11845286059629,8.15556592752807,5.12622458987121e-07,7.66672118808679e-06,3.08684421897817e-06,"ITGA5/ITGB1/ITGB3/FGF2/VEGFA/IL10/WNT5A/HSPB1/PKM",9
"GO:0008361","regulation of cell size","7/51","182/18860",0.0384615384615385,14.2232277526395,9.33403772214548,5.61745667760967e-07,8.36041966994493e-06,3.36614733903491e-06,"VEGFA/CXCL12/FN1/WNT3A/WNT5A/HSP90AA1/MSN",7
"GO:0061450","trophoblast cell migration","4/51","25/18860",0.16,59.1686274509804,15.1543590754045,5.75230980924983e-07,8.51956176117536e-06,3.43022255870953e-06,"ITGB3/VEGFA/MMP2/TIMP1",4
"GO:0032355","response to estradiol","6/51","113/18860",0.0530973451327434,19.6356064549714,10.346141829407,5.85166302582506e-07,8.58337687105398e-06,3.45591637203332e-06,"TGFB1/IL10/MMP2/COL1A1/CAT/GPX1",6
"GO:0048675","axon extension","6/51","113/18860",0.0530973451327434,19.6356064549714,10.346141829407,5.85166302582506e-07,8.58337687105398e-06,3.45591637203332e-06,"ITGB1/VEGFA/CXCL12/FN1/WNT3A/WNT5A",6
"GO:0009144","purine nucleoside triphosphate metabolic process","8/51","271/18860",0.029520295202952,10.9167209319152,8.56221814953274,6.11346953229821e-07,8.92449547513963e-06,3.59326061152959e-06,"TGFB1/IGF1/HSPA8/HSPA1A/PKM/LDHA/ENO1/GAPDH",8
"GO:0051701","biological process involved in interaction with host","7/51","185/18860",0.0378378378378378,13.9925808161102,9.24724897715919,6.27198267880546e-07,9.07265800781203e-06,3.65291514261645e-06,"CD81/TSG101/ITGA5/ITGB1/ITGAV/ITGB3/HSPA1A",7
"GO:0001658","branching involved in ureteric bud morphogenesis","5/51","61/18860",0.0819672131147541,30.3117968498875,11.9399236774166,6.27443736364581e-07,9.07265800781203e-06,3.65291514261645e-06,"TGFB1/FGF2/VEGFA/BMP2/SHH",5
"GO:0001706","endoderm formation","5/51","62/18860",0.0806451612903226,29.8228969006958,11.8369337104964,6.81096196678497e-07,9.80200233993441e-06,3.94657031541115e-06,"ITGA5/ITGAV/MMP2/FN1/DKK1",5
"GO:0010718","positive regulation of epithelial to mesenchymal transition","5/51","63/18860",0.0793650793650794,29.3495175848117,11.7363551244095,7.38308480835657e-07,1.05649354016455e-05,4.25374928452115e-06,"SDCBP/TGFB1/TGFB3/BMP2/COL1A1",5
"GO:0060828","regulation of canonical Wnt signaling pathway","8/51","278/18860",0.0287769784172662,10.6418394696008,8.43330158805134,7.41034472616238e-07,1.05649354016455e-05,4.25374928452115e-06,"TGFB1/FGF2/BMP2/COL1A1/WNT3A/WNT5A/SHH/DKK1",8
"GO:0051302","regulation of cell division","7/51","190/18860",0.0368421052631579,13.62435500516,9.10700144041579,7.5051011029654e-07,1.06502620768128e-05,4.28810427767962e-06,"TGFB1/TGFB3/FGF2/VEGFA/PDGFB/SHH/CAT",7
"GO:0035313","wound healing, spreading of epidermal cells","4/51","27/18860",0.148148148148148,54.7857661583152,14.5630068344508,7.94870891465263e-07,1.11758114740116e-05,4.4997057013823e-06,"ITGA5/ITGB1/ITGAV/ITGB3",4
"GO:0036296","response to increased oxygen levels","4/51","27/18860",0.148148148148148,54.7857661583152,14.5630068344508,7.94870891465263e-07,1.11758114740116e-05,4.4997057013823e-06,"MMP2/COL1A1/SOD2/CAT",4
"GO:0042129","regulation of T cell proliferation","7/51","192/18860",0.0364583333333333,13.4824346405229,9.0523759896973,8.05233270738285e-07,1.12695720597363e-05,4.53745643144171e-06,"CD81/TGFB1/IGF1/IL10/SHH/IDO1/ANXA1",7
"GO:0001932","regulation of protein phosphorylation","9/51","387/18860",0.0232558139534884,8.60009119927041,7.86623897769077,8.34964964440073e-07,1.1632320121035e-05,4.68350931747929e-06,"TSG101/FGF2/IGF1/VEGFA/PDGFB/BMP2/FN1/WNT5A/HSPB1",9
"GO:0002011","morphogenesis of an epithelial sheet","5/51","65/18860",0.0769230769230769,28.446455505279,11.5420604637359,8.64095327941244e-07,1.19292074459219e-05,4.8030447616453e-06,"ITGA5/ITGB1/ITGAV/ITGB3/WNT5A",5
"GO:2000630","positive regulation of miRNA metabolic process","5/51","65/18860",0.0769230769230769,28.446455505279,11.5420604637359,8.64095327941244e-07,1.19292074459219e-05,4.8030447616453e-06,"TGFB1/FGF2/PDGFB/BMP2/IL10",5
"GO:0070663","regulation of leukocyte proliferation","8/51","284/18860",0.028169014084507,10.4170118751726,8.32640923033146,8.70260095486307e-07,1.19601961771564e-05,4.81552172324571e-06,"CD81/TGFB1/IGF1/IL10/WNT3A/SHH/IDO1/ANXA1",8
"GO:0060740","prostate gland epithelium morphogenesis","4/51","28/18860",0.142857142857143,52.8291316526611,14.2911208155234,9.25501868591215e-07,1.26623596460619e-05,5.09823309249917e-06,"IGF1/MMP2/WNT5A/SHH",4
"GO:0009141","nucleoside triphosphate metabolic process","8/51","287/18860",0.0278745644599303,10.3081232492997,8.27415418001977,9.41788890295743e-07,1.28276692155907e-05,5.16479151774028e-06,"TGFB1/IGF1/HSPA8/HSPA1A/PKM/LDHA/ENO1/GAPDH",8
"GO:0060675","ureteric bud morphogenesis","5/51","67/18860",0.0746268656716418,27.5973075797483,11.3563451958228,1.00621932561196e-06,1.35815493800779e-05,5.46832552797217e-06,"TGFB1/FGF2/VEGFA/BMP2/SHH",5
"GO:1903670","regulation of sprouting angiogenesis","5/51","67/18860",0.0746268656716418,27.5973075797483,11.3563451958228,1.00621932561196e-06,1.35815493800779e-05,5.46832552797217e-06,"ITGA5/FGF2/VEGFA/IL10/PKM",5
"GO:0016032","viral process","9/51","396/18860",0.0227272727272727,8.40463458110517,7.75443023813526,1.01049220231979e-06,1.35815493800779e-05,5.46832552797217e-06,"CD81/TSG101/PDCD6IP/ITGA5/ITGB1/ITGAV/ITGB3/CCL2/HSPA1A",9
"GO:0045664","regulation of neuron differentiation","7/51","199/18860",0.0351758793969849,13.0081781456301,8.86743000477779,1.02391431644877e-06,1.37015902609e-05,5.51665746673923e-06,"ITGB1/FGF2/BMP2/CXCL12/WNT3A/SHH/DKK1",7
"GO:0030162","regulation of proteolysis","9/51","398/18860",0.0226130653266332,8.3624002364765,7.7300650885188,1.05357117102402e-06,1.40368805362196e-05,5.65165505210311e-06,"IL10/TIMP1/TIMP2/SHH/GPX1/HSPA1A/ANXA2/ENO1/GAPDH",9
"GO:0002052","positive regulation of neuroblast proliferation","4/51","29/18860",0.137931034482759,51.0074374577417,14.0332568067449,1.07144341776009e-06,1.4151402024182e-05,5.69776472329016e-06,"ITGB1/FGF2/VEGFA/SHH",4
"GO:0042026","protein refolding","4/51","29/18860",0.137931034482759,51.0074374577417,14.0332568067449,1.07144341776009e-06,1.4151402024182e-05,5.69776472329016e-06,"HSPA8/HSP90AA1/HSPA1A/HSPB1",4
"GO:0072171","mesonephric tubule morphogenesis","5/51","68/18860",0.0735294117647059,27.1914648212226,11.266507434762,1.08387182957027e-06,1.42538489311159e-05,5.73901281809667e-06,"TGFB1/FGF2/VEGFA/BMP2/SHH",5
"GO:0070374","positive regulation of ERK1 and ERK2 cascade","7/51","201/18860",0.0348258706467662,12.8787435372159,8.8162910181764,1.09483976543382e-06,1.43362923791356e-05,5.77220694041686e-06,"ITGB3/TGFB1/FGF2/IGF1/VEGFA/PDGFB/BMP2",7
"GO:0048645","animal organ formation","5/51","69/18860",0.072463768115942,26.797385620915,11.1785856767034,1.16617565322675e-06,1.52051364016872e-05,6.12202873286375e-06,"FGF2/BMP2/WNT5A/SHH/DKK1",5
"GO:0001818","negative regulation of cytokine production","9/51","405/18860",0.0222222222222222,8.21786492374728,7.64611458816745,1.21712383785844e-06,1.57479390498236e-05,6.34057681558906e-06,"TGFB1/TGFB3/HGF/IGF1/IL10/FN1/IDO1/EZR/ANXA1",9
"GO:0010717","regulation of epithelial to mesenchymal transition","6/51","128/18860",0.046875,17.3345588235294,9.65565821682429,1.21812966757075e-06,1.57479390498236e-05,6.34057681558906e-06,"SDCBP/TGFB1/TGFB3/VEGFA/BMP2/COL1A1",6
"GO:0060512","prostate gland morphogenesis","4/51","30/18860",0.133333333333333,49.3071895424837,13.788239038096,1.23381809398558e-06,1.58834557162447e-05,6.39513975430234e-06,"IGF1/MMP2/WNT5A/SHH",4
"GO:0000302","response to reactive oxygen species","7/51","205/18860",0.0341463414634146,12.6274509803922,8.71616385986094,1.24910700461111e-06,1.6012712063313e-05,6.44718210694897e-06,"HGF/MMP2/COL1A1/SOD1/SOD2/CAT/GPX1",7
"GO:0007566","embryo implantation","5/51","71/18860",0.0704225352112676,26.0425296879315,11.0082200798694,1.34554106146745e-06,1.71767605796535e-05,6.91586178697431e-06,"ITGB3/VEGFA/MMP2/TIMP1/SOD1",5
"GO:0003401","axis elongation","4/51","31/18860",0.129032258064516,47.7166350411132,13.5550254604349,1.4137840787347e-06,1.79727301009149e-05,7.23634219247105e-06,"TGFB1/WNT3A/WNT5A/SHH",4
"GO:2000401","regulation of lymphocyte migration","5/51","72/18860",0.0694444444444444,25.6808278867102,10.9256494237286,1.44301755161991e-06,1.82682429460263e-05,7.35532423123142e-06,"ITGB3/CCL2/CXCL12/WNT5A/MSN",5
"GO:0046718","symbiont entry into host cell","6/51","136/18860",0.0441176470588235,16.3148788927336,9.33351586182106,1.73631974088225e-06,2.18905435100485e-05,8.81376745371719e-06,"CD81/ITGA5/ITGB1/ITGAV/ITGB3/HSPA1A",6
"GO:0040013","negative regulation of locomotion","9/51","424/18860",0.0212264150943396,7.8496115427303,7.42808878417531,1.77642256817884e-06,2.23039722449121e-05,8.98022584823353e-06,"CD63/TGFB1/FGF2/CCL2/CXCL12/TIMP1/WNT3A/WNT5A/SHH",9
"GO:0014902","myotube differentiation","6/51","137/18860",0.0437956204379562,16.1957921854873,9.2951729662052,1.81212992444767e-06,2.26206134859431e-05,9.10771479173199e-06,"CD9/CD81/ITGB1/IGF1/SHH/GPX1",6
"GO:0007435","salivary gland morphogenesis","4/51","33/18860",0.121212121212121,44.8247177658942,13.1204007879992,1.83129843691509e-06,2.26206134859431e-05,9.10771479173199e-06,"TGFB1/TGFB3/HGF/SHH",4
"GO:1905207","regulation of cardiocyte differentiation","4/51","33/18860",0.121212121212121,44.8247177658942,13.1204007879992,1.83129843691509e-06,2.26206134859431e-05,9.10771479173199e-06,"TGFB1/BMP2/WNT3A/DKK1",4
"GO:2000108","positive regulation of leukocyte apoptotic process","4/51","33/18860",0.121212121212121,44.8247177658942,13.1204007879992,1.83129843691509e-06,2.26206134859431e-05,9.10771479173199e-06,"IL10/WNT5A/IDO1/ANXA1",4
"GO:0072078","nephron tubule morphogenesis","5/51","76/18860",0.0657894736842105,24.3292053663571,10.6114386527459,1.88996885283203e-06,2.3251189395123e-05,9.36160293401942e-06,"TGFB1/FGF2/VEGFA/BMP2/SHH",5
"GO:0061041","regulation of wound healing","6/51","139/18860",0.0431654676258993,15.9627592044012,9.21968600360651,1.97187036569121e-06,2.41613513482887e-05,9.72806052319445e-06,"CD9/ITGB1/FGF2/PDGFB/ANXA1/ANXA2",6
"GO:0001707","mesoderm formation","5/51","77/18860",0.0649350649350649,24.0132416603005,10.5366425331759,2.01711150578961e-06,2.45187538014506e-05,9.87196111241969e-06,"ITGB1/ITGB3/WNT3A/WNT5A/DKK1",5
"GO:0070527","platelet aggregation","5/51","77/18860",0.0649350649350649,24.0132416603005,10.5366425331759,2.01711150578961e-06,2.45187538014506e-05,9.87196111241969e-06,"CD9/ITGB3/WNT3A/HSPB1/ACTB",5
"GO:0010562","positive regulation of phosphorus metabolic process","8/51","320/18860",0.025,9.24509803921569,7.74600036960832,2.12459623942871e-06,2.5534524677418e-05,1.02809399156607e-05,"SDCBP/FGF2/IGF1/VEGFA/PDGFB/BMP2/WNT5A/ENO1",8
"GO:0045937","positive regulation of phosphate metabolic process","8/51","320/18860",0.025,9.24509803921569,7.74600036960832,2.12459623942871e-06,2.5534524677418e-05,1.02809399156607e-05,"SDCBP/FGF2/IGF1/VEGFA/PDGFB/BMP2/WNT5A/ENO1",8
"GO:0008360","regulation of cell shape","6/51","141/18860",0.0425531914893617,15.7363370880267,9.1457504385548,2.14292836402182e-06,2.5534524677418e-05,1.02809399156607e-05,"VEGFA/CCL2/FN1/MSN/EZR/ANXA1",6
"GO:0030168","platelet activation","6/51","141/18860",0.0425531914893617,15.7363370880267,9.1457504385548,2.14292836402182e-06,2.5534524677418e-05,1.02809399156607e-05,"CD9/ITGB3/PDGFB/WNT3A/HSPB1/ACTB",6
"GO:0044409","symbiont entry into host","6/51","141/18860",0.0425531914893617,15.7363370880267,9.1457504385548,2.14292836402182e-06,2.5534524677418e-05,1.02809399156607e-05,"CD81/ITGA5/ITGB1/ITGAV/ITGB3/HSPA1A",6
"GO:0072088","nephron epithelium morphogenesis","5/51","78/18860",0.0641025641025641,23.7053795877325,10.4632527232238,2.15089244250948e-06,2.5534524677418e-05,1.02809399156607e-05,"TGFB1/FGF2/VEGFA/BMP2/SHH",5
"GO:0060346","bone trabecula formation","3/51","10/18860",0.3,110.941176470588,18.1078241299375,2.20573669734336e-06,2.58834717830562e-05,1.04214361368409e-05,"VEGFA/MMP2/COL1A1",3
"GO:1902965","regulation of protein localization to early endosome","3/51","10/18860",0.3,110.941176470588,18.1078241299375,2.20573669734336e-06,2.58834717830562e-05,1.04214361368409e-05,"VEGFA/MSN/EZR",3
"GO:1902966","positive regulation of protein localization to early endosome","3/51","10/18860",0.3,110.941176470588,18.1078241299375,2.20573669734336e-06,2.58834717830562e-05,1.04214361368409e-05,"VEGFA/MSN/EZR",3
"GO:0045669","positive regulation of osteoblast differentiation","5/51","79/18860",0.0632911392405063,23.4053114916853,10.3912248046763,2.29155942035912e-06,2.65838319069037e-05,1.07034214270926e-05,"FGF2/HGF/IGF1/VEGFA/BMP2",5
"GO:0048332","mesoderm morphogenesis","5/51","79/18860",0.0632911392405063,23.4053114916853,10.3912248046763,2.29155942035912e-06,2.65838319069037e-05,1.07034214270926e-05,"ITGB1/ITGB3/WNT3A/WNT5A/DKK1",5
"GO:0072678","T cell migration","5/51","79/18860",0.0632911392405063,23.4053114916853,10.3912248046763,2.29155942035912e-06,2.65838319069037e-05,1.07034214270926e-05,"ITGB3/CCL2/CXCL12/WNT5A/MSN",5
"GO:0048333","mesodermal cell differentiation","4/51","35/18860",0.114285714285714,42.2633053221289,12.7230756138832,2.33394935176975e-06,2.68712432915075e-05,1.08191415829803e-05,"ITGB1/ITGB3/WNT3A/DKK1",4
"GO:0110110","positive regulation of animal organ morphogenesis","4/51","35/18860",0.114285714285714,42.2633053221289,12.7230756138832,2.33394935176975e-06,2.68712432915075e-05,1.08191415829803e-05,"TGFB1/FGF2/BMP2/DKK1",4
"GO:0002064","epithelial cell development","7/51","226/18860",0.0309734513274336,11.4541037654,8.23283754181481,2.39115018865143e-06,2.74263128781034e-05,1.10426286907646e-05,"TGFB1/VEGFA/PDGFB/WNT5A/GPX1/MSN/EZR",7
"GO:0051145","smooth muscle cell differentiation","5/51","80/18860",0.0625,23.1127450980392,10.3205163044498,2.43936572855784e-06,2.77705404396641e-05,1.11812246866732e-05,"TGFB1/VEGFA/PDGFB/SHH/SOD2",5
"GO:0072028","nephron morphogenesis","5/51","80/18860",0.0625,23.1127450980392,10.3205163044498,2.43936572855784e-06,2.77705404396641e-05,1.11812246866732e-05,"TGFB1/FGF2/VEGFA/BMP2/SHH",5
"GO:0009612","response to mechanical stimulus","7/51","228/18860",0.0307017543859649,11.3536291709666,8.19015002088724,2.53496516638384e-06,2.87515937644502e-05,1.15762251972997e-05,"ITGB3/TGFB1/FGF2/CXCL12/MMP2/COL1A1/TUBA1A",7
"GO:0061333","renal tubule morphogenesis","5/51","81/18860",0.0617283950617284,22.8274025659647,10.2510865863235,2.59457022257696e-06,2.93186435151196e-05,1.18045358664612e-05,"TGFB1/FGF2/VEGFA/BMP2/SHH",5
"GO:0030198","extracellular matrix organization","8/51","331/18860",0.0241691842900302,8.93785913156803,7.58670083221578,2.73038687135105e-06,3.06265086194561e-05,1.23311202742518e-05,"ITGB1/ITGB3/TGFB1/BMP2/MMP2/COL1A1/WNT3A/ANXA2",8
"GO:0090092","regulation of transmembrane receptor protein serine/threonine kinase signaling pathway","8/51","331/18860",0.0241691842900302,8.93785913156803,7.58670083221578,2.73038687135105e-06,3.06265086194561e-05,1.23311202742518e-05,"SDCBP/TGFB1/TGFB3/BMP2/WNT5A/SHH/DKK1/HSPA1A",8
"GO:0043062","extracellular structure organization","8/51","332/18860",0.0240963855421687,8.91093786912355,7.57258766288472,2.79209367026703e-06,3.12039479413359e-05,1.25636140859904e-05,"ITGB1/ITGB3/TGFB1/BMP2/MMP2/COL1A1/WNT3A/ANXA2",8
"GO:0045598","regulation of fat cell differentiation","6/51","148/18860",0.0405405405405405,14.9920508744038,8.89843626025909,2.83973658539341e-06,3.1559977820301e-05,1.27069620370513e-05,"TGFB1/VEGFA/BMP2/WNT3A/WNT5A/SOD2",6
"GO:0045229","external encapsulating structure organization","8/51","333/18860",0.024024024024024,8.884178295943,7.55853395010204,2.85498324431435e-06,3.1559977820301e-05,1.27069620370513e-05,"ITGB1/ITGB3/TGFB1/BMP2/MMP2/COL1A1/WNT3A/ANXA2",8
"GO:0060070","canonical Wnt signaling pathway","8/51","333/18860",0.024024024024024,8.884178295943,7.55853395010204,2.85498324431435e-06,3.1559977820301e-05,1.27069620370513e-05,"TGFB1/FGF2/BMP2/COL1A1/WNT3A/WNT5A/SHH/DKK1",8
"GO:0007431","salivary gland development","4/51","37/18860",0.108108108108108,39.9788023317435,12.3579517941631,2.93224439425306e-06,3.2297031216123e-05,1.30037211023877e-05,"TGFB1/TGFB3/HGF/SHH",4
"GO:0060426","lung vasculature development","3/51","11/18860",0.272727272727273,100.855614973262,17.2498864700803,3.02710131544572e-06,3.31028176108419e-05,1.33281540657429e-05,"IGF1/VEGFA/BMP2",3
"GO:1904338","regulation of dopaminergic neuron differentiation","3/51","11/18860",0.272727272727273,100.855614973262,17.2498864700803,3.02710131544572e-06,3.31028176108419e-05,1.33281540657429e-05,"WNT3A/SHH/DKK1",3
"GO:0030516","regulation of axon extension","5/51","84/18860",0.0595238095238095,22.0121381886088,10.0500892409393,3.10724556808688e-06,3.36488885305691e-05,1.35480180493623e-05,"VEGFA/CXCL12/FN1/WNT3A/WNT5A",5
"GO:0042246","tissue regeneration","5/51","84/18860",0.0595238095238095,22.0121381886088,10.0500892409393,3.10724556808688e-06,3.36488885305691e-05,1.35480180493623e-05,"CD9/CD81/IGF1/GPX1/ANXA1",5
"GO:0006163","purine nucleotide metabolic process","9/51","454/18860",0.0198237885462555,7.33091474475253,7.11010882254137,3.11012342367109e-06,3.36488885305691e-05,1.35480180493623e-05,"TGFB1/IGF1/IDO1/HSPA8/HSPA1A/PKM/LDHA/ENO1/GAPDH",9
"GO:0072073","kidney epithelium development","6/51","151/18860",0.0397350993377483,14.6941955590183,8.79754053867594,3.19004680697102e-06,3.43916353641999e-05,1.3847069457821e-05,"TGFB1/FGF2/VEGFA/BMP2/SHH/CAT",6
"GO:0010092","specification of animal organ identity","4/51","38/18860",0.105263157894737,38.9267285861713,12.1861315653339,3.27068796265983e-06,3.51368625847716e-05,1.41471195419719e-05,"FGF2/BMP2/WNT5A/DKK1",4
"GO:0051149","positive regulation of muscle cell differentiation","5/51","85/18860",0.0588235294117647,21.7531718569781,9.98540162890227,3.29474384449518e-06,3.51477743690727e-05,1.4151512942679e-05,"TGFB1/IGF1/WNT3A/SHH/SOD2",5
"GO:2000278","regulation of DNA biosynthetic process","5/51","85/18860",0.0588235294117647,21.7531718569781,9.98540162890227,3.29474384449518e-06,3.51477743690727e-05,1.4151512942679e-05,"FGF2/HGF/VEGFA/PDGFB/HSP90AA1",5
"GO:0002687","positive regulation of leukocyte migration","6/51","152/18860",0.0394736842105263,14.5975232198142,8.76454726768455,3.31434824738791e-06,3.52337160375628e-05,1.41861155499787e-05,"ITGB3/TGFB1/VEGFA/CCL2/CXCL12/WNT5A",6
"GO:0048588","developmental cell growth","7/51","238/18860",0.0294117647058824,10.876585928489,7.9844265296942,3.36725324257215e-06,3.56718390384987e-05,1.4362516571936e-05,"ITGB1/IGF1/VEGFA/CXCL12/FN1/WNT3A/WNT5A",7
"GO:0043434","response to peptide hormone","9/51","461/18860",0.0195227765726681,7.2195993364808,7.04007566128463,3.52321374485096e-06,3.71948966627691e-05,1.49757437269753e-05,"ITGB3/TGFB1/IGF1/IL10/CXCL12/TIMP1/COL1A1/CAT/PKM",9
"GO:0060562","epithelial tube morphogenesis","8/51","344/18860",0.0232558139534884,8.60009119927041,7.40774465934116,3.63028884930026e-06,3.81346001973207e-05,1.53540956132668e-05,"TGFB1/FGF2/IGF1/VEGFA/BMP2/WNT3A/WNT5A/SHH",8
"GO:0071404","cellular response to low-density lipoprotein particle stimulus","4/51","39/18860",0.102564102564103,37.928607340372,12.0208575584807,3.63722342098339e-06,3.81346001973207e-05,1.53540956132668e-05,"CD9/CD81/ITGB1/TGFB1",4
"GO:1990314","cellular response to insulin-like growth factor stimulus","3/51","12/18860",0.25,92.4509803921569,16.5009108226759,4.02843494372171e-06,4.18559001092324e-05,1.68523988433384e-05,"ITGB3/TGFB1/IGF1",3
"GO:0010742","macrophage derived foam cell differentiation","4/51","40/18860",0.1,36.9803921568627,11.8617193320077,4.03331190826428e-06,4.18559001092324e-05,1.68523988433384e-05,"ITGAV/ITGB3/TGFB1/WNT5A",4
"GO:0055094","response to lipoprotein particle","4/51","40/18860",0.1,36.9803921568627,11.8617193320077,4.03331190826428e-06,4.18559001092324e-05,1.68523988433384e-05,"CD9/CD81/ITGB1/TGFB1",4
"GO:0043535","regulation of blood vessel endothelial cell migration","6/51","159/18860",0.0377358490566038,13.9548649648539,8.54202036722091,4.29956343774885e-06,4.44676883002431e-05,1.79039804883244e-05,"TGFB1/FGF2/VEGFA/PDGFB/HSPB1/ANXA1",6
"GO:0044319","wound healing, spreading of cells","4/51","41/18860",0.0975609756097561,36.078431372549,11.7083416527073,4.46044630650216e-06,4.56671868494567e-05,1.8386933379329e-05,"ITGA5/ITGB1/ITGAV/ITGB3",4
"GO:0090077","foam cell differentiation","4/51","41/18860",0.0975609756097561,36.078431372549,11.7083416527073,4.46044630650216e-06,4.56671868494567e-05,1.8386933379329e-05,"ITGAV/ITGB3/TGFB1/WNT5A",4
"GO:0090505","epiboly involved in wound healing","4/51","41/18860",0.0975609756097561,36.078431372549,11.7083416527073,4.46044630650216e-06,4.56671868494567e-05,1.8386933379329e-05,"ITGA5/ITGB1/ITGAV/ITGB3",4
"GO:0022604","regulation of cell morphogenesis","7/51","249/18860",0.0281124497991968,10.3960941806441,7.77183810593133,4.53483001521623e-06,4.62734661418887e-05,1.86310389993218e-05,"VEGFA/CCL2/FN1/WNT5A/MSN/EZR/ANXA1",7
"GO:0030111","regulation of Wnt signaling pathway","8/51","356/18860",0.0224719101123595,8.31020048468826,7.2507518484544,4.67338490384535e-06,4.75283244721072e-05,1.91362813431141e-05,"TGFB1/FGF2/BMP2/COL1A1/WNT3A/WNT5A/SHH/DKK1",8
"GO:0006909","phagocytosis","7/51","251/18860",0.0278884462151394,10.3132567768143,7.7346111522299,4.77966644681785e-06,4.82212924113518e-05,1.94152903255352e-05,"ITGB1/ITGAV/ITGB3/TGFB1/CCL2/SOD1/ANXA1",7
"GO:0035296","regulation of tube diameter","6/51","162/18860",0.037037037037037,13.6964415395788,8.45091068760092,4.78893857772521e-06,4.82212924113518e-05,1.94152903255352e-05,"ITGB1/VEGFA/MMP2/SOD1/SOD2/GPX1",6
"GO:0097746","blood vessel diameter maintenance","6/51","162/18860",0.037037037037037,13.6964415395788,8.45091068760092,4.78893857772521e-06,4.82212924113518e-05,1.94152903255352e-05,"ITGB1/VEGFA/MMP2/SOD1/SOD2/GPX1",6
"GO:0033273","response to vitamin","5/51","92/18860",0.0543478260869565,20.0980392156863,9.56170327255753,4.8698013722419e-06,4.88742236404935e-05,1.96781793677503e-05,"TGFB1/COL1A1/SOD2/CAT/GPX1",5
"GO:0010762","regulation of fibroblast migration","4/51","42/18860",0.0952380952380952,35.219421101774,11.5603807032202,4.92015086582574e-06,4.90567983386743e-05,1.97516892343262e-05,"ITGB1/ITGB3/TGFB1/FGF2",4
"GO:0090504","epiboly","4/51","42/18860",0.0952380952380952,35.219421101774,11.5603807032202,4.92015086582574e-06,4.90567983386743e-05,1.97516892343262e-05,"ITGA5/ITGB1/ITGAV/ITGB3",4
"GO:0035150","regulation of tube size","6/51","163/18860",0.0368098159509202,13.6124142908697,8.42107686001505,4.96178073742135e-06,4.93107264816695e-05,1.98539280664177e-05,"ITGB1/VEGFA/MMP2/SOD1/SOD2/GPX1",6
"GO:0042327","positive regulation of phosphorylation","7/51","254/18860",0.0275590551181102,10.1914466574031,7.67955024489126,5.16752485373533e-06,5.04667763278197e-05,2.0319387249932e-05,"SDCBP/FGF2/IGF1/VEGFA/PDGFB/BMP2/WNT5A",7
"GO:0032535","regulation of cellular component size","8/51","361/18860",0.0221606648199446,8.19510075498343,7.18750102611515,5.17762284973499e-06,5.04667763278197e-05,2.0319387249932e-05,"VEGFA/CXCL12/FN1/WNT3A/WNT5A/HSP90AA1/MSN/EZR",8
"GO:0021534","cell proliferation in hindbrain","3/51","13/18860",0.230769230769231,85.3393665158371,15.8395361931078,5.22697519488398e-06,5.04667763278197e-05,2.0319387249932e-05,"FGF2/IGF1/SHH",3
"GO:0021924","cell proliferation in external granule layer","3/51","13/18860",0.230769230769231,85.3393665158371,15.8395361931078,5.22697519488398e-06,5.04667763278197e-05,2.0319387249932e-05,"FGF2/IGF1/SHH",3
"GO:0021930","cerebellar granule cell precursor proliferation","3/51","13/18860",0.230769230769231,85.3393665158371,15.8395361931078,5.22697519488398e-06,5.04667763278197e-05,2.0319387249932e-05,"FGF2/IGF1/SHH",3
"GO:0033690","positive regulation of osteoblast proliferation","3/51","13/18860",0.230769230769231,85.3393665158371,15.8395361931078,5.22697519488398e-06,5.04667763278197e-05,2.0319387249932e-05,"ITGAV/ITGB3/BMP2",3
"GO:0061430","bone trabecula morphogenesis","3/51","13/18860",0.230769230769231,85.3393665158371,15.8395361931078,5.22697519488398e-06,5.04667763278197e-05,2.0319387249932e-05,"VEGFA/MMP2/COL1A1",3
"GO:1902946","protein localization to early endosome","3/51","13/18860",0.230769230769231,85.3393665158371,15.8395361931078,5.22697519488398e-06,5.04667763278197e-05,2.0319387249932e-05,"VEGFA/MSN/EZR",3
"GO:1905668","positive regulation of protein localization to endosome","3/51","13/18860",0.230769230769231,85.3393665158371,15.8395361931078,5.22697519488398e-06,5.04667763278197e-05,2.0319387249932e-05,"VEGFA/MSN/EZR",3
"GO:1903038","negative regulation of leukocyte cell-cell adhesion","6/51","165/18860",0.0363636363636364,13.4474153297683,8.36218907880321,5.32269829071674e-06,5.12288721923557e-05,2.06262291391879e-05,"TGFB1/IL10/CXCL12/SHH/IDO1/ANXA1",6
"GO:0009150","purine ribonucleotide metabolic process","8/51","364/18860",0.021978021978022,8.12755871579401,7.1501335264443,5.50176504303016e-06,5.27858023468082e-05,2.12530943568891e-05,"TGFB1/IGF1/HSPA8/HSPA1A/PKM/LDHA/ENO1/GAPDH",8
"GO:0045444","fat cell differentiation","7/51","259/18860",0.027027027027027,9.99470058293588,7.58979440615242,5.87214913533221e-06,5.61627806015629e-05,2.2612763705437e-05,"TGFB1/VEGFA/BMP2/WNT3A/WNT5A/SOD2/GPX1",7
"GO:0030307","positive regulation of cell growth","6/51","168/18860",0.0357142857142857,13.2072829131653,8.27574936857833,5.90385751063549e-06,5.62895914529653e-05,2.26638214306303e-05,"SDCBP/IGF1/VEGFA/CXCL12/FN1/WNT3A",6
"GO:0043277","apoptotic cell clearance","4/51","44/18860",0.0909090909090909,33.6185383244207,11.279471390166,5.94352207676857e-06,5.64912331969498e-05,2.27450082426264e-05,"ITGAV/ITGB3/CCL2/ANXA1",4
"GO:2000106","regulation of leukocyte apoptotic process","5/51","97/18860",0.0515463917525773,19.0620578128158,9.28674500680053,6.31728692179946e-06,5.98572745292241e-05,2.41002740691075e-05,"IL10/CXCL12/WNT5A/IDO1/ANXA1",5
"GO:0051222","positive regulation of protein transport","7/51","263/18860",0.026615969581749,9.8426899276821,7.51973247737042,6.4918887760136e-06,6.11175449713139e-05,2.46076954860437e-05,"CD81/TSG101/TGFB1/TGFB3/IGF1/SHH/HSP90AA1",7
"GO:1901136","carbohydrate derivative catabolic process","7/51","263/18860",0.026615969581749,9.8426899276821,7.51973247737042,6.4918887760136e-06,6.11175449713139e-05,2.46076954860437e-05,"TGFB1/FGF2/IGF1/PKM/LDHA/ENO1/GAPDH",7
"GO:0042092","type 2 immune response","4/51","45/18860",0.0888888888888889,32.8714596949891,11.1459647444166,6.51039072949099e-06,6.11175449713139e-05,2.46076954860437e-05,"CD81/IL10/IDO1/ANXA1",4
"GO:1905666","regulation of protein localization to endosome","3/51","14/18860",0.214285714285714,79.2436974789916,15.2498423757593,6.63982438892399e-06,6.17159660033094e-05,2.48486371425631e-05,"VEGFA/MSN/EZR",3
"GO:0060993","kidney morphogenesis","5/51","98/18860",0.0510204081632653,18.8675470188075,9.23421476064523,6.64340989614986e-06,6.17159660033094e-05,2.48486371425631e-05,"TGFB1/FGF2/VEGFA/BMP2/SHH",5
"GO:0071677","positive regulation of mononuclear cell migration","5/51","98/18860",0.0510204081632653,18.8675470188075,9.23421476064523,6.64340989614986e-06,6.17159660033094e-05,2.48486371425631e-05,"ITGB3/TGFB1/CCL2/CXCL12/WNT5A",5
"GO:0034599","cellular response to oxidative stress","7/51","264/18860",0.0265151515151515,9.80540701128936,7.50245147036304,6.65504844807892e-06,6.17159660033094e-05,2.48486371425631e-05,"HGF/MMP2/SOD1/SOD2/CAT/GPX1/HSPA1A",7
"GO:0072080","nephron tubule development","5/51","99/18860",0.0505050505050505,18.6769657357893,9.18245673508875,6.98257684270458e-06,6.45570968093687e-05,2.59925587733214e-05,"TGFB1/FGF2/VEGFA/BMP2/SHH",5
"GO:0050870","positive regulation of T cell activation","7/51","267/18860",0.0262172284644195,9.69523389880297,7.45115726876743,7.16514794419578e-06,6.60449135279194e-05,2.65915969180362e-05,"CD81/TGFB1/IGF1/CCL2/SHH/ACTB/ANXA1",7
"GO:1990138","neuron projection extension","6/51","174/18860",0.0344827586206897,12.7518593644354,8.10932306578434,7.22111510966645e-06,6.63603078300974e-05,2.6718583807802e-05,"ITGB1/VEGFA/CXCL12/FN1/WNT3A/WNT5A",6
"GO:0009266","response to temperature stimulus","6/51","175/18860",0.0342857142857143,12.6789915966387,8.08238221406972,7.46218416977609e-06,6.8369741447408e-05,2.75276400383395e-05,"IGF1/CXCL12/SOD1/HSP90AA1/HSPA1A/HSPB1",6
"GO:0061387","regulation of extent of cell growth","5/51","101/18860",0.0495049504950495,18.3071248301301,9.08118109502643,7.70152924654006e-06,7.03513944047717e-05,2.83255109697833e-05,"VEGFA/CXCL12/FN1/WNT3A/WNT5A",5
"GO:0071402","cellular response to lipoprotein particle stimulus","4/51","47/18860",0.0851063829787234,31.4726741760534,10.8916088055563,7.76272387839146e-06,7.06987180685742e-05,2.84653535462147e-05,"CD9/CD81/ITGB1/TGFB1",4
"GO:1905475","regulation of protein localization to membrane","6/51","177/18860",0.0338983050847458,12.5357261548687,8.02915476519843,7.96393247890977e-06,7.23153511701003e-05,2.91162569012773e-05,"CD81/ITGB1/TGFB1/WNT3A/ACTB/EZR",6
"GO:0010466","negative regulation of peptidase activity","3/51","15/18860",0.2,73.9607843137255,14.7196884369069,8.28395023390391e-06,7.43942956067987e-05,2.99533002029133e-05,"TIMP1/TIMP2/GAPDH",3
"GO:1903543","positive regulation of exosomal secretion","3/51","15/18860",0.2,73.9607843137255,14.7196884369069,8.28395023390391e-06,7.43942956067987e-05,2.99533002029133e-05,"TSG101/SDCBP/PDCD6IP",3
"GO:2001028","positive regulation of endothelial cell chemotaxis","3/51","15/18860",0.2,73.9607843137255,14.7196884369069,8.28395023390391e-06,7.43942956067987e-05,2.99533002029133e-05,"FGF2/VEGFA/HSPB1",3
"GO:0009259","ribonucleotide metabolic process","8/51","385/18860",0.0207792207792208,7.68423733129616,6.900039356977,8.29041642291431e-06,7.43942956067987e-05,2.99533002029133e-05,"TGFB1/IGF1/HSPA8/HSPA1A/PKM/LDHA/ENO1/GAPDH",8
"GO:0006096","glycolytic process","5/51","103/18860",0.0485436893203883,17.9516466780887,8.98277207164602,8.47717838271852e-06,7.51051762778312e-05,3.02395213704666e-05,"IGF1/PKM/LDHA/ENO1/GAPDH",5
"GO:0009408","response to heat","5/51","103/18860",0.0485436893203883,17.9516466780887,8.98277207164602,8.47717838271852e-06,7.51051762778312e-05,3.02395213704666e-05,"IGF1/SOD1/HSP90AA1/HSPA1A/HSPB1",5
"GO:0034109","homotypic cell-cell adhesion","5/51","103/18860",0.0485436893203883,17.9516466780887,8.98277207164602,8.47717838271852e-06,7.51051762778312e-05,3.02395213704666e-05,"CD9/ITGB3/WNT3A/HSPB1/ACTB",5
"GO:2001237","negative regulation of extrinsic apoptotic signaling pathway","5/51","103/18860",0.0485436893203883,17.9516466780887,8.98277207164602,8.47717838271852e-06,7.51051762778312e-05,3.02395213704666e-05,"ITGAV/HGF/IGF1/GPX1/HSPA1A",5
"GO:0046496","nicotinamide nucleotide metabolic process","6/51","179/18860",0.0335195530726257,12.3956621754847,7.97677948741396,8.49271904813234e-06,7.51051762778312e-05,3.02395213704666e-05,"IGF1/IDO1/PKM/LDHA/ENO1/GAPDH",6
"GO:0061326","renal tubule development","5/51","104/18860",0.0480769230769231,17.7790346907994,8.93459960174168,8.88723923919488e-06,7.83669564126693e-05,3.15528086161863e-05,"TGFB1/FGF2/VEGFA/BMP2/SHH",5
"GO:0043524","negative regulation of neuron apoptotic process","6/51","181/18860",0.0331491712707182,12.2586935326617,7.92523299650729,9.04963881770631e-06,7.95690145038097e-05,3.20367920529752e-05,"TGFB3/FGF2/IL10/CCL2/SOD1/SOD2",6
"GO:0042743","hydrogen peroxide metabolic process","4/51","49/18860",0.0816326530612245,30.188075230092,10.6526858635877,9.18450065554707e-06,8.05227341956152e-05,3.24207872505246e-05,"SOD1/SOD2/CAT/GPX1",4
"GO:0003007","heart morphogenesis","7/51","278/18860",0.0251798561151079,9.31160953590069,7.26980677487634,9.32256208312506e-06,8.14989596435947e-05,3.2813843917982e-05,"TGFB1/VEGFA/BMP2/WNT3A/WNT5A/SHH/DKK1",7
"GO:0019693","ribose phosphate metabolic process","8/51","392/18860",0.0204081632653061,7.54701880752301,6.82084615640098,9.45220386943918e-06,8.23962114447398e-05,3.31751035056707e-05,"TGFB1/IGF1/HSPA8/HSPA1A/PKM/LDHA/ENO1/GAPDH",8
"GO:0032386","regulation of intracellular transport","7/51","279/18860",0.025089605734767,9.27823459132757,7.25382133453126,9.54288727763361e-06,8.29497124901998e-05,3.33979590733196e-05,"CD81/TGFB1/SHH/HSP90AA1/MSN/EZR/ANXA2",7
"GO:0019364","pyridine nucleotide catabolic process","5/51","106/18860",0.0471698113207547,17.4435812060673,8.84023783477176,9.75383745383897e-06,8.43029973701492e-05,3.39428307995529e-05,"IGF1/PKM/LDHA/ENO1/GAPDH",5
"GO:0046032","ADP catabolic process","5/51","106/18860",0.0471698113207547,17.4435812060673,8.84023783477176,9.75383745383897e-06,8.43029973701492e-05,3.39428307995529e-05,"IGF1/PKM/LDHA/ENO1/GAPDH",5
"GO:0051150","regulation of smooth muscle cell differentiation","4/51","50/18860",0.08,29.5843137254902,10.5385276486162,9.96328188770871e-06,8.58699803372861e-05,3.45737435710855e-05,"TGFB1/PDGFB/SHH/SOD2",4
"GO:0010763","positive regulation of fibroblast migration","3/51","16/18860",0.1875,69.3382352941177,14.239632084704,1.01761865039666e-05,8.74578733059215e-05,3.52130753154308e-05,"ITGB1/ITGB3/TGFB1",3
"GO:0003018","vascular process in circulatory system","7/51","283/18860",0.0247349823321555,9.14709346636181,7.19067551013464,1.04679455560478e-05,8.94613498361394e-05,3.60197330500008e-05,"ITGB1/TGFB1/VEGFA/MMP2/SOD1/SOD2/GPX1",7
"GO:0051054","positive regulation of DNA metabolic process","7/51","283/18860",0.0247349823321555,9.14709346636181,7.19067551013464,1.04679455560478e-05,8.94613498361394e-05,3.60197330500008e-05,"TGFB1/FGF2/HGF/VEGFA/PDGFB/HSP90AA1/ACTB",7
"GO:0072524","pyridine-containing compound metabolic process","6/51","186/18860",0.032258064516129,11.9291587602783,7.79984719579731,1.05724714178638e-05,9.01022633963755e-05,3.62777834303059e-05,"IGF1/IDO1/PKM/LDHA/ENO1/GAPDH",6
"GO:0032526","response to retinoic acid","5/51","108/18860",0.0462962962962963,17.1205519244735,8.74841854342306,1.06851484430591e-05,9.08088799436583e-05,3.65622877380149e-05,"MMP2/COL1A1/WNT3A/WNT5A/DKK1",5
"GO:0030850","prostate gland development","4/51","51/18860",0.0784313725490196,29.0042291426374,10.4276734503807,1.07897024346704e-05,9.11894241777824e-05,3.67155058791672e-05,"IGF1/MMP2/WNT5A/SHH",4
"GO:0051155","positive regulation of striated muscle cell differentiation","4/51","51/18860",0.0784313725490196,29.0042291426374,10.4276734503807,1.07897024346704e-05,9.11894241777824e-05,3.67155058791672e-05,"TGFB1/IGF1/WNT3A/SHH",4
"GO:0009137","purine nucleoside diphosphate catabolic process","5/51","109/18860",0.0458715596330275,16.9634826407627,8.70342600684201,1.11761235682017e-05,9.36767939741305e-05,3.77169930714038e-05,"IGF1/PKM/LDHA/ENO1/GAPDH",5
"GO:0009181","purine ribonucleoside diphosphate catabolic process","5/51","109/18860",0.0458715596330275,16.9634826407627,8.70342600684201,1.11761235682017e-05,9.36767939741305e-05,3.77169930714038e-05,"IGF1/PKM/LDHA/ENO1/GAPDH",5
"GO:0072526","pyridine-containing compound catabolic process","5/51","109/18860",0.0458715596330275,16.9634826407627,8.70342600684201,1.11761235682017e-05,9.36767939741305e-05,3.77169930714038e-05,"IGF1/PKM/LDHA/ENO1/GAPDH",5
"GO:0010721","negative regulation of cell development","7/51","288/18860",0.0243055555555556,8.98828976034858,7.11348272504875,1.1727830822456e-05,9.80318132583923e-05,3.94704500931683e-05,"TGFB1/IGF1/VEGFA/WNT3A/WNT5A/SHH/ANXA1",7
"GO:0051336","regulation of hydrolase activity","6/51","190/18860",0.0315789473684211,11.6780185758514,7.70294644845763,1.19347666546746e-05,9.94889974410172e-05,4.00571546908407e-05,"ITGB1/BMP2/TIMP1/TIMP2/SOD1/GAPDH",6
"GO:1903039","positive regulation of leukocyte cell-cell adhesion","7/51","289/18860",0.0242214532871972,8.95718841169686,7.09826947975337,1.19943177031522e-05,9.9712979052636e-05,4.01473361812094e-05,"CD81/TGFB1/IGF1/CCL2/SHH/ACTB/ANXA1",7
"GO:1903541","regulation of exosomal secretion","3/51","17/18860",0.176470588235294,65.2595155709343,13.8022042177249,1.23332337145739e-05,0.000101974786079038,4.10580052628946e-05,"TSG101/SDCBP/PDCD6IP",3
"GO:1904948","midbrain dopaminergic neuron differentiation","3/51","17/18860",0.176470588235294,65.2595155709343,13.8022042177249,1.23332337145739e-05,0.000101974786079038,4.10580052628946e-05,"WNT3A/WNT5A/DKK1",3
"GO:0001708","cell fate specification","5/51","112/18860",0.0446428571428571,16.5091036414566,8.57195341574839,1.27555284293362e-05,0.000104615906553508,4.2121396935584e-05,"ITGB1/FGF2/WNT3A/SHH/DKK1",5
"GO:0009191","ribonucleoside diphosphate catabolic process","5/51","112/18860",0.0446428571428571,16.5091036414566,8.57195341574839,1.27555284293362e-05,0.000104615906553508,4.2121396935584e-05,"IGF1/PKM/LDHA/ENO1/GAPDH",5
"GO:0046031","ADP metabolic process","5/51","112/18860",0.0446428571428571,16.5091036414566,8.57195341574839,1.27555284293362e-05,0.000104615906553508,4.2121396935584e-05,"IGF1/PKM/LDHA/ENO1/GAPDH",5
"GO:0141091","transforming growth factor beta receptor superfamily signaling pathway","8/51","411/18860",0.0194647201946472,7.19812986021659,6.61540948670542,1.33214584136709e-05,0.000108964529812627,4.38722787321968e-05,"SDCBP/TGFB1/TGFB3/BMP2/WNT5A/SHH/DKK1/HSPA1A",8
"GO:0002548","monocyte chemotaxis","4/51","54/18860",0.0740740740740741,27.3928830791576,10.113397167563,1.35731150270248e-05,0.000110430863859873,4.44626673306327e-05,"PDGFB/CCL2/CXCL12/ANXA1",4
"GO:0048260","positive regulation of receptor-mediated endocytosis","4/51","54/18860",0.0740740740740741,27.3928830791576,10.113397167563,1.35731150270248e-05,0.000110430863859873,4.44626673306327e-05,"CD63/VEGFA/WNT3A/ANXA2",4
"GO:0009134","nucleoside diphosphate catabolic process","5/51","114/18860",0.043859649122807,16.219470244238,8.48709806456327,1.39016573383137e-05,0.000112503863499191,4.52973170844957e-05,"IGF1/PKM/LDHA/ENO1/GAPDH",5
"GO:0072676","lymphocyte migration","5/51","114/18860",0.043859649122807,16.219470244238,8.48709806456327,1.39016573383137e-05,0.000112503863499191,4.52973170844957e-05,"ITGB3/CCL2/CXCL12/WNT5A/MSN",5
"GO:0035088","establishment or maintenance of apical/basal cell polarity","4/51","55/18860",0.0727272727272727,26.8948306595365,10.0142704556495,1.46085435188821e-05,0.000117600702575486,4.73494522608953e-05,"PDCD6IP/WNT5A/MSN/EZR",4
"GO:0061245","establishment or maintenance of bipolar cell polarity","4/51","55/18860",0.0727272727272727,26.8948306595365,10.0142704556495,1.46085435188821e-05,0.000117600702575486,4.73494522608953e-05,"PDCD6IP/WNT5A/MSN/EZR",4
"GO:0003128","heart field specification","3/51","18/18860",0.166666666666667,61.6339869281046,13.4014084439052,1.47716597949829e-05,0.000117979932027468,4.75021410326399e-05,"BMP2/WNT5A/DKK1",3
"GO:0042481","regulation of odontogenesis","3/51","18/18860",0.166666666666667,61.6339869281046,13.4014084439052,1.47716597949829e-05,0.000117979932027468,4.75021410326399e-05,"TGFB1/BMP2/SHH",3
"GO:1901163","regulation of trophoblast cell migration","3/51","18/18860",0.166666666666667,61.6339869281046,13.4014084439052,1.47716597949829e-05,0.000117979932027468,4.75021410326399e-05,"ITGB3/VEGFA/TIMP1",3
"GO:0006979","response to oxidative stress","8/51","418/18860",0.0191387559808612,7.07758701566751,6.5429994333006,1.50490401560594e-05,0.000119873549316009,4.8264566251542e-05,"HGF/MMP2/COL1A1/SOD1/SOD2/CAT/GPX1/HSPA1A",8
"GO:0008637","apoptotic mitochondrial changes","5/51","116/18860",0.0431034482758621,15.9398242055443,8.40436507094769,1.5126619628536e-05,0.000119873549316009,4.8264566251542e-05,"HGF/IGF1/SOD2/GPX1/HSPA1A",5
"GO:0032963","collagen metabolic process","5/51","116/18860",0.0431034482758621,15.9398242055443,8.40436507094769,1.5126619628536e-05,0.000119873549316009,4.8264566251542e-05,"ITGB1/TGFB1/TGFB3/MMP2/COL1A1",5
"GO:0030900","forebrain development","8/51","419/18860",0.0190930787589499,7.06069539987833,6.5327915421599,1.5310604656021e-05,0.000121017240428809,4.87250494507133e-05,"FGF2/BMP2/CXCL12/WNT3A/WNT5A/SHH/DKK1/TUBA1A",8
"GO:0050819","negative regulation of coagulation","4/51","56/18860",0.0714285714285714,26.4145658263305,9.91774989501216,1.57009710859819e-05,0.000123782074375532,4.98382517539531e-05,"CD9/PDGFB/ANXA2/ANXA5",4
"GO:0045165","cell fate commitment","7/51","304/18860",0.0230263157894737,8.51522187822497,6.87856716278823,1.66349606328542e-05,0.000130807383739273,5.26668449770505e-05,"ITGB1/FGF2/BMP2/WNT3A/WNT5A/SHH/DKK1",7
"GO:0044344","cellular response to fibroblast growth factor stimulus","5/51","120/18860",0.0416666666666667,15.4084967320261,8.24491280687966,1.7828272506924e-05,0.00013983048693734,5.62998079166021e-05,"ITGB1/FGF2/CCL2/COL1A1/WNT5A",5
"GO:0010761","fibroblast migration","4/51","58/18860",0.0689655172413793,25.5037187288709,9.73207699940227,1.80646547507713e-05,0.000141321183704111,5.69000056522271e-05,"ITGB1/ITGB3/TGFB1/FGF2",4
"GO:0001701","in utero embryonic development","8/51","429/18860",0.0186480186480186,6.89611042552219,6.43252333327213,1.81441090272202e-05,0.000141579735657414,5.70041061643989e-05,"ITGB1/TGFB3/IGF1/VEGFA/PDGFB/BMP2/IL10/WNT3A",8
"GO:1903076","regulation of protein localization to plasma membrane","5/51","121/18860",0.0413223140495868,15.2811537838276,8.20624238508637,1.8558988229908e-05,0.000144447635432269,5.81588057580631e-05,"ITGB1/TGFB1/WNT3A/ACTB/EZR",5
"GO:2000241","regulation of reproductive process","6/51","206/18860",0.029126213592233,10.7709880068532,7.34256279319992,1.88788237282053e-05,0.000146563081920495,5.90105458438881e-05,"IGF1/VEGFA/TIMP1/WNT5A/SHH/SOD1",6
"GO:0071560","cellular response to transforming growth factor beta stimulus","7/51","311/18860",0.022508038585209,8.32356093562827,6.78115714037554,1.926092026658e-05,0.000149005064612893,5.99937588722408e-05,"SDCBP/TGFB1/TGFB3/BMP2/COL1A1/WNT5A/HSPA1A",7
"GO:0072009","nephron epithelium development","5/51","122/18860",0.040983606557377,15.1558984249437,8.16802956071922,1.93128306209443e-05,0.000149005064612893,5.99937588722408e-05,"TGFB1/FGF2/VEGFA/BMP2/SHH",5
"GO:0001836","release of cytochrome c from mitochondria","4/51","59/18860",0.0677966101694915,25.0714523097375,9.64271630382478,1.93398903922339e-05,0.000149005064612893,5.99937588722408e-05,"HGF/IGF1/SOD2/GPX1",4
"GO:0070230","positive regulation of lymphocyte apoptotic process","3/51","20/18860",0.15,55.4705882352941,12.6910682302572,2.05582613668144e-05,0.000157201141428949,6.32937370137776e-05,"IL10/WNT5A/IDO1",3
"GO:0090201","negative regulation of release of cytochrome c from mitochondria","3/51","20/18860",0.15,55.4705882352941,12.6910682302572,2.05582613668144e-05,0.000157201141428949,6.32937370137776e-05,"HGF/IGF1/GPX1",3
"GO:1990182","exosomal secretion","3/51","20/18860",0.15,55.4705882352941,12.6910682302572,2.05582613668144e-05,0.000157201141428949,6.32937370137776e-05,"TSG101/SDCBP/PDCD6IP",3
"GO:0042311","vasodilation","4/51","60/18860",0.0666666666666667,24.6535947712418,9.55554402906843,2.06800835278378e-05,0.000157737337108583,6.35096249394388e-05,"VEGFA/SOD1/SOD2/GPX1",4
"GO:0009135","purine nucleoside diphosphate metabolic process","5/51","124/18860",0.0403225806451613,14.9114484503479,8.09293998103375,2.08919576496775e-05,0.000158560603953149,6.38410960386845e-05,"IGF1/PKM/LDHA/ENO1/GAPDH",5
"GO:0009179","purine ribonucleoside diphosphate metabolic process","5/51","124/18860",0.0403225806451613,14.9114484503479,8.09293998103375,2.08919576496775e-05,0.000158560603953149,6.38410960386845e-05,"IGF1/PKM/LDHA/ENO1/GAPDH",5
"GO:0006816","calcium ion transport","8/51","439/18860",0.0182232346241458,6.7390236276743,6.3354174530412,2.14070946081587e-05,0.000162067110792785,6.52529173507149e-05,"ITGAV/ITGB3/TGFB1/FGF2/PDGFB/CCL2/CXCL12/WNT3A",8
"GO:0071887","leukocyte apoptotic process","5/51","125/18860",0.04,14.7921568627451,8.05604550621278,2.17182893432163e-05,0.000164016091054834,6.60376333077993e-05,"IL10/CXCL12/WNT5A/IDO1/ANXA1",5
"GO:0002695","negative regulation of leukocyte activation","6/51","212/18860",0.0283018867924528,10.4661487236404,7.21749827441845,2.22003609749192e-05,0.000166984885971832,6.72329562107775e-05,"TGFB1/IL10/FN1/SHH/IDO1/ANXA1",6
"GO:0071559","response to transforming growth factor beta","7/51","318/18860",0.0220125786163522,8.14033789616475,6.68675791921589,2.22208665042818e-05,0.000166984885971832,6.72329562107775e-05,"SDCBP/TGFB1/TGFB3/BMP2/COL1A1/WNT5A/HSPA1A",7
"GO:0042177","negative regulation of protein catabolic process","5/51","127/18860",0.0393700787401575,14.5592095105759,7.98351471852858,2.34471545810153e-05,0.000175767244782992,7.07689884806539e-05,"IL10/TIMP1/TIMP2/SHH/ANXA2",5
"GO:0060602","branch elongation of an epithelium","3/51","21/18860",0.142857142857143,52.8291316526611,12.3741741003762,2.39389157995463e-05,0.000178400200598268,7.18290928248474e-05,"TGFB1/WNT5A/SHH",3
"GO:0097734","extracellular exosome biogenesis","3/51","21/18860",0.142857142857143,52.8291316526611,12.3741741003762,2.39389157995463e-05,0.000178400200598268,7.18290928248474e-05,"TSG101/SDCBP/PDCD6IP",3
"GO:0007178","cell surface receptor protein serine/threonine kinase signaling pathway","8/51","446/18860",0.0179372197309417,6.6332541985404,6.26923102407294,2.39738060456539e-05,0.000178400200598268,7.18290928248474e-05,"SDCBP/TGFB1/TGFB3/BMP2/WNT5A/SHH/DKK1/HSPA1A",8
"GO:0045471","response to ethanol","5/51","128/18860",0.0390625,14.4454656862745,7.94786211462883,2.43507734799359e-05,0.000180325752153603,7.26043757053785e-05,"TGFB1/FGF2/SOD1/SOD2/CAT",5
"GO:0071774","response to fibroblast growth factor","5/51","128/18860",0.0390625,14.4454656862745,7.94786211462883,2.43507734799359e-05,0.000180325752153603,7.26043757053785e-05,"ITGB1/FGF2/CCL2/COL1A1/WNT5A",5
"GO:0051216","cartilage development","6/51","216/18860",0.0277777777777778,10.2723311546841,7.13687067766622,2.46653838340182e-05,0.000182213283480846,7.33643505398221e-05,"TGFB1/FGF2/BMP2/TIMP1/COL1A1/WNT5A",6
"GO:0048010","vascular endothelial growth factor receptor signaling pathway","4/51","63/18860",0.0634920634920635,23.4796140678494,9.30628653452988,2.51110510104236e-05,0.000184611606344102,7.43299848552045e-05,"ITGA5/ITGB3/VEGFA/HSPB1",4
"GO:1905517","macrophage migration","4/51","63/18860",0.0634920634920635,23.4796140678494,9.30628653452988,2.51110510104236e-05,0.000184611606344102,7.43299848552045e-05,"CD9/CD81/CCL2/MMP2",4
"GO:0045732","positive regulation of protein catabolic process","6/51","217/18860",0.0276497695852535,10.2249932230957,7.11704297108724,2.53148605019106e-05,0.000185662594690696,7.47531432331217e-05,"CD81/WNT5A/HSP90AA1/HSPA1A/MSN/EZR",6
"GO:0002367","cytokine production involved in immune response","5/51","130/18860",0.0384615384615385,14.2232277526395,7.87774340311058,2.62391451566635e-05,0.000191520650413828,7.71117663002424e-05,"CD81/TGFB1/TGFB3/IL10/WNT5A",5
"GO:0002718","regulation of cytokine production involved in immune response","5/51","130/18860",0.0384615384615385,14.2232277526395,7.87774340311058,2.62391451566635e-05,0.000191520650413828,7.71117663002424e-05,"CD81/TGFB1/TGFB3/IL10/WNT5A",5
"GO:0033619","membrane protein proteolysis","4/51","64/18860",0.0625,23.1127450980392,9.22702067144829,2.67318377403266e-05,0.000194187707013658,7.81856006089252e-05,"TGFB1/IL10/TIMP1/TIMP2",4
"GO:0044331","cell-cell adhesion mediated by cadherin","4/51","64/18860",0.0625,23.1127450980392,9.22702067144829,2.67318377403266e-05,0.000194187707013658,7.81856006089252e-05,"TGFB1/VEGFA/WNT3A/WNT5A",4
"GO:1903376","regulation of oxidative stress-induced neuron intrinsic apoptotic signaling pathway","3/51","22/18860",0.136363636363636,50.427807486631,12.0788852567823,2.76659083104761e-05,0.000200495691817726,8.07253781680852e-05,"FGF2/IL10/MMP2",3
"GO:0006090","pyruvate metabolic process","5/51","132/18860",0.0378787878787879,14.0077243018419,7.80915699280214,2.82394517010178e-05,0.000204167220710439,8.22036421428978e-05,"IGF1/PKM/LDHA/ENO1/GAPDH",5
"GO:0045428","regulation of nitric oxide biosynthetic process","4/51","65/18860",0.0615384615384615,22.7571644042232,9.14954235255212,2.84280831444174e-05,0.000205045110339521,8.25571059587784e-05,"IGF1/IL10/SOD2/HSP90AA1",4
"GO:0034284","response to monosaccharide","6/51","222/18860",0.027027027027027,9.99470058293588,7.01980599305771,2.87722983388874e-05,0.000207038401490437,8.33596627643535e-05,"TGFB1/IGF1/COL1A1/SOD2/CAT/GPX1",6
"GO:0051223","regulation of protein transport","8/51","458/18860",0.0174672489082969,6.45945714530354,6.15901486378405,2.89757243510469e-05,0.000208011611753045,8.3751505430766e-05,"CD81/TSG101/TGFB1/TGFB3/IGF1/SHH/HSPA8/HSP90AA1",8
"GO:0010811","positive regulation of cell-substrate adhesion","5/51","133/18860",0.037593984962406,13.9024030664898,7.77542050040692,2.92830131734665e-05,0.000209232958295659,8.42432549573164e-05,"ITGA5/ITGB3/VEGFA/PDGFB/FN1",5
"GO:0042476","odontogenesis","5/51","133/18860",0.037593984962406,13.9024030664898,7.77542050040692,2.92830131734665e-05,0.000209232958295659,8.42432549573164e-05,"TGFB1/TGFB3/BMP2/COL1A1/SHH",5
"GO:1904951","positive regulation of establishment of protein localization","7/51","334/18860",0.0209580838323353,7.75038158976165,6.48145174806604,3.04179313392152e-05,0.000216834365691462,8.73038019499856e-05,"CD81/TSG101/TGFB1/TGFB3/IGF1/SHH/HSP90AA1",7
"GO:0009314","response to radiation","8/51","462/18860",0.0173160173160173,6.40353110941346,6.12315004488116,3.08263098637886e-05,0.000219233266653657,8.82696690247608e-05,"ITGB1/TGFB1/MMP2/TIMP1/SOD2/CAT/GPX1/TUBA1A",8
"GO:0062197","cellular response to chemical stress","7/51","335/18860",0.0208955223880597,7.72724612232953,6.46907486720921,3.10034033645286e-05,0.000219979962012039,8.85703102237573e-05,"HGF/MMP2/SOD1/SOD2/CAT/GPX1/HSPA1A",7
"GO:0009185","ribonucleoside diphosphate metabolic process","5/51","135/18860",0.037037037037037,13.6964415395788,7.70902676416281,3.14598737526067e-05,0.000222552590934227,8.9606125211835e-05,"IGF1/PKM/LDHA/ENO1/GAPDH",5
"GO:0045333","cellular respiration","7/51","336/18860",0.0208333333333333,7.70424836601307,6.45674912620839,3.15981367359995e-05,0.000222552590934227,8.9606125211835e-05,"IGF1/SOD2/CAT/PKM/LDHA/ENO1/GAPDH",7
"GO:0001759","organ induction","3/51","23/18860",0.130434782608696,48.2352941176471,11.8028323431169,3.17551538890094e-05,0.000222552590934227,8.9606125211835e-05,"FGF2/BMP2/DKK1",3
"GO:0042659","regulation of cell fate specification","3/51","23/18860",0.130434782608696,48.2352941176471,11.8028323431169,3.17551538890094e-05,0.000222552590934227,8.9606125211835e-05,"FGF2/WNT3A/DKK1",3
"GO:0140112","extracellular vesicle biogenesis","3/51","23/18860",0.130434782608696,48.2352941176471,11.8028323431169,3.17551538890094e-05,0.000222552590934227,8.9606125211835e-05,"TSG101/SDCBP/PDCD6IP",3
"GO:0045216","cell-cell junction organization","6/51","226/18860",0.0265486725663717,9.81780322748569,6.94421473869907,3.18036478686736e-05,0.000222552590934227,8.9606125211835e-05,"CD9/PDCD6IP/TGFB1/TGFB3/VEGFA/ACTB",6
"GO:0032612","interleukin-1 production","5/51","136/18860",0.0367647058823529,13.5957324106113,7.67635637663932,3.25943605469473e-05,0.00022656801626327,9.12228518619388e-05,"IGF1/IL10/WNT5A/HSPB1/ANXA1",5
"GO:0032652","regulation of interleukin-1 production","5/51","136/18860",0.0367647058823529,13.5957324106113,7.67635637663932,3.25943605469473e-05,0.00022656801626327,9.12228518619388e-05,"IGF1/IL10/WNT5A/HSPB1/ANXA1",5
"GO:0045619","regulation of lymphocyte differentiation","6/51","227/18860",0.026431718061674,9.77455299300337,6.92561113690445,3.26002488166423e-05,0.00022656801626327,9.12228518619388e-05,"TGFB1/IL10/SHH/SOD1/ACTB/ANXA1",6
"GO:0009154","purine ribonucleotide catabolic process","5/51","137/18860",0.0364963503649635,13.4964934879061,7.64402849310347,3.3760354131133e-05,0.000234097364668379,9.42543858158665e-05,"IGF1/PKM/LDHA/ENO1/GAPDH",5
"GO:0001655","urogenital system development","4/51","68/18860",0.0588235294117647,21.7531718569781,8.92717404763395,3.39913921306876e-05,0.000234632890024271,9.44700038497558e-05,"IGF1/MMP2/WNT5A/SHH",4
"GO:0001885","endothelial cell development","4/51","68/18860",0.0588235294117647,21.7531718569781,8.92717404763395,3.39913921306876e-05,0.000234632890024271,9.44700038497558e-05,"VEGFA/GPX1/MSN/EZR",4
"GO:0010810","regulation of cell-substrate adhesion","6/51","230/18860",0.0260869565217391,9.64705882352941,6.87048615856416,3.50868530513473e-05,0.000241647829931514,9.7294422029042e-05,"ITGA5/ITGB3/VEGFA/PDGFB/FN1/COL1A1",6
"GO:0007409","axonogenesis","8/51","472/18860",0.0169491525423729,6.26786307743436,6.03531295745092,3.58914914618473e-05,0.000245588135848844,9.88809034261764e-05,"ITGB1/VEGFA/CXCL12/FN1/WNT3A/WNT5A/SHH/ACTB",8
"GO:0048568","embryonic organ development","8/51","472/18860",0.0169491525423729,6.26786307743436,6.03531295745092,3.58914914618473e-05,0.000245588135848844,9.88809034261764e-05,"TGFB1/VEGFA/PDGFB/IL10/WNT3A/WNT5A/SHH/SOD1",8
"GO:0001934","positive regulation of protein phosphorylation","6/51","231/18860",0.025974025974026,9.60529666412019,6.85233569311737,3.5948790298202e-05,0.000245588135848844,9.88809034261764e-05,"FGF2/IGF1/VEGFA/PDGFB/BMP2/WNT5A",6
"GO:0080164","regulation of nitric oxide metabolic process","4/51","69/18860",0.0579710144927536,21.437908496732,8.85620405651163,3.60114054523775e-05,0.000245588135848844,9.88809034261764e-05,"IGF1/IL10/SOD2/HSP90AA1",4
"GO:0010988","regulation of low-density lipoprotein particle clearance","3/51","24/18860",0.125,46.2254901960784,11.54399494462,3.62224389157587e-05,0.000245588135848844,9.88809034261764e-05,"ITGAV/ITGB3/ANXA2",3
"GO:0036480","neuron intrinsic apoptotic signaling pathway in response to oxidative stress","3/51","24/18860",0.125,46.2254901960784,11.54399494462,3.62224389157587e-05,0.000245588135848844,9.88809034261764e-05,"FGF2/IL10/MMP2",3
"GO:2001026","regulation of endothelial cell chemotaxis","3/51","24/18860",0.125,46.2254901960784,11.54399494462,3.62224389157587e-05,0.000245588135848844,9.88809034261764e-05,"FGF2/VEGFA/HSPB1",3
"GO:0009132","nucleoside diphosphate metabolic process","5/51","141/18860",0.0354609929078014,13.1136142400223,7.51802107174806,3.87516889228898e-05,0.000261573900229506,0.00010531723561484,"IGF1/PKM/LDHA/ENO1/GAPDH",5
"GO:0045621","positive regulation of lymphocyte differentiation","5/51","141/18860",0.0354609929078014,13.1136142400223,7.51802107174806,3.87516889228898e-05,0.000261573900229506,0.00010531723561484,"TGFB1/IL10/SHH/ACTB/ANXA1",5
"GO:0048662","negative regulation of smooth muscle cell proliferation","4/51","71/18860",0.0563380281690141,20.8340237503452,8.71865986519632,4.0313323475819e-05,0.000270916189261506,0.000109078712024764,"TGFB3/BMP2/IL10/SOD2",4
"GO:2000379","positive regulation of reactive oxygen species metabolic process","4/51","71/18860",0.0563380281690141,20.8340237503452,8.71865986519632,4.0313323475819e-05,0.000270916189261506,0.000109078712024764,"TGFB1/PDGFB/SOD1/SOD2",4
"GO:0014856","skeletal muscle cell proliferation","3/51","25/18860",0.12,44.3764705882353,11.3006381536472,4.10834218159633e-05,0.0002742790371127,0.000110432692063179,"FGF2/HGF/SHH",3
"GO:0048641","regulation of skeletal muscle tissue development","3/51","25/18860",0.12,44.3764705882353,11.3006381536472,4.10834218159633e-05,0.0002742790371127,0.000110432692063179,"TGFB1/WNT3A/SHH",3
"GO:0051152","positive regulation of smooth muscle cell differentiation","3/51","25/18860",0.12,44.3764705882353,11.3006381536472,4.10834218159633e-05,0.0002742790371127,0.000110432692063179,"TGFB1/SHH/SOD2",3
"GO:0072593","reactive oxygen species metabolic process","6/51","237/18860",0.0253164556962025,9.36212459667411,6.7457081973711,4.14849195358044e-05,0.00027635478057585,0.000111268446560064,"TGFB1/PDGFB/SOD1/SOD2/CAT/GPX1",6
"GO:1902115","regulation of organelle assembly","6/51","238/18860",0.0252100840336134,9.32278793870489,6.72830564123695,4.24707212502845e-05,0.000282305382428362,0.00011366433138191,"TSG101/SDCBP/PDCD6IP/HSPA1A/MSN/EZR",6
"GO:0009261","ribonucleotide catabolic process","5/51","144/18860",0.0347222222222222,12.8404139433551,7.42682479295348,4.28565305267163e-05,0.000284250597036982,0.000114447531177753,"IGF1/PKM/LDHA/ENO1/GAPDH",5
"GO:0097191","extrinsic apoptotic signaling pathway","6/51","239/18860",0.0251046025104603,9.28378045778981,6.71100551816942,4.34752442016038e-05,0.000287728785377642,0.000115847950641104,"ITGAV/TGFB1/HGF/IGF1/GPX1/HSPA1A",6
"GO:0001889","liver development","5/51","145/18860",0.0344827586206897,12.7518593644354,7.39702754700385,4.42970690704944e-05,0.000291272322702755,0.000117274681500152,"TGFB1/HGF/IL10/WNT3A/SOD2",5
"GO:0006195","purine nucleotide catabolic process","5/51","145/18860",0.0344827586206897,12.7518593644354,7.39702754700385,4.42970690704944e-05,0.000291272322702755,0.000117274681500152,"IGF1/PKM/LDHA/ENO1/GAPDH",5
"GO:0050770","regulation of axonogenesis","5/51","145/18860",0.0344827586206897,12.7518593644354,7.39702754700385,4.42970690704944e-05,0.000291272322702755,0.000117274681500152,"VEGFA/CXCL12/FN1/WNT3A/WNT5A",5
"GO:0016055","Wnt signaling pathway","8/51","487/18860",0.0164271047227926,6.07480774650723,5.90820563207326,4.47863318635307e-05,0.000293856125840069,0.000118314995551195,"TGFB1/FGF2/BMP2/COL1A1/WNT3A/WNT5A/SHH/DKK1",8
"GO:0072577","endothelial cell apoptotic process","4/51","73/18860",0.0547945205479452,20.2632285791029,8.58664198253093,4.49797446279445e-05,0.000294491847338752,0.000118570955456994,"ITGB3/TGFB1/IL10/CCL2",4
"GO:0050868","negative regulation of T cell activation","5/51","146/18860",0.0342465753424658,12.6645178619393,7.36752253489331,4.57748327790907e-05,0.000299055706229134,0.000120408497358726,"TGFB1/IL10/SHH/IDO1/ANXA1",5
"GO:0060343","trabecula formation","3/51","26/18860",0.115384615384615,42.6696832579185,11.071262685674,4.63536337102248e-05,0.00030219003514935,0.000121670469050455,"VEGFA/MMP2/COL1A1",3
"GO:0051148","negative regulation of muscle cell differentiation","4/51","74/18860",0.0540540540540541,19.9894011658718,8.52258880680659,4.74554651886307e-05,0.000308056647426622,0.000124032537234338,"PDGFB/BMP2/SHH/DKK1",4
"GO:0061180","mammary gland epithelium development","4/51","74/18860",0.0540540540540541,19.9894011658718,8.52258880680659,4.74554651886307e-05,0.000308056647426622,0.000124032537234338,"TGFB1/FGF2/WNT5A/GPX1",4
"GO:0061008","hepaticobiliary system development","5/51","148/18860",0.0337837837837838,12.4933757286698,7.30936960241257,4.8844711000074e-05,0.000316401726669269,0.000127392508072603,"TGFB1/HGF/IL10/WNT3A/SOD2",5
"GO:0051052","regulation of DNA metabolic process","8/51","497/18860",0.0160965794768612,5.95257821438435,5.82638642756541,5.16862384420502e-05,0.000333061611014925,0.000134100260502827,"TGFB1/FGF2/HGF/VEGFA/PDGFB/IL10/HSP90AA1/ACTB",8
"GO:0052547","regulation of peptidase activity","3/51","27/18860",0.111111111111111,41.0893246187364,10.8545652523148,5.20484790625698e-05,0.000333061611014925,0.000134100260502827,"TIMP1/TIMP2/GAPDH",3
"GO:0062009","secondary palate development","3/51","27/18860",0.111111111111111,41.0893246187364,10.8545652523148,5.20484790625698e-05,0.000333061611014925,0.000134100260502827,"TGFB3/WNT3A/WNT5A",3
"GO:0090280","positive regulation of calcium ion import","3/51","27/18860",0.111111111111111,41.0893246187364,10.8545652523148,5.20484790625698e-05,0.000333061611014925,0.000134100260502827,"PDGFB/CCL2/CXCL12",3
"GO:1902894","negative regulation of miRNA transcription","3/51","27/18860",0.111111111111111,41.0893246187364,10.8545652523148,5.20484790625698e-05,0.000333061611014925,0.000134100260502827,"TGFB1/VEGFA/PDGFB",3
"GO:0045861","negative regulation of proteolysis","5/51","150/18860",0.0333333333333333,12.3267973856209,7.25232791839676,5.20715793032184e-05,0.000333061611014925,0.000134100260502827,"IL10/TIMP1/TIMP2/SHH/GAPDH",5
"GO:0009743","response to carbohydrate","6/51","247/18860",0.0242914979757085,8.98309121219338,6.57616868048451,5.22175016005126e-05,0.000333296228835071,0.000134194724439106,"TGFB1/IGF1/COL1A1/SOD2/CAT/GPX1",6
"GO:0021700","developmental maturation","7/51","364/18860",0.0192307692307692,7.11161387631976,6.13097092850649,5.24990562243188e-05,0.000333608160603235,0.000134320317212294,"CD63/TGFB1/IGF1/VEGFA/BMP2/MMP2/WNT5A",7
"GO:0033627","cell adhesion mediated by integrin","4/51","76/18860",0.0526315789473684,19.4633642930857,8.39817963975391,5.27037474305995e-05,0.000333608160603235,0.000134320317212294,"ITGA5/ITGB1/ITGAV/ITGB3",4
"GO:0050818","regulation of coagulation","4/51","76/18860",0.0526315789473684,19.4633642930857,8.39817963975391,5.27037474305995e-05,0.000333608160603235,0.000134320317212294,"CD9/PDGFB/ANXA2/ANXA5",4
"GO:0071260","cellular response to mechanical stimulus","4/51","76/18860",0.0526315789473684,19.4633642930857,8.39817963975391,5.27037474305995e-05,0.000333608160603235,0.000134320317212294,"ITGB3/TGFB1/FGF2/COL1A1",4
"GO:0031346","positive regulation of cell projection organization","7/51","367/18860",0.0190735694822888,7.0534807928621,6.09812161340942,5.52887796645456e-05,0.000349246515023869,0.000140616772079165,"TGFB3/VEGFA/CXCL12/FN1/WNT3A/WNT5A/HSP90AA1",7
"GO:0061045","negative regulation of wound healing","4/51","77/18860",0.051948051948052,19.2105933282404,8.3377437672204,5.54810973442878e-05,0.000349737247928558,0.000140814355373606,"CD9/FGF2/PDGFB/ANXA2",4
"GO:0034614","cellular response to reactive oxygen species","5/51","153/18860",0.0326797385620915,12.0850954760989,7.16876997596486,5.72183311009739e-05,0.000358466382318422,0.00014432895794842,"HGF/MMP2/SOD1/SOD2/CAT",5
"GO:0035148","tube formation","5/51","153/18860",0.0326797385620915,12.0850954760989,7.16876997596486,5.72183311009739e-05,0.000358466382318422,0.00014432895794842,"TGFB1/FGF2/VEGFA/WNT5A/SHH",5
"GO:0050671","positive regulation of lymphocyte proliferation","5/51","153/18860",0.0326797385620915,12.0850954760989,7.16876997596486,5.72183311009739e-05,0.000358466382318422,0.00014432895794842,"CD81/IGF1/WNT3A/SHH/ANXA1",5
"GO:0036010","protein localization to endosome","3/51","28/18860",0.107142857142857,39.6218487394958,10.6494067883282,5.81832363258472e-05,0.000361926804340545,0.000145722224176859,"VEGFA/MSN/EZR",3
"GO:0051043","regulation of membrane protein ectodomain proteolysis","3/51","28/18860",0.107142857142857,39.6218487394958,10.6494067883282,5.81832363258472e-05,0.000361926804340545,0.000145722224176859,"IL10/TIMP1/TIMP2",3
"GO:0050772","positive regulation of axonogenesis","4/51","78/18860",0.0512820512820513,18.964303670186,8.27843677184984,5.83638111227624e-05,0.000361926804340545,0.000145722224176859,"VEGFA/CXCL12/FN1/WNT3A",4
"GO:0071496","cellular response to external stimulus","4/51","78/18860",0.0512820512820513,18.964303670186,8.27843677184984,5.83638111227624e-05,0.000361926804340545,0.000145722224176859,"ITGB3/TGFB1/FGF2/COL1A1",4
"GO:2000242","negative regulation of reproductive process","4/51","78/18860",0.0512820512820513,18.964303670186,8.27843677184984,5.83638111227624e-05,0.000361926804340545,0.000145722224176859,"IGF1/TIMP1/WNT5A/SOD1",4
"GO:0032946","positive regulation of mononuclear cell proliferation","5/51","155/18860",0.032258064516129,11.9291587602783,7.11435107338508,6.08620264159947e-05,0.000376653230416227,0.000151651510254011,"CD81/IGF1/WNT3A/SHH/ANXA1",5
"GO:0007517","muscle organ development","7/51","373/18860",0.0187667560321716,6.94001997581875,6.03351873826074,6.1233854941936e-05,0.000378165786934471,0.000152260509359322,"ITGB1/TGFB1/IGF1/BMP2/WNT3A/SHH/GPX1",7
"GO:0042130","negative regulation of T cell proliferation","4/51","79/18860",0.0506329113924051,18.7242491933482,8.22022304534944,6.13543312135572e-05,0.000378165786934471,0.000152260509359322,"TGFB1/IL10/SHH/IDO1",4
"GO:0006809","nitric oxide biosynthetic process","4/51","80/18860",0.05,18.4901960784314,8.16306853785791,6.44551188706623e-05,0.000396476950956433,0.000159633114860066,"IGF1/IL10/SOD2/HSP90AA1",4
"GO:0002092","positive regulation of receptor internalization","3/51","29/18860",0.103448275862069,38.2555780933063,10.4547867566481,6.47730585844728e-05,0.000396832533616921,0.000159776282748002,"CD63/VEGFA/WNT3A",3
"GO:2000629","negative regulation of miRNA metabolic process","3/51","29/18860",0.103448275862069,38.2555780933063,10.4547867566481,6.47730585844728e-05,0.000396832533616921,0.000159776282748002,"TGFB1/VEGFA/PDGFB",3
"GO:1904375","regulation of protein localization to cell periphery","5/51","158/18860",0.0316455696202532,11.7026557458426,7.03457134553293,6.66607805214407e-05,0.00040757924122428,0.000164103218792366,"ITGB1/TGFB1/WNT3A/ACTB/EZR",5
"GO:0001570","vasculogenesis","4/51","82/18860",0.0487804878048781,18.0392156862745,8.05180825814977,7.09974341990927e-05,0.000433226343482863,0.000174429485705981,"ITGAV/TGFB1/VEGFA/SHH",4
"GO:0045667","regulation of osteoblast differentiation","5/51","161/18860",0.031055900621118,11.484593837535,6.95691862249885,7.28771060782322e-05,0.000443808484320732,0.000178690162397935,"FGF2/HGF/IGF1/VEGFA/BMP2",5
"GO:0021536","diencephalon development","4/51","83/18860",0.0481927710843374,17.8218757382471,7.9976414266142,7.44439758181847e-05,0.00045244735103841,0.000182168420590945,"FGF2/BMP2/WNT5A/SHH",4
"GO:0072523","purine-containing compound catabolic process","5/51","163/18860",0.0306748466257669,11.3436785757248,6.90628378458243,7.7263358876162e-05,0.000468649121135527,0.000188691722943353,"IGF1/PKM/LDHA/ENO1/GAPDH",5
"GO:0048678","response to axon injury","4/51","84/18860",0.0476190476190476,17.609710550887,7.94441154937209,7.80108123306897e-05,0.000471308887962246,0.000189762622178041,"FGF2/MMP2/SOD1/SOD2",4
"GO:0060390","regulation of SMAD protein signal transduction","4/51","84/18860",0.0476190476190476,17.609710550887,7.94441154937209,7.80108123306897e-05,0.000471308887962246,0.000189762622178041,"TGFB1/TGFB3/BMP2/DKK1",4
"GO:0033688","regulation of osteoblast proliferation","3/51","31/18860",0.0967741935483871,35.7874762808349,10.093730558205,7.93778874212189e-05,0.00047767639945195,0.000192326366906597,"ITGAV/ITGB3/BMP2",3
"GO:0090162","establishment of epithelial cell polarity","3/51","31/18860",0.0967741935483871,35.7874762808349,10.093730558205,7.93778874212189e-05,0.00047767639945195,0.000192326366906597,"WNT5A/SHH/MSN",3
"GO:0045921","positive regulation of exocytosis","4/51","85/18860",0.0470588235294118,17.4025374855825,7.89209117793693,8.17004947250697e-05,0.000489658109976453,0.000197150550929815,"TSG101/SDCBP/PDCD6IP/ANXA2",4
"GO:0061053","somite development","4/51","85/18860",0.0470588235294118,17.4025374855825,7.89209117793693,8.17004947250697e-05,0.000489658109976453,0.000197150550929815,"WNT3A/WNT5A/SHH/DKK1",4
"GO:0030902","hindbrain development","5/51","165/18860",0.0303030303030303,11.2061794414736,6.85652402532831,8.18504215299873e-05,0.000489658109976453,0.000197150550929815,"ITGB1/FGF2/IGF1/SHH/TUBA1A",5
"GO:0030336","negative regulation of cell migration","7/51","391/18860",0.0179028132992327,6.62053056516724,5.84797580367612,8.22917435087177e-05,0.000491334852143048,0.000197825655937117,"CD63/TGFB1/FGF2/CCL2/CXCL12/TIMP1/SHH",7
"GO:0007584","response to nutrient","5/51","167/18860",0.029940119760479,11.0719736996595,6.8076133412224,8.66445607998298e-05,0.000515307124756882,0.000207477587880171,"TGFB1/COL1A1/SOD2/CAT/GPX1",5
"GO:2001236","regulation of extrinsic apoptotic signaling pathway","5/51","167/18860",0.029940119760479,11.0719736996595,6.8076133412224,8.66445607998298e-05,0.000515307124756882,0.000207477587880171,"ITGAV/HGF/IGF1/GPX1/HSPA1A",5
"GO:0006007","glucose catabolic process","3/51","32/18860",0.09375,34.6691176470588,9.92581541462497,8.74225790737242e-05,0.000518922740766405,0.000208933339707221,"PKM/LDHA/ENO1",3
"GO:0009166","nucleotide catabolic process","5/51","168/18860",0.0297619047619048,11.0060690943044,6.78346857185021,8.91212694896827e-05,0.000526955413203531,0.000212167526508486,"IGF1/PKM/LDHA/ENO1/GAPDH",5
"GO:0071897","DNA biosynthetic process","5/51","168/18860",0.0297619047619048,11.0060690943044,6.78346857185021,8.91212694896827e-05,0.000526955413203531,0.000212167526508486,"FGF2/HGF/VEGFA/PDGFB/HSP90AA1",5
"GO:0050871","positive regulation of B cell activation","4/51","87/18860",0.0459770114942529,17.0024791525806,7.79007468572425,8.94586863413104e-05,0.000527927373360422,0.000212558865846094,"CD81/TGFB1/IL10/WNT3A",4
"GO:0001894","tissue homeostasis","6/51","275/18860",0.0218181818181818,8.06844919786096,6.14852255152167,9.4503347618382e-05,0.000555548581086095,0.000223679964852757,"ITGB1/ITGB3/VEGFA/SOD1/ACTB/TUBA1A",6
"GO:0060249","anatomical structure homeostasis","6/51","275/18860",0.0218181818181818,8.06844919786096,6.14852255152167,9.4503347618382e-05,0.000555548581086095,0.000223679964852757,"ITGB1/ITGB3/VEGFA/SOD1/ACTB/TUBA1A",6
"GO:0014850","response to muscle activity","3/51","33/18860",0.0909090909090909,33.6185383244207,9.76545469662257,9.5981707137405e-05,0.000559923878539623,0.00022544158645336,"ITGA5/ITGB1/FN1",3
"GO:0035767","endothelial cell chemotaxis","3/51","33/18860",0.0909090909090909,33.6185383244207,9.76545469662257,9.5981707137405e-05,0.000559923878539623,0.00022544158645336,"FGF2/VEGFA/HSPB1",3
"GO:0051450","myoblast proliferation","3/51","33/18860",0.0909090909090909,33.6185383244207,9.76545469662257,9.5981707137405e-05,0.000559923878539623,0.00022544158645336,"HGF/IGF1/GPX1",3
"GO:0060055","angiogenesis involved in wound healing","3/51","33/18860",0.0909090909090909,33.6185383244207,9.76545469662257,9.5981707137405e-05,0.000559923878539623,0.00022544158645336,"ITGB3/VEGFA/GPX1",3
"GO:0046209","nitric oxide metabolic process","4/51","89/18860",0.0449438202247191,16.6204009693765,7.69139368604321,9.77392956164775e-05,0.000568617820101809,0.000228942019375463,"IGF1/IL10/SOD2/HSP90AA1",4
"GO:0008544","epidermis development","7/51","402/18860",0.0174129353233831,6.43937176860794,5.74025272820954,9.7844757637971e-05,0.000568617820101809,0.000228942019375463,"TSG101/FGF2/WNT5A/SHH/DKK1/SOD1/ANXA1",7
"GO:0031647","regulation of protein stability","7/51","404/18860",0.0173267326732673,6.40749369054553,5.72109920069897,0.000100914766407176,0.000585344015795238,0.000235676470676756,"CD81/IGF1/BMP2/HSPA8/HSP90AA1/HSPA1A/GAPDH",7
"GO:0021872","forebrain generation of neurons","4/51","90/18860",0.0444444444444444,16.4357298474946,7.64324626113136,0.000102082061116328,0.000588756840200221,0.000237050572724614,"FGF2/BMP2/WNT3A/WNT5A",4
"GO:0098869","cellular oxidant detoxification","4/51","90/18860",0.0444444444444444,16.4357298474946,7.64324626113136,0.000102082061116328,0.000588756840200221,0.000237050572724614,"SOD1/SOD2/CAT/GPX1",4
"GO:1905477","positive regulation of protein localization to membrane","4/51","90/18860",0.0444444444444444,16.4357298474946,7.64324626113136,0.000102082061116328,0.000588756840200221,0.000237050572724614,"CD81/ITGB1/WNT3A/EZR",4
"GO:0070665","positive regulation of leukocyte proliferation","5/51","173/18860",0.0289017341040462,10.68797461181,6.66573149793704,0.000102333581534998,0.000589093881628829,0.00023718627537506,"CD81/IGF1/WNT3A/SHH/ANXA1",5
"GO:2000146","negative regulation of cell motility","7/51","406/18860",0.0172413793103448,6.37592968221771,5.702074709318,0.000104062970720835,0.000597921136853612,0.000240740384242669,"CD63/TGFB1/FGF2/CCL2/CXCL12/TIMP1/SHH",7
"GO:0002828","regulation of type 2 immune response","3/51","34/18860",0.0882352941176471,32.6297577854671,9.6120907540931,0.000105069807403425,0.000599635897282672,0.000241430796504641,"CD81/IDO1/ANXA1",3
"GO:0030212","hyaluronan metabolic process","3/51","34/18860",0.0882352941176471,32.6297577854671,9.6120907540931,0.000105069807403425,0.000599635897282672,0.000241430796504641,"TGFB1/FGF2/PDGFB",3
"GO:0060914","heart formation","3/51","34/18860",0.0882352941176471,32.6297577854671,9.6120907540931,0.000105069807403425,0.000599635897282672,0.000241430796504641,"BMP2/WNT5A/DKK1",3
"GO:0030308","negative regulation of cell growth","5/51","174/18860",0.028735632183908,10.6265494703629,6.64276156164483,0.000105147559831606,0.000599635897282672,0.000241430796504641,"TGFB1/WNT3A/WNT5A/HSPA1A/ENO1",5
"GO:2001057","reactive nitrogen species metabolic process","4/51","91/18860",0.043956043956044,16.255117431588,7.5958652049371,0.000106563327909654,0.000606575957933496,0.000244225066124442,"IGF1/IL10/SOD2/HSP90AA1",4
"GO:0060021","roof of mouth development","4/51","92/18860",0.0434782608695652,16.078431372549,7.54922979116708,0.000111185760934082,0.000631709043966262,0.000254344375203515,"TGFB3/WNT3A/WNT5A/SHH",4
"GO:0002719","negative regulation of cytokine production involved in immune response","3/51","35/18860",0.0857142857142857,31.6974789915966,9.46522202515414,0.000114701294095768,0.000649264653592187,0.000261412772599866,"TGFB1/TGFB3/IL10",3
"GO:0031128","developmental induction","3/51","35/18860",0.0857142857142857,31.6974789915966,9.46522202515414,0.000114701294095768,0.000649264653592187,0.000261412772599866,"FGF2/BMP2/DKK1",3
"GO:0071695","anatomical structure maturation","6/51","287/18860",0.0209059233449477,7.73109243697479,5.98338624573804,0.000119418633771373,0.000674715280808257,0.000271659932965287,"TGFB1/IGF1/VEGFA/BMP2/MMP2/WNT5A",6
"GO:0090316","positive regulation of intracellular protein transport","4/51","94/18860",0.0425531914893617,15.7363370880267,7.45811684633485,0.000120864861159357,0.000681624198516077,0.000274441663533358,"CD81/TGFB1/SHH/HSP90AA1",4
"GO:0033687","osteoblast proliferation","3/51","36/18860",0.0833333333333333,30.8169934640523,9.32439598084008,0.000124890460495662,0.000703027296996801,0.000283059171486576,"ITGAV/ITGB3/BMP2",3
"GO:0050672","negative regulation of lymphocyte proliferation","4/51","95/18860",0.0421052631578947,15.5706914344685,7.4136016134002,0.000125926933177521,0.000706255649126136,0.000284358999648157,"TGFB1/IL10/SHH/IDO1",4
"GO:0072091","regulation of stem cell proliferation","4/51","95/18860",0.0421052631578947,15.5706914344685,7.4136016134002,0.000125926933177521,0.000706255649126136,0.000284358999648157,"TGFB1/FGF2/WNT5A/SHH",4
"GO:0021537","telencephalon development","6/51","291/18860",0.0206185567010309,7.62482312512634,5.9304560136621,0.000128794344336338,0.000721012008385626,0.000290300337692913,"BMP2/CXCL12/WNT3A/WNT5A/SHH/TUBA1A",6
"GO:0051250","negative regulation of lymphocyte activation","5/51","183/18860",0.0273224043715847,10.1039322832958,6.44410442239839,0.000133236749872271,0.000744515245165383,0.000299763422211183,"TGFB1/IL10/SHH/IDO1/ANXA1",5
"GO:0090050","positive regulation of cell migration involved in sprouting angiogenesis","3/51","37/18860",0.0810810810810811,29.9841017488076,9.18920312534037,0.000135651479563434,0.00075524208786138,0.000304082360066322,"FGF2/VEGFA/ANXA1",3
"GO:2000406","positive regulation of T cell migration","3/51","37/18860",0.0810810810810811,29.9841017488076,9.18920312534037,0.000135651479563434,0.00075524208786138,0.000304082360066322,"ITGB3/CXCL12/WNT5A",3
"GO:0002690","positive regulation of leukocyte chemotaxis","4/51","97/18860",0.0412371134020619,15.2496462502527,7.32656447757087,0.000136509741554498,0.000755882434632984,0.000304340182241092,"VEGFA/CCL2/CXCL12/WNT5A",4
"GO:0032945","negative regulation of mononuclear cell proliferation","4/51","97/18860",0.0412371134020619,15.2496462502527,7.32656447757087,0.000136509741554498,0.000755882434632984,0.000304340182241092,"TGFB1/IL10/SHH/IDO1",4
"GO:0045666","positive regulation of neuron differentiation","4/51","97/18860",0.0412371134020619,15.2496462502527,7.32656447757087,0.000136509741554498,0.000755882434632984,0.000304340182241092,"FGF2/BMP2/CXCL12/DKK1",4
"GO:0072659","protein localization to plasma membrane","6/51","295/18860",0.0203389830508475,7.52143569292124,5.87852422723473,0.000138746015004539,0.000766873354671827,0.000308765445290422,"CD81/ITGB1/TGFB1/WNT3A/ACTB/EZR",6
"GO:0009060","aerobic respiration","6/51","297/18860",0.0202020202020202,7.47078629431571,5.85292237603794,0.000143945732505762,0.000794174375904304,0.000319757627932282,"IGF1/CAT/PKM/LDHA/ENO1/GAPDH",6
"GO:0010934","macrophage cytokine production","3/51","38/18860",0.0789473684210526,29.1950464396285,9.05927187005759,0.000146998404557786,0.000803749341049829,0.000323612786491107,"TGFB1/TGFB3/WNT5A",3
"GO:0010935","regulation of macrophage cytokine production","3/51","38/18860",0.0789473684210526,29.1950464396285,9.05927187005759,0.000146998404557786,0.000803749341049829,0.000323612786491107,"TGFB1/TGFB3/WNT5A",3
"GO:0010984","regulation of lipoprotein particle clearance","3/51","38/18860",0.0789473684210526,29.1950464396285,9.05927187005759,0.000146998404557786,0.000803749341049829,0.000323612786491107,"ITGAV/ITGB3/ANXA2",3
"GO:0051346","negative regulation of hydrolase activity","3/51","38/18860",0.0789473684210526,29.1950464396285,9.05927187005759,0.000146998404557786,0.000803749341049829,0.000323612786491107,"TIMP1/TIMP2/GAPDH",3
"GO:1905332","positive regulation of morphogenesis of an epithelium","3/51","38/18860",0.0789473684210526,29.1950464396285,9.05927187005759,0.000146998404557786,0.000803749341049829,0.000323612786491107,"TGFB1/FGF2/VEGFA",3
"GO:0016052","carbohydrate catabolic process","5/51","187/18860",0.0267379679144385,9.88780538953549,6.36018658274602,0.000147423705762501,0.000804632784045422,0.000323968486253345,"IGF1/PKM/LDHA/ENO1/GAPDH",5
"GO:0007044","cell-substrate junction assembly","4/51","99/18860",0.0404040404040404,14.9415725886314,7.24207361306464,0.000147722427026877,0.000804823437248216,0.000324045248760085,"ITGA5/ITGB3/VEGFA/FN1",4
"GO:0060395","SMAD protein signal transduction","4/51","100/18860",0.04,14.7921568627451,7.20074341526804,0.000153571896574401,0.000835201170139927,0.000336276204714,"TGFB1/TGFB3/BMP2/DKK1",4
"GO:0017157","regulation of exocytosis","5/51","189/18860",0.0264550264550265,9.78317252827057,6.31917076199439,0.000154937131509852,0.000841126669460069,0.000338661982528558,"TSG101/SDCBP/PDCD6IP/ANXA1/ANXA2",5
"GO:0015980","energy derivation by oxidation of organic compounds","7/51","434/18860",0.0161290322580645,5.96457938013915,5.44845484019272,0.000157229288677131,0.000852054280202354,0.000343061755419672,"IGF1/SOD2/CAT/PKM/LDHA/ENO1/GAPDH",7
"GO:0001569","branching involved in blood vessel morphogenesis","3/51","39/18860",0.0769230769230769,28.446455505279,8.93426413493376,0.000158945169652519,0.000855276389082605,0.000344359069868171,"FGF2/VEGFA/SHH",3
"GO:0035633","maintenance of blood-brain barrier","3/51","39/18860",0.0769230769230769,28.446455505279,8.93426413493376,0.000158945169652519,0.000855276389082605,0.000344359069868171,"ITGB1/VEGFA/ACTB",3
"GO:0045773","positive regulation of axon extension","3/51","39/18860",0.0769230769230769,28.446455505279,8.93426413493376,0.000158945169652519,0.000855276389082605,0.000344359069868171,"VEGFA/CXCL12/FN1",3
"GO:0150146","cell junction disassembly","3/51","39/18860",0.0769230769230769,28.446455505279,8.93426413493376,0.000158945169652519,0.000855276389082605,0.000344359069868171,"ITGB1/TGFB3/DKK1",3
"GO:1903035","negative regulation of response to wounding","4/51","101/18860",0.0396039603960396,14.6456998641041,7.16000334258727,0.000159587169453901,0.00085721910916171,0.000345141265294111,"CD9/FGF2/PDGFB/ANXA2",4
"GO:1901292","nucleoside phosphate catabolic process","5/51","191/18860",0.0261780104712042,9.6807309311159,6.27876192264362,0.000162740378442383,0.000872620201454676,0.000351342191549831,"IGF1/PKM/LDHA/ENO1/GAPDH",5
"GO:0002042","cell migration involved in sprouting angiogenesis","4/51","102/18860",0.0392156862745098,14.5021145713187,7.11983901547056,0.000165771050931331,0.000887311362090334,0.000357257278738436,"ITGB1/FGF2/VEGFA/ANXA1",4
"GO:0043254","regulation of protein-containing complex assembly","7/51","438/18860",0.0159817351598174,5.91010833557167,5.41403807592532,0.00016636040321821,0.000888906462729874,0.000357899512500048,"TGFB1/VEGFA/DKK1/HSPA8/HSP90AA1/HSPA1A/MSN",7
"GO:0032885","regulation of polysaccharide biosynthetic process","3/51","40/18860",0.075,27.7352941176471,8.81387155814302,0.000171505590550702,0.000911608983920196,0.000367040205708178,"TGFB1/IGF1/PDGFB",3
"GO:0034383","low-density lipoprotein particle clearance","3/51","40/18860",0.075,27.7352941176471,8.81387155814302,0.000171505590550702,0.000911608983920196,0.000367040205708178,"ITGAV/ITGB3/ANXA2",3
"GO:0042307","positive regulation of protein import into nucleus","3/51","40/18860",0.075,27.7352941176471,8.81387155814302,0.000171505590550702,0.000911608983920196,0.000367040205708178,"TGFB1/SHH/HSP90AA1",3
"GO:0030098","lymphocyte differentiation","7/51","441/18860",0.0158730158730159,5.86990351696234,5.38850379284936,0.000173487551636465,0.000920540034857141,0.000370636105738682,"ITGB1/TGFB1/IL10/SHH/SOD1/ACTB/ANXA1",7
"GO:0045580","regulation of T cell differentiation","5/51","194/18860",0.0257731958762887,9.53102890640792,6.21925283514542,0.000175005109871642,0.000926980191351356,0.000373229099452132,"TGFB1/SHH/SOD1/ACTB/ANXA1",5
"GO:1903706","regulation of hemopoiesis","7/51","443/18860",0.0158013544018059,5.8434028238835,5.37161125090508,0.00017837520961522,0.000943193699369215,0.000379757127831728,"TGFB1/IL10/SHH/SOD1/HSPA1A/ACTB/ANXA1",7
"GO:0032640","tumor necrosis factor production","5/51","196/18860",0.0255102040816327,9.43377350940376,6.18029451845382,0.000183565951657005,0.000965087466219795,0.000388572193095793,"TGFB1/IGF1/IL10/WNT5A/HSPB1",5
"GO:0032680","regulation of tumor necrosis factor production","5/51","196/18860",0.0255102040816327,9.43377350940376,6.18029451845382,0.000183565951657005,0.000965087466219795,0.000388572193095793,"TGFB1/IGF1/IL10/WNT5A/HSPB1",5
"GO:0016202","regulation of striated muscle tissue development","3/51","41/18860",0.0731707317073171,27.0588235294118,8.69781221713139,0.000184693365096297,0.000965087466219795,0.000388572193095793,"TGFB1/WNT3A/SHH",3
"GO:0035886","vascular associated smooth muscle cell differentiation","3/51","41/18860",0.0731707317073171,27.0588235294118,8.69781221713139,0.000184693365096297,0.000965087466219795,0.000388572193095793,"VEGFA/PDGFB/SOD2",3
"GO:0040036","regulation of fibroblast growth factor receptor signaling pathway","3/51","41/18860",0.0731707317073171,27.0588235294118,8.69781221713139,0.000184693365096297,0.000965087466219795,0.000388572193095793,"ITGB1/FGF2/WNT5A",3
"GO:0032637","interleukin-8 production","4/51","105/18860",0.0380952380952381,14.0877684407096,7.00266390710317,0.000185362587743297,0.000965087466219795,0.000388572193095793,"IL10/WNT5A/HSPA1A/ANXA1",4
"GO:0032677","regulation of interleukin-8 production","4/51","105/18860",0.0380952380952381,14.0877684407096,7.00266390710317,0.000185362587743297,0.000965087466219795,0.000388572193095793,"IL10/WNT5A/HSPA1A/ANXA1",4
"GO:0035282","segmentation","4/51","105/18860",0.0380952380952381,14.0877684407096,7.00266390710317,0.000185362587743297,0.000965087466219795,0.000388572193095793,"WNT3A/WNT5A/SHH/DKK1",4
"GO:0070664","negative regulation of leukocyte proliferation","4/51","105/18860",0.0380952380952381,14.0877684407096,7.00266390710317,0.000185362587743297,0.000965087466219795,0.000388572193095793,"TGFB1/IL10/SHH/IDO1",4
"GO:0048771","tissue remodeling","5/51","197/18860",0.0253807106598985,9.38588633422912,6.16102429875392,0.00018796457040785,0.000976967469019336,0.000393355426640296,"ITGB3/TGFB1/IGF1/MMP2/TIMP1",5
"GO:0031348","negative regulation of defense response","6/51","313/18860",0.0191693290734824,7.08889306521331,5.65633658740026,0.000191350810283569,0.00099287639825709,0.00039976082277287,"TGFB1/HGF/IGF1/IL10/SOD1/GPX1",6
"GO:1902107","positive regulation of leukocyte differentiation","5/51","199/18860",0.0251256281407035,9.29155581830722,6.12289307818969,0.000197003078952891,0.001018739650653,0.000410174117998258,"TGFB1/IL10/SHH/ACTB/ANXA1",5
"GO:1903708","positive regulation of hemopoiesis","5/51","199/18860",0.0251256281407035,9.29155581830722,6.12289307818969,0.000197003078952891,0.001018739650653,0.000410174117998258,"TGFB1/IL10/SHH/ACTB/ANXA1",5
"GO:0051702","biological process involved in interaction with symbiont","3/51","42/18860",0.0714285714285714,26.4145658263305,8.58582778141148,0.000198522073883256,0.00102312643144901,0.000411940363125463,"FN1/GPX1/GAPDH",3
"GO:0060391","positive regulation of SMAD protein signal transduction","3/51","42/18860",0.0714285714285714,26.4145658263305,8.58582778141148,0.000198522073883256,0.00102312643144901,0.000411940363125463,"TGFB1/TGFB3/BMP2",3
"GO:0071706","tumor necrosis factor superfamily cytokine production","5/51","201/18860",0.0248756218905473,9.19910252658277,6.08529628876568,0.000206369847433984,0.00105747750657567,0.000425771101855754,"TGFB1/IGF1/IL10/WNT5A/HSPB1",5
"GO:1903555","regulation of tumor necrosis factor superfamily cytokine production","5/51","201/18860",0.0248756218905473,9.19910252658277,6.08529628876568,0.000206369847433984,0.00105747750657567,0.000425771101855754,"TGFB1/IGF1/IL10/WNT5A/HSPB1",5
"GO:0042102","positive regulation of T cell proliferation","4/51","108/18860",0.037037037037037,13.6964415395788,6.89019737790185,0.000206573777095739,0.00105747750657567,0.000425771101855754,"CD81/IGF1/SHH/ANXA1",4
"GO:0050764","regulation of phagocytosis","4/51","108/18860",0.037037037037037,13.6964415395788,6.89019737790185,0.000206573777095739,0.00105747750657567,0.000425771101855754,"ITGAV/TGFB1/CCL2/SOD1",4
"GO:0043085","positive regulation of catalytic activity","6/51","318/18860",0.0188679245283019,6.97743248242693,5.59772444521361,0.000208454453339565,0.00106353601528263,0.000428210433105567,"ITGB1/FGF2/IGF1/PDGFB/BMP2/WNT5A",6
"GO:0048608","reproductive structure development","6/51","318/18860",0.0188679245283019,6.97743248242693,5.59772444521361,0.000208454453339565,0.00106353601528263,0.000428210433105567,"IGF1/VEGFA/MMP2/WNT5A/SHH/SOD1",6
"GO:0002700","regulation of production of molecular mediator of immune response","5/51","202/18860",0.0247524752475248,9.15356241506504,6.06669421668263,0.000211178811785683,0.0010756369862406,0.000433082634836818,"CD81/TGFB1/TGFB3/IL10/WNT5A",5
"GO:0021983","pituitary gland development","3/51","43/18860",0.0697674418604651,25.8002735978112,8.47768103148208,0.000213005180862095,0.00107774263152612,0.000433930428674287,"FGF2/BMP2/WNT5A",3
"GO:0045687","positive regulation of glial cell differentiation","3/51","43/18860",0.0697674418604651,25.8002735978112,8.47768103148208,0.000213005180862095,0.00107774263152612,0.000433930428674287,"TGFB1/BMP2/SHH",3
"GO:1901861","regulation of muscle tissue development","3/51","43/18860",0.0697674418604651,25.8002735978112,8.47768103148208,0.000213005180862095,0.00107774263152612,0.000433930428674287,"TGFB1/WNT3A/SHH",3
"GO:1904706","negative regulation of vascular associated smooth muscle cell proliferation","3/51","43/18860",0.0697674418604651,25.8002735978112,8.47768103148208,0.000213005180862095,0.00107774263152612,0.000433930428674287,"TGFB3/IL10/SOD2",3
"GO:0150115","cell-substrate junction organization","4/51","109/18860",0.036697247706422,13.5707861126102,6.85369911071688,0.000214017497230121,0.00108107182789586,0.000435270859650665,"ITGA5/ITGB3/VEGFA/FN1",4
"GO:0014812","muscle cell migration","4/51","110/18860",0.0363636363636364,13.4474153297683,6.81767747932613,0.00022165270270439,0.00111778908421669,0.000450054291528531,"ITGB3/IGF1/PDGFB/ANXA1",4
"GO:0050807","regulation of synapse organization","6/51","322/18860",0.0186335403726708,6.89075630252101,5.5517399951342,0.000222989107054922,0.00112267288056859,0.000452020649527695,"ITGB1/IL10/WNT3A/WNT5A/DKK1/TUBA1A",6
"GO:0061458","reproductive system development","6/51","323/18860",0.0185758513931889,6.86942269167729,5.54036641567461,0.000226744911474058,0.00113970135899069,0.000458876808619137,"IGF1/VEGFA/MMP2/WNT5A/SHH/SOD1",6
"GO:1900744","regulation of p38MAPK cascade","3/51","44/18860",0.0681818181818182,25.2139037433155,8.37315368949201,0.000228156033943948,0.0011430280124187,0.000460216215733451,"HGF/BMP2/EZR",3
"GO:2000403","positive regulation of lymphocyte migration","3/51","44/18860",0.0681818181818182,25.2139037433155,8.37315368949201,0.000228156033943948,0.0011430280124187,0.000460216215733451,"ITGB3/CXCL12/WNT5A",3
"GO:0090100","positive regulation of transmembrane receptor protein serine/threonine kinase signaling pathway","4/51","111/18860",0.036036036036036,13.3262674439145,6.78212182115368,0.00022948230384003,0.00114778771969825,0.000462132611874574,"SDCBP/TGFB1/TGFB3/BMP2",4
"GO:0006006","glucose metabolic process","5/51","206/18860",0.0242718446601942,8.97582333904436,5.99355803664148,0.000231275328229083,0.0011548625637102,0.000464981149183116,"IGF1/PKM/LDHA/ENO1/GAPDH",5
"GO:0002520","immune system development","5/51","208/18860",0.0240384615384615,8.8895173453997,5.95773201764104,0.000241854227392125,0.00120571445714603,0.000485455595745803,"TGFB1/IL10/SHH/IDO1/SOD1",5
"GO:0042554","superoxide anion generation","3/51","45/18860",0.0666666666666667,24.6535947712418,8.27204451638053,0.000243987865602124,0.00121041785032858,0.00048734931819885,"TGFB1/SOD1/SOD2",3
"GO:0048634","regulation of muscle organ development","3/51","45/18860",0.0666666666666667,24.6535947712418,8.27204451638053,0.000243987865602124,0.00121041785032858,0.00048734931819885,"TGFB1/WNT3A/SHH",3
"GO:0090199","regulation of release of cytochrome c from mitochondria","3/51","45/18860",0.0666666666666667,24.6535947712418,8.27204451638053,0.000243987865602124,0.00121041785032858,0.00048734931819885,"HGF/IGF1/GPX1",3
"GO:0051051","negative regulation of transport","7/51","468/18860",0.014957264957265,5.53125523713759,5.16878584092246,0.000249480610440224,0.00123565802346286,0.000497511743649591,"SDCBP/ITGAV/ITGB3/TGFB1/SHH/ANXA1/ANXA2",7
"GO:0043588","skin development","6/51","329/18860",0.0182370820668693,6.74414446629716,5.47312591913846,0.000250342008742897,0.00123591176160935,0.000497613905983581,"TSG101/COL1A1/WNT5A/SHH/DKK1/ANXA1",6
"GO:0050803","regulation of synapse structure or activity","6/51","329/18860",0.0182370820668693,6.74414446629716,5.47312591913846,0.000250342008742897,0.00123591176160935,0.000497613905983581,"ITGB1/IL10/WNT3A/WNT5A/DKK1/TUBA1A",6
"GO:0031334","positive regulation of protein-containing complex assembly","5/51","210/18860",0.0238095238095238,8.80485527544351,5.92238516861356,0.000252797869544894,0.00124401016126044,0.000500874556466708,"TGFB1/VEGFA/HSP90AA1/HSPA1A/MSN",5
"GO:0050728","negative regulation of inflammatory response","5/51","210/18860",0.0238095238095238,8.80485527544351,5.92238516861356,0.000252797869544894,0.00124401016126044,0.000500874556466708,"HGF/IGF1/IL10/SOD1/GPX1",5
"GO:0002701","negative regulation of production of molecular mediator of immune response","3/51","46/18860",0.0652173913043478,24.1176470588235,8.17416763764626,0.00026051379347116,0.00127376215365466,0.000512853571155269,"TGFB1/TGFB3/IL10",3
"GO:0021762","substantia nigra development","3/51","46/18860",0.0652173913043478,24.1176470588235,8.17416763764626,0.00026051379347116,0.00127376215365466,0.000512853571155269,"FGF2/ACTB/LDHA",3
"GO:0050919","negative chemotaxis","3/51","46/18860",0.0652173913043478,24.1176470588235,8.17416763764626,0.00026051379347116,0.00127376215365466,0.000512853571155269,"ITGAV/ITGB3/WNT5A",3
"GO:0099054","presynapse assembly","3/51","46/18860",0.0652173913043478,24.1176470588235,8.17416763764626,0.00026051379347116,0.00127376215365466,0.000512853571155269,"WNT3A/WNT5A/DKK1",3
"GO:0010463","mesenchymal cell proliferation","3/51","47/18860",0.0638297872340425,23.60450563204,8.0793510659674,0.000277746820943394,0.0013515240043035,0.0005441627466481,"BMP2/WNT5A/SHH",3
"GO:0014911","positive regulation of smooth muscle cell migration","3/51","47/18860",0.0638297872340425,23.60450563204,8.0793510659674,0.000277746820943394,0.0013515240043035,0.0005441627466481,"ITGB3/IGF1/PDGFB",3
"GO:0060563","neuroepithelial cell differentiation","3/51","47/18860",0.0638297872340425,23.60450563204,8.0793510659674,0.000277746820943394,0.0013515240043035,0.0005441627466481,"TGFB1/FGF2/BMP2",3
"GO:0030316","osteoclast differentiation","4/51","117/18860",0.0341880341880342,12.6428691134573,6.57801650143461,0.000280706490304733,0.00136158267395825,0.000548212658665589,"CD81/TGFB1/BMP2/ANXA2",4
"GO:0090263","positive regulation of canonical Wnt signaling pathway","4/51","117/18860",0.0341880341880342,12.6428691134573,6.57801650143461,0.000280706490304733,0.00136158267395825,0.000548212658665589,"TGFB1/FGF2/COL1A1/WNT3A",4
"GO:0010712","regulation of collagen metabolic process","3/51","48/18860",0.0625,23.1127450980392,7.98743539388628,0.000295699837763056,0.00142299716879351,0.000572939914775837,"ITGB1/TGFB1/TGFB3",3
"GO:0046686","response to cadmium ion","3/51","48/18860",0.0625,23.1127450980392,7.98743539388628,0.000295699837763056,0.00142299716879351,0.000572939914775837,"SOD1/SOD2/CAT",3
"GO:0048247","lymphocyte chemotaxis","3/51","48/18860",0.0625,23.1127450980392,7.98743539388628,0.000295699837763056,0.00142299716879351,0.000572939914775837,"CCL2/CXCL12/WNT5A",3
"GO:0061383","trabecula morphogenesis","3/51","48/18860",0.0625,23.1127450980392,7.98743539388628,0.000295699837763056,0.00142299716879351,0.000572939914775837,"VEGFA/MMP2/COL1A1",3
"GO:1905521","regulation of macrophage migration","3/51","48/18860",0.0625,23.1127450980392,7.98743539388628,0.000295699837763056,0.00142299716879351,0.000572939914775837,"CD9/CD81/CCL2",3
"GO:0071900","regulation of protein serine/threonine kinase activity","4/51","119/18860",0.0336134453781513,12.4303839182732,6.51327601758284,0.000299469951097625,0.0014388705839352,0.000579331011903735,"TSG101/FGF2/PDGFB/WNT5A",4
"GO:0007626","locomotory behavior","5/51","218/18860",0.0229357798165138,8.48174132038136,5.78557127935258,0.000300387978548226,0.00144101214237522,0.000580193265418372,"CXCL12/IDO1/SOD1/SOD2/TUBA1A",5
"GO:0022411","cellular component disassembly","7/51","483/18860",0.0144927536231884,5.35947712418301,5.05396495224225,0.000302115521282069,0.00144702426284394,0.000582613919418615,"TSG101/ITGB1/TGFB1/TGFB3/MMP2/DKK1/HSPA8",7
"GO:0009416","response to light stimulus","6/51","341/18860",0.0175953079178886,6.50681386924271,5.34355626030306,0.000303331431433646,0.00145057084216937,0.000584041875075178,"ITGB1/MMP2/TIMP1/CAT/GPX1/TUBA1A",6
"GO:0010821","regulation of mitochondrion organization","4/51","120/18860",0.0333333333333333,12.3267973856209,6.48148509608639,0.000309181733117995,0.00147392729334844,0.000593445859455099,"HGF/IGF1/GPX1/HSPA1A",4
"GO:1990748","cellular detoxification","4/51","120/18860",0.0333333333333333,12.3267973856209,6.48148509608639,0.000309181733117995,0.00147392729334844,0.000593445859455099,"SOD1/SOD2/CAT/GPX1",4
"GO:1902105","regulation of leukocyte differentiation","6/51","343/18860",0.0174927113702624,6.46887326359115,5.32256741552798,0.000312960767947509,0.00147795150771217,0.000595066124825372,"TGFB1/IL10/SHH/SOD1/ACTB/ANXA1",6
"GO:0060348","bone development","5/51","220/18860",0.0227272727272727,8.40463458110517,5.75245966835898,0.000313282143724778,0.00147795150771217,0.000595066124825372,"TGFB1/IGF1/BMP2/COL1A1/ANXA2",5
"GO:0002861","regulation of inflammatory response to antigenic stimulus","3/51","49/18860",0.0612244897959184,22.641056422569,7.89827263389156,0.000314385620617895,0.00147795150771217,0.000595066124825372,"CD81/IL10/GPX1",3
"GO:0006509","membrane protein ectodomain proteolysis","3/51","49/18860",0.0612244897959184,22.641056422569,7.89827263389156,0.000314385620617895,0.00147795150771217,0.000595066124825372,"IL10/TIMP1/TIMP2",3
"GO:0007520","myoblast fusion","3/51","49/18860",0.0612244897959184,22.641056422569,7.89827263389156,0.000314385620617895,0.00147795150771217,0.000595066124825372,"CD9/CD81/ITGB1",3
"GO:0010453","regulation of cell fate commitment","3/51","49/18860",0.0612244897959184,22.641056422569,7.89827263389156,0.000314385620617895,0.00147795150771217,0.000595066124825372,"FGF2/WNT3A/DKK1",3
"GO:0014003","oligodendrocyte development","3/51","49/18860",0.0612244897959184,22.641056422569,7.89827263389156,0.000314385620617895,0.00147795150771217,0.000595066124825372,"CD9/TGFB1/SHH",3
"GO:0032881","regulation of polysaccharide metabolic process","3/51","49/18860",0.0612244897959184,22.641056422569,7.89827263389156,0.000314385620617895,0.00147795150771217,0.000595066124825372,"TGFB1/IGF1/PDGFB",3
"GO:0090279","regulation of calcium ion import","3/51","49/18860",0.0612244897959184,22.641056422569,7.89827263389156,0.000314385620617895,0.00147795150771217,0.000595066124825372,"PDGFB/CCL2/CXCL12",3
"GO:0002246","wound healing involved in inflammatory response","2/51","10/18860",0.2,73.9607843137255,12.0169811998391,0.000318179676518353,0.00148662510422281,0.000598558366239893,"TGFB1/TIMP1",2
"GO:0048843","negative regulation of axon extension involved in axon guidance","2/51","10/18860",0.2,73.9607843137255,12.0169811998391,0.000318179676518353,0.00148662510422281,0.000598558366239893,"WNT3A/WNT5A",2
"GO:0051964","negative regulation of synapse assembly","2/51","10/18860",0.2,73.9607843137255,12.0169811998391,0.000318179676518353,0.00148662510422281,0.000598558366239893,"WNT5A/DKK1",2
"GO:1905770","regulation of mesodermal cell differentiation","2/51","10/18860",0.2,73.9607843137255,12.0169811998391,0.000318179676518353,0.00148662510422281,0.000598558366239893,"WNT3A/DKK1",2
"GO:0071383","cellular response to steroid hormone stimulus","5/51","222/18860",0.0225225225225225,8.32891715244656,5.71976533015124,0.000326592350516407,0.00152359825906048,0.000613444830279489,"TGFB1/IGF1/HSPA8/HSPA1A/ANXA1",5
"GO:0045197","establishment or maintenance of epithelial cell apical/basal polarity","3/51","50/18860",0.06,22.1882352941176,7.81172518664745,0.000333816833728331,0.00155255359711149,0.000625103088833381,"PDCD6IP/WNT5A/MSN",3
"GO:0061028","establishment of endothelial barrier","3/51","50/18860",0.06,22.1882352941176,7.81172518664745,0.000333816833728331,0.00155255359711149,0.000625103088833381,"VEGFA/MSN/EZR",3
"GO:0009952","anterior/posterior pattern specification","5/51","224/18860",0.0223214285714286,8.25455182072829,5.68747905960801,0.000340327432369887,0.0015804246516903,0.000636324783426514,"BMP2/WNT3A/WNT5A/SHH/DKK1",5
"GO:0045787","positive regulation of cell cycle","6/51","349/18860",0.0171919770773639,6.35766054272712,5.26059092870053,0.000343298710078299,0.00159179994597096,0.00064090480668913,"TGFB1/IGF1/PDGFB/IL10/WNT5A/ANXA1",6
"GO:0006091","generation of precursor metabolites and energy","7/51","494/18860",0.01417004048583,5.24013654044614,4.97276105417651,0.000346131128046762,0.00160249783258068,0.00064521208598446,"IGF1/SOD2/CAT/PKM/LDHA/ENO1/GAPDH",7
"GO:0032496","response to lipopolysaccharide","6/51","350/18860",0.0171428571428571,6.33949579831933,5.2504028498518,0.000348572020439198,0.00161135338539393,0.00064877758828157,"IL10/CCL2/WNT5A/IDO1/SOD2/GPX1",6
"GO:0010038","response to metal ion","6/51","351/18860",0.0170940170940171,6.32143455672867,5.24025439810693,0.00035390874974884,0.00163152929879713,0.000656900995944816,"WNT5A/SHH/SOD1/SOD2/CAT/TUBA1A",6
"GO:0061082","myeloid leukocyte cytokine production","3/51","51/18860",0.0588235294117647,21.7531718569781,7.72766492096404,0.000354006029434185,0.00163152929879713,0.000656900995944816,"TGFB1/TGFB3/WNT5A",3
"GO:0045582","positive regulation of T cell differentiation","4/51","125/18860",0.032,11.8337254901961,6.32801572802486,0.000361161603492763,0.00166199706222688,0.000669168200803452,"TGFB1/SHH/ACTB/ANXA1",4
"GO:0002688","regulation of leukocyte chemotaxis","4/51","126/18860",0.0317460317460317,11.7398070339247,6.29836837807546,0.000372262972727739,0.00170536686155005,0.000686630139360315,"VEGFA/CCL2/CXCL12/WNT5A",4
"GO:0045446","endothelial cell differentiation","4/51","126/18860",0.0317460317460317,11.7398070339247,6.29836837807546,0.000372262972727739,0.00170536686155005,0.000686630139360315,"VEGFA/GPX1/MSN/EZR",4
"GO:0046660","female sex differentiation","4/51","126/18860",0.0317460317460317,11.7398070339247,6.29836837807546,0.000372262972727739,0.00170536686155005,0.000686630139360315,"VEGFA/MMP2/WNT5A/SOD1",4
"GO:0030195","negative regulation of blood coagulation","3/51","52/18860",0.0576923076923077,21.3348416289593,7.64597235147941,0.000374965648778934,0.00170919963101744,0.000688173323465076,"CD9/PDGFB/ANXA2",3
"GO:0032369","negative regulation of lipid transport","3/51","52/18860",0.0576923076923077,21.3348416289593,7.64597235147941,0.000374965648778934,0.00170919963101744,0.000688173323465076,"ITGAV/ITGB3/SHH",3
"GO:2000404","regulation of T cell migration","3/51","52/18860",0.0576923076923077,21.3348416289593,7.64597235147941,0.000374965648778934,0.00170919963101744,0.000688173323465076,"ITGB3/CXCL12/WNT5A",3
"GO:0071214","cellular response to abiotic stimulus","6/51","355/18860",0.0169014084507042,6.25020712510356,5.20005136974919,0.000375900672701639,0.00170919963101744,0.000688173323465076,"ITGB3/TGFB1/FGF2/MMP2/TIMP1/COL1A1",6
"GO:0104004","cellular response to environmental stimulus","6/51","355/18860",0.0169014084507042,6.25020712510356,5.20005136974919,0.000375900672701639,0.00170919963101744,0.000688173323465076,"ITGB3/TGFB1/FGF2/MMP2/TIMP1/COL1A1",6
"GO:0045926","negative regulation of growth","5/51","229/18860",0.0218340611353712,8.07432143162942,5.60849080292318,0.000376582642701911,0.00170975244476716,0.000688395902307535,"TGFB1/WNT3A/WNT5A/HSPA1A/ENO1",5
"GO:0010269","response to selenium ion","2/51","11/18860",0.181818181818182,67.2370766488414,11.442341550933,0.000388213582119,0.0017316368991887,0.000697207218117686,"SOD2/GPX1",2
"GO:0010951","negative regulation of endopeptidase activity","2/51","11/18860",0.181818181818182,67.2370766488414,11.442341550933,0.000388213582119,0.0017316368991887,0.000697207218117686,"TIMP1/GAPDH",2
"GO:0014854","response to inactivity","2/51","11/18860",0.181818181818182,67.2370766488414,11.442341550933,0.000388213582119,0.0017316368991887,0.000697207218117686,"IL10/CAT",2
"GO:0034115","negative regulation of heterotypic cell-cell adhesion","2/51","11/18860",0.181818181818182,67.2370766488414,11.442341550933,0.000388213582119,0.0017316368991887,0.000697207218117686,"IL10/IL1RN",2
"GO:0045136","development of secondary sexual characteristics","2/51","11/18860",0.181818181818182,67.2370766488414,11.442341550933,0.000388213582119,0.0017316368991887,0.000697207218117686,"TGFB1/WNT5A",2
"GO:0048340","paraxial mesoderm morphogenesis","2/51","11/18860",0.181818181818182,67.2370766488414,11.442341550933,0.000388213582119,0.0017316368991887,0.000697207218117686,"WNT3A/WNT5A",2
"GO:0070587","regulation of cell-cell adhesion involved in gastrulation","2/51","11/18860",0.181818181818182,67.2370766488414,11.442341550933,0.000388213582119,0.0017316368991887,0.000697207218117686,"IL10/IL1RN",2
"GO:0071492","cellular response to UV-A","2/51","11/18860",0.181818181818182,67.2370766488414,11.442341550933,0.000388213582119,0.0017316368991887,0.000697207218117686,"MMP2/TIMP1",2
"GO:0072124","regulation of glomerular mesangial cell proliferation","2/51","11/18860",0.181818181818182,67.2370766488414,11.442341550933,0.000388213582119,0.0017316368991887,0.000697207218117686,"ITGB3/PDGFB",2
"GO:2000048","negative regulation of cell-cell adhesion mediated by cadherin","2/51","11/18860",0.181818181818182,67.2370766488414,11.442341550933,0.000388213582119,0.0017316368991887,0.000697207218117686,"TGFB1/VEGFA",2
"GO:2000726","negative regulation of cardiac muscle cell differentiation","2/51","11/18860",0.181818181818182,67.2370766488414,11.442341550933,0.000388213582119,0.0017316368991887,0.000697207218117686,"BMP2/DKK1",2
"GO:2000727","positive regulation of cardiac muscle cell differentiation","2/51","11/18860",0.181818181818182,67.2370766488414,11.442341550933,0.000388213582119,0.0017316368991887,0.000697207218117686,"TGFB1/WNT3A",2
"GO:0030278","regulation of ossification","4/51","128/18860",0.03125,11.5563725490196,6.24006601243337,0.000395195473443779,0.00175764050944165,0.000707677025485484,"TGFB1/BMP2/WNT5A/DKK1",4
"GO:0045860","positive regulation of protein kinase activity","4/51","128/18860",0.03125,11.5563725490196,6.24006601243337,0.000395195473443779,0.00175764050944165,0.000707677025485484,"FGF2/IGF1/PDGFB/WNT5A",4
"GO:0050922","negative regulation of chemotaxis","3/51","53/18860",0.0566037735849057,20.9322974472808,7.56653590201857,0.000396708022091556,0.00175923862703683,0.000708320473960902,"CCL2/WNT3A/WNT5A",3
"GO:1900047","negative regulation of hemostasis","3/51","53/18860",0.0566037735849057,20.9322974472808,7.56653590201857,0.000396708022091556,0.00175923862703683,0.000708320473960902,"CD9/PDGFB/ANXA2",3
"GO:0045859","regulation of protein kinase activity","5/51","234/18860",0.0213675213675214,7.90179319591084,5.53186580871259,0.00041569059727583,0.00184074312378601,0.00074113654727812,"TSG101/FGF2/IGF1/PDGFB/WNT5A",5
"GO:0072089","stem cell proliferation","4/51","131/18860",0.0305343511450382,11.2917227959886,6.15499916297285,0.000431464607208848,0.00190782393709304,0.000768145227479368,"TGFB1/FGF2/WNT5A/SHH",4
"GO:0002440","production of molecular mediator of immune response","5/51","236/18860",0.0211864406779661,7.83482884679295,5.5018497847238,0.000432164776100947,0.00190815446003472,0.000768278305597997,"CD81/TGFB1/TGFB3/IL10/WNT5A",5
"GO:1990778","protein localization to cell periphery","6/51","365/18860",0.0164383561643836,6.07896857373086,5.10218680309771,0.000435588177074466,0.00192049064776618,0.000773245212421512,"CD81/ITGB1/TGFB1/WNT3A/ACTB/EZR",6
"GO:0019320","hexose catabolic process","3/51","55/18860",0.0545454545454545,20.1711229946524,7.41402070286437,0.000442589801837885,0.00193736224592165,0.000780038206969436,"PKM/LDHA/ENO1",3
"GO:0031100","animal organ regeneration","3/51","55/18860",0.0545454545454545,20.1711229946524,7.41402070286437,0.000442589801837885,0.00193736224592165,0.000780038206969436,"TGFB1/IL10/CXCL12",3
"GO:0032964","collagen biosynthetic process","3/51","55/18860",0.0545454545454545,20.1711229946524,7.41402070286437,0.000442589801837885,0.00193736224592165,0.000780038206969436,"TGFB1/TGFB3/COL1A1",3
"GO:0048286","lung alveolus development","3/51","55/18860",0.0545454545454545,20.1711229946524,7.41402070286437,0.000442589801837885,0.00193736224592165,0.000780038206969436,"TGFB1/TGFB3/IGF1",3
"GO:2000648","positive regulation of stem cell proliferation","3/51","55/18860",0.0545454545454545,20.1711229946524,7.41402070286437,0.000442589801837885,0.00193736224592165,0.000780038206969436,"TGFB1/FGF2/WNT5A",3
"GO:0051384","response to glucocorticoid","4/51","133/18860",0.0300751879699248,11.1219224531918,6.09980969750377,0.000456926862470251,0.00199725481002397,0.000804152689643768,"TGFB1/IL10/IL1RN/ANXA1",4
"GO:0048872","homeostasis of number of cells","6/51","369/18860",0.016260162601626,6.01307189542484,5.06405579461195,0.000461440642582751,0.00200572448032059,0.000807562824452424,"TGFB1/VEGFA/SOD1/HSPA1A/TUBA1A/ANXA1",6
"GO:0009650","UV protection","2/51","12/18860",0.166666666666667,61.6339869281046,10.9404623857893,0.000465050611554055,0.00200572448032059,0.000807562824452424,"CAT/GPX1",2
"GO:0010936","negative regulation of macrophage cytokine production","2/51","12/18860",0.166666666666667,61.6339869281046,10.9404623857893,0.000465050611554055,0.00200572448032059,0.000807562824452424,"TGFB1/TGFB3",2
"GO:0060601","lateral sprouting from an epithelium","2/51","12/18860",0.166666666666667,61.6339869281046,10.9404623857893,0.000465050611554055,0.00200572448032059,0.000807562824452424,"WNT5A/SHH",2
"GO:0060736","prostate gland growth","2/51","12/18860",0.166666666666667,61.6339869281046,10.9404623857893,0.000465050611554055,0.00200572448032059,0.000807562824452424,"IGF1/SHH",2
"GO:0070586","cell-cell adhesion involved in gastrulation","2/51","12/18860",0.166666666666667,61.6339869281046,10.9404623857893,0.000465050611554055,0.00200572448032059,0.000807562824452424,"IL10/IL1RN",2
"GO:0072110","glomerular mesangial cell proliferation","2/51","12/18860",0.166666666666667,61.6339869281046,10.9404623857893,0.000465050611554055,0.00200572448032059,0.000807562824452424,"ITGB3/PDGFB",2
"GO:0090677","reversible differentiation","2/51","12/18860",0.166666666666667,61.6339869281046,10.9404623857893,0.000465050611554055,0.00200572448032059,0.000807562824452424,"PDGFB/SOD2",2
"GO:2000049","positive regulation of cell-cell adhesion mediated by cadherin","2/51","12/18860",0.166666666666667,61.6339869281046,10.9404623857893,0.000465050611554055,0.00200572448032059,0.000807562824452424,"WNT3A/WNT5A",2
"GO:0051924","regulation of calcium ion transport","5/51","240/18860",0.0208333333333333,7.70424836601307,5.44286349408147,0.000466589157012277,0.00200572448032059,0.000807562824452424,"ITGB3/TGFB1/PDGFB/CCL2/CXCL12",5
"GO:0001738","morphogenesis of a polarized epithelium","3/51","56/18860",0.0535714285714286,19.8109243697479,7.34075271905149,0.000466753320559692,0.00200572448032059,0.000807562824452424,"WNT5A/ACTB/MSN",3
"GO:0071902","positive regulation of protein serine/threonine kinase activity","3/51","56/18860",0.0535714285714286,19.8109243697479,7.34075271905149,0.000466753320559692,0.00200572448032059,0.000807562824452424,"FGF2/PDGFB/WNT5A",3
"GO:0050864","regulation of B cell activation","4/51","134/18860",0.0298507462686567,11.0389230318993,6.07265458890589,0.000470052110844443,0.00201422610981235,0.000810985826959588,"CD81/TGFB1/IL10/WNT3A",4
"GO:0097237","cellular response to toxic substance","4/51","134/18860",0.0298507462686567,11.0389230318993,6.07265458890589,0.000470052110844443,0.00201422610981235,0.000810985826959588,"SOD1/SOD2/CAT/GPX1",4
"GO:0099172","presynapse organization","3/51","57/18860",0.0526315789473684,19.4633642930857,7.26936136637536,0.000491747818972349,0.00210423926463483,0.000847227732694664,"WNT3A/WNT5A/DKK1",3
"GO:0007411","axon guidance","5/51","243/18860",0.0205761316872428,7.60913418865489,5.39951089936605,0.000493736297755554,0.00210978913788823,0.000849462272564841,"VEGFA/CXCL12/WNT3A/WNT5A/SHH",5
"GO:0021782","glial cell development","4/51","136/18860",0.0294117647058824,10.876585928489,6.01919689145758,0.000497106357787183,0.0021212188777744,0.000854064217206688,"CD9/TGFB1/SHH/SOD1",4
"GO:0002237","response to molecule of bacterial origin","6/51","375/18860",0.016,5.91686274509804,5.00789894441947,0.00050245326035488,0.00213759025995747,0.000860655810302184,"IL10/CCL2/WNT5A/IDO1/SOD2/GPX1",6
"GO:0031401","positive regulation of protein modification process","6/51","375/18860",0.016,5.91686274509804,5.00789894441947,0.00050245326035488,0.00213759025995747,0.000860655810302184,"FGF2/IGF1/VEGFA/PDGFB/BMP2/WNT5A",6
"GO:0097485","neuron projection guidance","5/51","244/18860",0.0204918032786885,7.57794921247187,5.38522445282985,0.000503044839937549,0.00213759025995747,0.000860655810302184,"VEGFA/CXCL12/WNT3A/WNT5A/SHH",5
"GO:0033674","positive regulation of kinase activity","4/51","137/18860",0.0291970802919708,10.7971947903249,5.99288402000174,0.000511041575942252,0.00216855055382449,0.000873121322193994,"FGF2/IGF1/PDGFB/WNT5A",4
"GO:0010959","regulation of metal ion transport","6/51","377/18860",0.0159151193633952,5.88547355281635,4.98945000200434,0.000516738691160369,0.00218968020379207,0.000881628731848174,"CD63/ITGB3/TGFB1/PDGFB/CCL2/CXCL12",6
"GO:0035270","endocrine system development","4/51","138/18860",0.0289855072463768,10.718954248366,5.9668418284038,0.000525253012109508,0.00222267259354523,0.000894912424456962,"FGF2/BMP2/WNT5A/SHH",4
"GO:0072175","epithelial tube formation","4/51","139/18860",0.0287769784172662,10.6418394696008,5.9410654941738,0.000539743788545408,0.00228082866877014,0.000918327746366075,"TGFB1/FGF2/VEGFA/WNT5A",4
"GO:0000271","polysaccharide biosynthetic process","3/51","59/18860",0.0508474576271186,18.8035892323031,7.13189042139688,0.000544276789194082,0.00228369185209343,0.000919480546979604,"TGFB1/IGF1/PDGFB",3
"GO:0006749","glutathione metabolic process","3/51","59/18860",0.0508474576271186,18.8035892323031,7.13189042139688,0.000544276789194082,0.00228369185209343,0.000919480546979604,"SOD1/SOD2/GPX1",3
"GO:0046365","monosaccharide catabolic process","3/51","59/18860",0.0508474576271186,18.8035892323031,7.13189042139688,0.000544276789194082,0.00228369185209343,0.000919480546979604,"PKM/LDHA/ENO1",3
"GO:0072132","mesenchyme morphogenesis","3/51","59/18860",0.0508474576271186,18.8035892323031,7.13189042139688,0.000544276789194082,0.00228369185209343,0.000919480546979604,"BMP2/WNT3A/WNT5A",3
"GO:0007501","mesodermal cell fate specification","2/51","13/18860",0.153846153846154,56.8929110105581,10.4970884115385,0.000548654909073905,0.00228369185209343,0.000919480546979604,"WNT3A/DKK1",2
"GO:0021978","telencephalon regionalization","2/51","13/18860",0.153846153846154,56.8929110105581,10.4970884115385,0.000548654909073905,0.00228369185209343,0.000919480546979604,"BMP2/SHH",2
"GO:0030213","hyaluronan biosynthetic process","2/51","13/18860",0.153846153846154,56.8929110105581,10.4970884115385,0.000548654909073905,0.00228369185209343,0.000919480546979604,"TGFB1/PDGFB",2
"GO:0031952","regulation of protein autophosphorylation","2/51","13/18860",0.153846153846154,56.8929110105581,10.4970884115385,0.000548654909073905,0.00228369185209343,0.000919480546979604,"VEGFA/PDGFB",2
"GO:0048711","positive regulation of astrocyte differentiation","2/51","13/18860",0.153846153846154,56.8929110105581,10.4970884115385,0.000548654909073905,0.00228369185209343,0.000919480546979604,"BMP2/SHH",2
"GO:0048853","forebrain morphogenesis","2/51","13/18860",0.153846153846154,56.8929110105581,10.4970884115385,0.000548654909073905,0.00228369185209343,0.000919480546979604,"WNT5A/TUBA1A",2
"GO:0060442","branching involved in prostate gland morphogenesis","2/51","13/18860",0.153846153846154,56.8929110105581,10.4970884115385,0.000548654909073905,0.00228369185209343,0.000919480546979604,"IGF1/SHH",2
"GO:0019318","hexose metabolic process","5/51","249/18860",0.0200803212851406,7.42578155760296,5.31498865482273,0.000551588228259014,0.00229277341201397,0.000923137046290362,"IGF1/PKM/LDHA/ENO1/GAPDH",5
"GO:0002698","negative regulation of immune effector process","4/51","140/18860",0.0285714285714286,10.5658263305322,5.91555031500485,0.000554517032151911,0.00230181151713671,0.000926776049439713,"TGFB1/TGFB3/IL10/ANXA1",4
"GO:0046434","organophosphate catabolic process","5/51","253/18860",0.0197628458498024,7.30837789661319,5.26018899375415,0.00059289719047878,0.00245778441324831,0.00098957525928023,"IGF1/PKM/LDHA/ENO1/GAPDH",5
"GO:0002274","myeloid leukocyte activation","5/51","255/18860",0.0196078431372549,7.25105728565936,5.2332357191407,0.00061440362145511,0.00254003448382052,0.0010226915222338,"TGFB1/IL10/FN1/WNT5A/ANXA1",5
"GO:0009913","epidermal cell differentiation","5/51","255/18860",0.0196078431372549,7.25105728565936,5.2332357191407,0.00061440362145511,0.00254003448382052,0.0010226915222338,"TSG101/FGF2/WNT5A/SOD1/ANXA1",5
"GO:0001101","response to acid chemical","4/51","144/18860",0.0277777777777778,10.2723311546841,5.81601109872763,0.000616497368512847,0.00254524150383315,0.00102478801944946,"VEGFA/MMP2/COL1A1/TUBA1A",4
"GO:0043549","regulation of kinase activity","5/51","256/18860",0.01953125,7.22273284313725,5.21986821265599,0.0006253741939628,0.00257840089970338,0.00103813895356271,"TSG101/FGF2/IGF1/PDGFB/WNT5A",5
"GO:0001541","ovarian follicle development","3/51","62/18860",0.0483870967741935,17.8937381404175,6.93788896999383,0.00062959375263711,0.0025853170111653,0.00104092358054474,"VEGFA/MMP2/SOD1",3
"GO:0042306","regulation of protein import into nucleus","3/51","62/18860",0.0483870967741935,17.8937381404175,6.93788896999383,0.00062959375263711,0.0025853170111653,0.00104092358054474,"TGFB1/SHH/HSP90AA1",3
"GO:0043405","regulation of MAP kinase activity","3/51","62/18860",0.0483870967741935,17.8937381404175,6.93788896999383,0.00062959375263711,0.0025853170111653,0.00104092358054474,"TSG101/FGF2/PDGFB",3
"GO:0002573","myeloid leukocyte differentiation","5/51","257/18860",0.0194552529182879,7.19462882429236,5.20657253044166,0.000636491346285611,0.00259941439752906,0.00104659959699716,"CD81/TGFB1/VEGFA/BMP2/ANXA2",5
"GO:0010745","negative regulation of macrophage derived foam cell differentiation","2/51","14/18860",0.142857142857143,52.8291316526611,10.1015942963045,0.000638990756521401,0.00259941439752906,0.00104659959699716,"ITGAV/ITGB3",2
"GO:0035630","bone mineralization involved in bone maturation","2/51","14/18860",0.142857142857143,52.8291316526611,10.1015942963045,0.000638990756521401,0.00259941439752906,0.00104659959699716,"IGF1/BMP2",2
"GO:0045906","negative regulation of vasoconstriction","2/51","14/18860",0.142857142857143,52.8291316526611,10.1015942963045,0.000638990756521401,0.00259941439752906,0.00104659959699716,"ITGB1/MMP2",2
"GO:0050746","regulation of lipoprotein metabolic process","2/51","14/18860",0.142857142857143,52.8291316526611,10.1015942963045,0.000638990756521401,0.00259941439752906,0.00104659959699716,"ITGAV/ITGB3",2
"GO:0060911","cardiac cell fate commitment","2/51","14/18860",0.142857142857143,52.8291316526611,10.1015942963045,0.000638990756521401,0.00259941439752906,0.00104659959699716,"ITGB1/WNT3A",2
"GO:1905208","negative regulation of cardiocyte differentiation","2/51","14/18860",0.142857142857143,52.8291316526611,10.1015942963045,0.000638990756521401,0.00259941439752906,0.00104659959699716,"BMP2/DKK1",2
"GO:0007179","transforming growth factor beta receptor signaling pathway","5/51","258/18860",0.0193798449612403,7.16674266605867,5.19334798703997,0.000647756339645553,0.00263156403762794,0.00105954397416267,"SDCBP/TGFB1/TGFB3/BMP2/HSPA1A",5
"GO:0002702","positive regulation of production of molecular mediator of immune response","4/51","146/18860",0.0273972602739726,10.1316142895514,5.76769437489967,0.000649263949525143,0.00263418126329948,0.00106059774509496,"CD81/TGFB1/IL10/WNT5A",4
"GO:0009895","negative regulation of catabolic process","6/51","394/18860",0.0152284263959391,5.63153180053747,4.83780000560834,0.000651386376037501,0.00263928264713202,0.00106265171012199,"HGF/IL10/TIMP1/TIMP2/SHH/ANXA2",6
"GO:0046824","positive regulation of nucleocytoplasmic transport","3/51","63/18860",0.0476190476190476,17.609710550887,6.87621794465028,0.000659817887718444,0.00265931885789825,0.00107071886945342,"TGFB1/SHH/HSP90AA1",3
"GO:0048008","platelet-derived growth factor receptor signaling pathway","3/51","63/18860",0.0476190476190476,17.609710550887,6.87621794465028,0.000659817887718444,0.00265931885789825,0.00107071886945342,"ITGB3/VEGFA/PDGFB",3
"GO:0051785","positive regulation of nuclear division","3/51","63/18860",0.0476190476190476,17.609710550887,6.87621794465028,0.000659817887718444,0.00265931885789825,0.00107071886945342,"IGF1/PDGFB/WNT5A",3
"GO:0070228","regulation of lymphocyte apoptotic process","3/51","63/18860",0.0476190476190476,17.609710550887,6.87621794465028,0.000659817887718444,0.00265931885789825,0.00107071886945342,"IL10/WNT5A/IDO1",3
"GO:0000768","syncytium formation by plasma membrane fusion","3/51","64/18860",0.046875,17.3345588235294,6.81594760195823,0.000690953267225564,0.00277381370829631,0.00111681781558481,"CD9/CD81/ITGB1",3
"GO:0034381","plasma lipoprotein particle clearance","3/51","64/18860",0.046875,17.3345588235294,6.81594760195823,0.000690953267225564,0.00277381370829631,0.00111681781558481,"ITGAV/ITGB3/ANXA2",3
"GO:0140253","cell-cell fusion","3/51","64/18860",0.046875,17.3345588235294,6.81594760195823,0.000690953267225564,0.00277381370829631,0.00111681781558481,"CD9/CD81/ITGB1",3
"GO:0003158","endothelium development","4/51","149/18860",0.0268456375838926,9.92762205553362,5.69694460214966,0.00070070524810094,0.00280926637576343,0.00113109208732803,"VEGFA/GPX1/MSN/EZR",4
"GO:0051656","establishment of organelle localization","6/51","400/18860",0.015,5.54705882352941,4.78637018920655,0.000704916272345689,0.0028224403502975,0.00113639631140685,"TSG101/SDCBP/PDCD6IP/ITGB1/TUBA1A/EZR",6
"GO:0090090","negative regulation of canonical Wnt signaling pathway","4/51","150/18860",0.0266666666666667,9.86143790849673,5.67380622721427,0.000718476033547453,0.00286920206590743,0.00115522393379702,"BMP2/WNT5A/SHH/DKK1",4
"GO:2000377","regulation of reactive oxygen species metabolic process","4/51","150/18860",0.0266666666666667,9.86143790849673,5.67380622721427,0.000718476033547453,0.00286920206590743,0.00115522393379702,"TGFB1/PDGFB/SOD1/SOD2",4
"GO:0001947","heart looping","3/51","65/18860",0.0461538461538462,17.0678733031674,6.7570242413683,0.00072301093742304,0.00287977332908315,0.00115948023082684,"WNT3A/WNT5A/SHH",3
"GO:0030203","glycosaminoglycan metabolic process","3/51","65/18860",0.0461538461538462,17.0678733031674,6.7570242413683,0.00072301093742304,0.00287977332908315,0.00115948023082684,"TGFB1/FGF2/PDGFB",3
"GO:0050930","induction of positive chemotaxis","2/51","15/18860",0.133333333333333,49.3071895424837,9.74587630898313,0.000736022572873323,0.00289968589664592,0.00116749760781997,"VEGFA/CXCL12",2
"GO:0060572","morphogenesis of an epithelial bud","2/51","15/18860",0.133333333333333,49.3071895424837,9.74587630898313,0.000736022572873323,0.00289968589664592,0.00116749760781997,"WNT5A/SHH",2
"GO:0070141","response to UV-A","2/51","15/18860",0.133333333333333,49.3071895424837,9.74587630898313,0.000736022572873323,0.00289968589664592,0.00116749760781997,"MMP2/TIMP1",2
"GO:1901722","regulation of cell proliferation involved in kidney development","2/51","15/18860",0.133333333333333,49.3071895424837,9.74587630898313,0.000736022572873323,0.00289968589664592,0.00116749760781997,"ITGB3/PDGFB",2
"GO:1903377","negative regulation of oxidative stress-induced neuron intrinsic apoptotic signaling pathway","2/51","15/18860",0.133333333333333,49.3071895424837,9.74587630898313,0.000736022572873323,0.00289968589664592,0.00116749760781997,"FGF2/IL10",2
"GO:1905809","negative regulation of synapse organization","2/51","15/18860",0.133333333333333,49.3071895424837,9.74587630898313,0.000736022572873323,0.00289968589664592,0.00116749760781997,"WNT5A/DKK1",2
"GO:2000052","positive regulation of non-canonical Wnt signaling pathway","2/51","15/18860",0.133333333333333,49.3071895424837,9.74587630898313,0.000736022572873323,0.00289968589664592,0.00116749760781997,"WNT5A/DKK1",2
"GO:0051961","negative regulation of nervous system development","4/51","151/18860",0.0264900662251656,9.79613037267887,5.65088421613489,0.000736563936381707,0.00289968589664592,0.00116749760781997,"TGFB1/WNT3A/WNT5A/DKK1",4
"GO:0071333","cellular response to glucose stimulus","4/51","151/18860",0.0264900662251656,9.79613037267887,5.65088421613489,0.000736563936381707,0.00289968589664592,0.00116749760781997,"TGFB1/IGF1/COL1A1/GPX1",4
"GO:0006986","response to unfolded protein","4/51","152/18860",0.0263157894736842,9.73168214654283,5.62817504795682,0.000754972125115344,0.00296450444495099,0.00119359543454529,"HSPA8/HSP90AA1/HSPA1A/HSPB1",4
"GO:0033157","regulation of intracellular protein transport","4/51","152/18860",0.0263157894736842,9.73168214654283,5.62817504795682,0.000754972125115344,0.00296450444495099,0.00119359543454529,"CD81/TGFB1/SHH/HSP90AA1",4
"GO:0001756","somitogenesis","3/51","67/18860",0.0447761194029851,16.558384547849,6.64301772218705,0.000789936818655742,0.00308986824835727,0.0012440705362635,"WNT3A/WNT5A/DKK1",3
"GO:0006949","syncytium formation","3/51","67/18860",0.0447761194029851,16.558384547849,6.64301772218705,0.000789936818655742,0.00308986824835727,0.0012440705362635,"CD9/CD81/ITGB1",3
"GO:2000351","regulation of endothelial cell apoptotic process","3/51","67/18860",0.0447761194029851,16.558384547849,6.64301772218705,0.000789936818655742,0.00308986824835727,0.0012440705362635,"ITGB3/TGFB1/CCL2",3
"GO:0031960","response to corticosteroid","4/51","154/18860",0.025974025974026,9.60529666412019,5.58338155535464,0.000792762045820274,0.00309298849334739,0.00124532683735666,"TGFB1/IL10/IL1RN/ANXA1",4
"GO:0071331","cellular response to hexose stimulus","4/51","154/18860",0.025974025974026,9.60529666412019,5.58338155535464,0.000792762045820274,0.00309298849334739,0.00124532683735666,"TGFB1/IGF1/COL1A1/GPX1",4
"GO:0032368","regulation of lipid transport","4/51","155/18860",0.0258064516129032,9.54332700822264,5.56129058094868,0.000812150125804494,0.00316054851253764,0.00127252845973932,"ITGAV/ITGB3/SHH/ANXA2",4
"GO:0055123","digestive system development","4/51","155/18860",0.0258064516129032,9.54332700822264,5.56129058094868,0.000812150125804494,0.00316054851253764,0.00127252845973932,"TGFB1/IGF1/WNT5A/SHH",4
"GO:0005996","monosaccharide metabolic process","5/51","272/18860",0.0183823529411765,6.79786620530565,5.0153110632154,0.000821704821064018,0.00319358626865868,0.00128583041816304,"IGF1/PKM/LDHA/ENO1/GAPDH",5
"GO:0030888","regulation of B cell proliferation","3/51","68/18860",0.0441176470588235,16.3148788927336,6.58784066050595,0.000824826607572284,0.00319358626865868,0.00128583041816304,"CD81/IL10/WNT3A",3
"GO:0038066","p38MAPK cascade","3/51","68/18860",0.0441176470588235,16.3148788927336,6.58784066050595,0.000824826607572284,0.00319358626865868,0.00128583041816304,"HGF/BMP2/EZR",3
"GO:1903078","positive regulation of protein localization to plasma membrane","3/51","68/18860",0.0441176470588235,16.3148788927336,6.58784066050595,0.000824826607572284,0.00319358626865868,0.00128583041816304,"ITGB1/WNT3A/EZR",3
"GO:0071326","cellular response to monosaccharide stimulus","4/51","156/18860",0.0256410256410256,9.48215183509301,5.53939914504306,0.000831871187381598,0.00321677945842998,0.00129516866876703,"TGFB1/IGF1/COL1A1/GPX1",4
"GO:0010455","positive regulation of cell fate commitment","2/51","16/18860",0.125,46.2254901960784,9.42363141908607,0.000839714913783231,0.00321855553009125,0.00129588376670858,"FGF2/WNT3A",2
"GO:0021984","adenohypophysis development","2/51","16/18860",0.125,46.2254901960784,9.42363141908607,0.000839714913783231,0.00321855553009125,0.00129588376670858,"FGF2/BMP2",2
"GO:0023035","CD40 signaling pathway","2/51","16/18860",0.125,46.2254901960784,9.42363141908607,0.000839714913783231,0.00321855553009125,0.00129588376670858,"ITGA5/ITGB1",2
"GO:0030214","hyaluronan catabolic process","2/51","16/18860",0.125,46.2254901960784,9.42363141908607,0.000839714913783231,0.00321855553009125,0.00129588376670858,"TGFB1/FGF2",2
"GO:0035729","cellular response to hepatocyte growth factor stimulus","2/51","16/18860",0.125,46.2254901960784,9.42363141908607,0.000839714913783231,0.00321855553009125,0.00129588376670858,"HGF/IL10",2
"GO:0061684","chaperone-mediated autophagy","2/51","16/18860",0.125,46.2254901960784,9.42363141908607,0.000839714913783231,0.00321855553009125,0.00129588376670858,"HSPA8/HSP90AA1",2
"GO:0070234","positive regulation of T cell apoptotic process","2/51","16/18860",0.125,46.2254901960784,9.42363141908607,0.000839714913783231,0.00321855553009125,0.00129588376670858,"WNT5A/IDO1",2
"GO:0042552","myelination","4/51","157/18860",0.0254777070063694,9.42175596353191,5.51770410529216,0.000851928409055783,0.00326127173905796,0.00131308255083946,"CD9/TGFB1/IGF1/SOD1",4
"GO:0035567","non-canonical Wnt signaling pathway","3/51","69/18860",0.0434782608695652,16.078431372549,6.5338224363199,0.000860681844032278,0.0032824253826781,0.00132159962103377,"WNT3A/WNT5A/DKK1",3
"GO:0048857","neural nucleus development","3/51","69/18860",0.0434782608695652,16.078431372549,6.5338224363199,0.000860681844032278,0.0032824253826781,0.00132159962103377,"FGF2/ACTB/LDHA",3
"GO:0071300","cellular response to retinoic acid","3/51","69/18860",0.0434782608695652,16.078431372549,6.5338224363199,0.000860681844032278,0.0032824253826781,0.00132159962103377,"COL1A1/WNT3A/WNT5A",3
"GO:0002699","positive regulation of immune effector process","5/51","276/18860",0.0181159420289855,6.69934640522876,4.96674155289108,0.000877267259529455,0.00334150113461219,0.00134538523144868,"CD81/TGFB1/IL10/WNT5A/ANXA1",5
"GO:0007272","ensheathment of neurons","4/51","159/18860",0.0251572327044025,9.30324330990258,5.47489098957032,0.000893064054073937,0.00338897814549699,0.00136450085245389,"CD9/TGFB1/IGF1/SOD1",4
"GO:0008366","axon ensheathment","4/51","159/18860",0.0251572327044025,9.30324330990258,5.47489098957032,0.000893064054073937,0.00338897814549699,0.00136450085245389,"CD9/TGFB1/IGF1/SOD1",4
"GO:0009411","response to UV","4/51","159/18860",0.0251572327044025,9.30324330990258,5.47489098957032,0.000893064054073937,0.00338897814549699,0.00136450085245389,"MMP2/TIMP1/CAT/GPX1",4
"GO:0014015","positive regulation of gliogenesis","3/51","70/18860",0.0428571428571429,15.8487394957983,6.48092182902443,0.000897513062923913,0.00338900043933274,0.0013645098285985,"TGFB1/BMP2/SHH",3
"GO:0030193","regulation of blood coagulation","3/51","70/18860",0.0428571428571429,15.8487394957983,6.48092182902443,0.000897513062923913,0.00338900043933274,0.0013645098285985,"CD9/PDGFB/ANXA2",3
"GO:0061371","determination of heart left/right asymmetry","3/51","70/18860",0.0428571428571429,15.8487394957983,6.48092182902443,0.000897513062923913,0.00338900043933274,0.0013645098285985,"WNT3A/WNT5A/SHH",3
"GO:1905953","negative regulation of lipid localization","3/51","70/18860",0.0428571428571429,15.8487394957983,6.48092182902443,0.000897513062923913,0.00338900043933274,0.0013645098285985,"ITGAV/ITGB3/SHH",3
"GO:0090068","positive regulation of cell cycle process","5/51","278/18860",0.0179856115107914,6.65114966850049,4.94281714852635,0.000906078175277359,0.00341711311838223,0.00137582880820855,"TGFB1/IGF1/PDGFB/WNT5A/ANXA1",5
"GO:0002697","regulation of immune effector process","6/51","421/18860",0.0142517814726841,5.27036467793768,4.61422635124169,0.000919649283584117,0.00346386582314729,0.00139465280257134,"CD81/TGFB1/TGFB3/IL10/WNT5A/ANXA1",6
"GO:0098742","cell-cell adhesion via plasma-membrane adhesion molecules","5/51","279/18860",0.017921146953405,6.62731042237684,4.93094317967631,0.000920745717001788,0.00346386582314729,0.00139465280257134,"ITGA5/ITGB1/BMP2/IL10/IL1RN",5
"GO:0003143","embryonic heart tube morphogenesis","3/51","71/18860",0.0422535211267606,15.6255178127589,6.42909965052329,0.000935330698487798,0.00349814261383935,0.00140845363223465,"WNT3A/WNT5A/SHH",3
"GO:0097192","extrinsic apoptotic signaling pathway in absence of ligand","3/51","71/18860",0.0422535211267606,15.6255178127589,6.42909965052329,0.000935330698487798,0.00349814261383935,0.00140845363223465,"ITGAV/IGF1/HSPA1A",3
"GO:0051347","positive regulation of transferase activity","4/51","161/18860",0.0248447204968944,9.18767507002801,5.43282744685123,0.000935582516087705,0.00349814261383935,0.00140845363223465,"FGF2/IGF1/PDGFB/WNT5A",4
"GO:0032868","response to insulin","5/51","280/18860",0.0178571428571429,6.60364145658263,4.9191273441699,0.000935589764959983,0.00349814261383935,0.00140845363223465,"IGF1/IL10/COL1A1/CAT/PKM",5
"GO:0097305","response to alcohol","5/51","280/18860",0.0178571428571429,6.60364145658263,4.9191273441699,0.000935589764959983,0.00349814261383935,0.00140845363223465,"TGFB1/FGF2/SOD1/SOD2/CAT",5
"GO:0001771","immunological synapse formation","2/51","17/18860",0.117647058823529,43.5063437139562,9.12987331566808,0.000950032471125718,0.0035006631273002,0.0014094684640271,"CD81/MSN",2
"GO:0002091","negative regulation of receptor internalization","2/51","17/18860",0.117647058823529,43.5063437139562,9.12987331566808,0.000950032471125718,0.0035006631273002,0.0014094684640271,"SDCBP/ANXA2",2
"GO:0010989","negative regulation of low-density lipoprotein particle clearance","2/51","17/18860",0.117647058823529,43.5063437139562,9.12987331566808,0.000950032471125718,0.0035006631273002,0.0014094684640271,"ITGAV/ITGB3",2
"GO:0014857","regulation of skeletal muscle cell proliferation","2/51","17/18860",0.117647058823529,43.5063437139562,9.12987331566808,0.000950032471125718,0.0035006631273002,0.0014094684640271,"FGF2/SHH",2
"GO:0021904","dorsal/ventral neural tube patterning","2/51","17/18860",0.117647058823529,43.5063437139562,9.12987331566808,0.000950032471125718,0.0035006631273002,0.0014094684640271,"WNT3A/SHH",2
"GO:0035728","response to hepatocyte growth factor","2/51","17/18860",0.117647058823529,43.5063437139562,9.12987331566808,0.000950032471125718,0.0035006631273002,0.0014094684640271,"HGF/IL10",2
"GO:0036166","phenotypic switching","2/51","17/18860",0.117647058823529,43.5063437139562,9.12987331566808,0.000950032471125718,0.0035006631273002,0.0014094684640271,"PDGFB/SOD2",2
"GO:0043117","positive regulation of vascular permeability","2/51","17/18860",0.117647058823529,43.5063437139562,9.12987331566808,0.000950032471125718,0.0035006631273002,0.0014094684640271,"TGFB1/VEGFA",2
"GO:0045198","establishment of epithelial cell apical/basal polarity","2/51","17/18860",0.117647058823529,43.5063437139562,9.12987331566808,0.000950032471125718,0.0035006631273002,0.0014094684640271,"WNT5A/MSN",2
"GO:0050665","hydrogen peroxide biosynthetic process","2/51","17/18860",0.117647058823529,43.5063437139562,9.12987331566808,0.000950032471125718,0.0035006631273002,0.0014094684640271,"SOD1/SOD2",2
"GO:0060977","coronary vasculature morphogenesis","2/51","17/18860",0.117647058823529,43.5063437139562,9.12987331566808,0.000950032471125718,0.0035006631273002,0.0014094684640271,"FGF2/VEGFA",2
"GO:0072109","glomerular mesangium development","2/51","17/18860",0.117647058823529,43.5063437139562,9.12987331566808,0.000950032471125718,0.0035006631273002,0.0014094684640271,"ITGB3/PDGFB",2
"GO:1900046","regulation of hemostasis","3/51","72/18860",0.0416666666666667,15.4084967320261,6.37831861798377,0.000974145084854243,0.00358518293593522,0.00144349858932754,"CD9/PDGFB/ANXA2",3
"GO:0030010","establishment of cell polarity","4/51","164/18860",0.024390243902439,9.01960784313725,5.37108804205073,0.00100200871339921,0.00368328745130238,0.00148299831139743,"ITGB1/WNT5A/SHH/MSN",4
"GO:0038034","signal transduction in absence of ligand","3/51","73/18860",0.0410958904109589,15.1974214343272,6.32854323620114,0.00101396645657822,0.00371828324401462,0.00149708863211891,"ITGAV/IGF1/HSPA1A",3
"GO:0045806","negative regulation of endocytosis","3/51","73/18860",0.0410958904109589,15.1974214343272,6.32854323620114,0.00101396645657822,0.00371828324401462,0.00149708863211891,"SDCBP/TGFB1/ANXA2",3
"GO:0021915","neural tube development","4/51","165/18860",0.0242424242424242,8.96494355317885,5.3508589718534,0.00102486978897359,0.00374476374390232,0.00150775044907934,"TGFB1/WNT3A/WNT5A/SHH",4
"GO:0071322","cellular response to carbohydrate stimulus","4/51","165/18860",0.0242424242424242,8.96494355317885,5.3508589718534,0.00102486978897359,0.00374476374390232,0.00150775044907934,"TGFB1/IGF1/COL1A1/GPX1",4
"GO:0097696","cell surface receptor signaling pathway via STAT","4/51","165/18860",0.0242424242424242,8.96494355317885,5.3508589718534,0.00102486978897359,0.00374476374390232,0.00150775044907934,"TGFB1/IGF1/IL10/CCL2",4
"GO:0043086","negative regulation of catalytic activity","4/51","166/18860",0.0240963855421687,8.91093786912355,5.33080091499248,0.00104809567978627,0.0038162182430549,0.00153652010200109,"TSG101/TIMP1/TIMP2/GAPDH",4
"GO:0098754","detoxification","4/51","166/18860",0.0240963855421687,8.91093786912355,5.33080091499248,0.00104809567978627,0.0038162182430549,0.00153652010200109,"SOD1/SOD2/CAT/GPX1",4
"GO:0045123","cellular extravasation","3/51","74/18860",0.0405405405405405,14.9920508744038,6.27973968872588,0.00105480494917215,0.0038162182430549,0.00153652010200109,"ITGB1/CCL2/CXCL12",3
"GO:0051057","positive regulation of small GTPase mediated signal transduction","3/51","74/18860",0.0405405405405405,14.9920508744038,6.27973968872588,0.00105480494917215,0.0038162182430549,0.00153652010200109,"ITGAV/IGF1/WNT5A",3
"GO:0001710","mesodermal cell fate commitment","2/51","18/18860",0.111111111111111,41.0893246187364,8.86059849722612,0.00106694007254206,0.0038162182430549,0.00153652010200109,"WNT3A/DKK1",2
"GO:0002830","positive regulation of type 2 immune response","2/51","18/18860",0.111111111111111,41.0893246187364,8.86059849722612,0.00106694007254206,0.0038162182430549,0.00153652010200109,"CD81/IDO1",2
"GO:0010544","negative regulation of platelet activation","2/51","18/18860",0.111111111111111,41.0893246187364,8.86059849722612,0.00106694007254206,0.0038162182430549,0.00153652010200109,"CD9/PDGFB",2
"GO:0010755","regulation of plasminogen activation","2/51","18/18860",0.111111111111111,41.0893246187364,8.86059849722612,0.00106694007254206,0.0038162182430549,0.00153652010200109,"ANXA2/ENO1",2
"GO:0033631","cell-cell adhesion mediated by integrin","2/51","18/18860",0.111111111111111,41.0893246187364,8.86059849722612,0.00106694007254206,0.0038162182430549,0.00153652010200109,"ITGA5/ITGB1",2
"GO:0052548","regulation of endopeptidase activity","2/51","18/18860",0.111111111111111,41.0893246187364,8.86059849722612,0.00106694007254206,0.0038162182430549,0.00153652010200109,"TIMP1/GAPDH",2
"GO:0060039","pericardium development","2/51","18/18860",0.111111111111111,41.0893246187364,8.86059849722612,0.00106694007254206,0.0038162182430549,0.00153652010200109,"BMP2/WNT5A",2
"GO:0071895","odontoblast differentiation","2/51","18/18860",0.111111111111111,41.0893246187364,8.86059849722612,0.00106694007254206,0.0038162182430549,0.00153652010200109,"TGFB1/BMP2",2
"GO:0072378","blood coagulation, fibrin clot formation","2/51","18/18860",0.111111111111111,41.0893246187364,8.86059849722612,0.00106694007254206,0.0038162182430549,0.00153652010200109,"ITGB3/FN1",2
"GO:0090190","positive regulation of branching involved in ureteric bud morphogenesis","2/51","18/18860",0.111111111111111,41.0893246187364,8.86059849722612,0.00106694007254206,0.0038162182430549,0.00153652010200109,"TGFB1/VEGFA",2
"GO:0098883","synapse pruning","2/51","18/18860",0.111111111111111,41.0893246187364,8.86059849722612,0.00106694007254206,0.0038162182430549,0.00153652010200109,"ITGB1/DKK1",2
"GO:1905209","positive regulation of cardiocyte differentiation","2/51","18/18860",0.111111111111111,41.0893246187364,8.86059849722612,0.00106694007254206,0.0038162182430549,0.00153652010200109,"TGFB1/WNT3A",2
"GO:1905288","vascular associated smooth muscle cell apoptotic process","2/51","18/18860",0.111111111111111,41.0893246187364,8.86059849722612,0.00106694007254206,0.0038162182430549,0.00153652010200109,"IGF1/SOD2",2
"GO:1905459","regulation of vascular associated smooth muscle cell apoptotic process","2/51","18/18860",0.111111111111111,41.0893246187364,8.86059849722612,0.00106694007254206,0.0038162182430549,0.00153652010200109,"IGF1/SOD2",2
"GO:0015844","monoamine transport","3/51","75/18860",0.04,14.7921568627451,6.23187573699218,0.00109667059963633,0.00391796487059773,0.00157748624402268,"ITGB3/CXCL12/ACTB",3
"GO:0042113","B cell activation","5/51","291/18860",0.0171821305841924,6.35401927093862,4.79284883277471,0.00111090959648826,0.00396419319167915,0.00159609910631184,"CD81/ITGB1/TGFB1/IL10/WNT3A",5
"GO:0006801","superoxide metabolic process","3/51","76/18860",0.0394736842105263,14.5975232198142,6.18492062676192,0.00113957334698726,0.00404283521123037,0.00162776266332207,"TGFB1/SOD1/SOD2",3
"GO:0045665","negative regulation of neuron differentiation","3/51","76/18860",0.0394736842105263,14.5975232198142,6.18492062676192,0.00113957334698726,0.00404283521123037,0.00162776266332207,"ITGB1/WNT3A/SHH",3
"GO:0046635","positive regulation of alpha-beta T cell activation","3/51","76/18860",0.0394736842105263,14.5975232198142,6.18492062676192,0.00113957334698726,0.00404283521123037,0.00162776266332207,"CD81/SHH/ANXA1",3
"GO:0061035","regulation of cartilage development","3/51","76/18860",0.0394736842105263,14.5975232198142,6.18492062676192,0.00113957334698726,0.00404283521123037,0.00162776266332207,"TGFB1/BMP2/WNT5A",3
"GO:1903053","regulation of extracellular matrix organization","3/51","76/18860",0.0394736842105263,14.5975232198142,6.18492062676192,0.00113957334698726,0.00404283521123037,0.00162776266332207,"ITGB3/TGFB1/BMP2",3
"GO:0003002","regionalization","6/51","440/18860",0.0136363636363636,5.0427807486631,4.46810406295333,0.00115460183843873,0.00409139397105292,0.00164731382781099,"FGF2/BMP2/WNT3A/WNT5A/SHH/DKK1",6
"GO:0015850","organic hydroxy compound transport","5/51","294/18860",0.0170068027210884,6.28918233960251,4.75953578445289,0.00116269642465833,0.00411529790212596,0.0016569382434684,"ITGB3/CXCL12/SHH/ACTB/ANXA2",5
"GO:0045685","regulation of glial cell differentiation","3/51","77/18860",0.038961038961039,14.4079449961803,6.13884500126488,0.00118352303278359,0.00418415848554199,0.00168466351071349,"TGFB1/BMP2/SHH",3
"GO:0030949","positive regulation of vascular endothelial growth factor receptor signaling pathway","2/51","19/18860",0.105263157894737,38.9267285861713,8.61255036304792,0.00119040268098725,0.00418423799503698,0.00168469552354126,"ITGA5/ITGB3",2
"GO:0048643","positive regulation of skeletal muscle tissue development","2/51","19/18860",0.105263157894737,38.9267285861713,8.61255036304792,0.00119040268098725,0.00418423799503698,0.00168469552354126,"WNT3A/SHH",2
"GO:0061101","neuroendocrine cell differentiation","2/51","19/18860",0.105263157894737,38.9267285861713,8.61255036304792,0.00119040268098725,0.00418423799503698,0.00168469552354126,"FGF2/BMP2",2
"GO:2000641","regulation of early endosome to late endosome transport","2/51","19/18860",0.105263157894737,38.9267285861713,8.61255036304792,0.00119040268098725,0.00418423799503698,0.00168469552354126,"MSN/EZR",2
"GO:2000811","negative regulation of anoikis","2/51","19/18860",0.105263157894737,38.9267285861713,8.61255036304792,0.00119040268098725,0.00418423799503698,0.00168469552354126,"ITGA5/ITGB1",2
"GO:0035966","response to topologically incorrect protein","4/51","172/18860",0.0232558139534884,8.60009119927041,5.21390578902608,0.00119529057335038,0.0041965840498182,0.00168966640312506,"HSPA8/HSP90AA1/HSPA1A/HSPB1",4
"GO:0007548","sex differentiation","5/51","297/18860",0.0168350168350168,6.22565524526309,4.72668283626183,0.00121625574276492,0.00426528307031697,0.00171732662045573,"VEGFA/MMP2/WNT5A/SHH/SOD1",5
"GO:0001678","intracellular glucose homeostasis","4/51","173/18860",0.023121387283237,8.55037968944803,5.19497683819123,0.00122115937789039,0.00427756287249551,0.00172227082482094,"TGFB1/IGF1/COL1A1/GPX1",4
"GO:0003170","heart valve development","3/51","78/18860",0.0384615384615385,14.2232277526395,6.09362082047585,0.00122852940165003,0.00429844404178237,0.00173067818894928,"TGFB1/BMP2/DKK1",3
"GO:0010975","regulation of neuron projection development","6/51","448/18860",0.0133928571428571,4.95273109243697,4.40907370564042,0.00126631305609288,0.00442556830943801,0.00178186210461252,"VEGFA/CXCL12/FN1/WNT3A/WNT5A/DKK1",6
"GO:0090596","sensory organ morphogenesis","5/51","300/18860",0.0166666666666667,6.16339869281046,4.69427866561338,0.00127162500525155,0.00443904793023167,0.00178728939073655,"FGF2/VEGFA/WNT3A/WNT5A/SOD1",5
"GO:0002437","inflammatory response to antigenic stimulus","3/51","79/18860",0.0379746835443038,14.0431868950112,6.04922128602258,0.00127460210179883,0.00443928197784046,0.00178738362508921,"CD81/IL10/GPX1",3
"GO:0009988","cell-cell recognition","3/51","79/18860",0.0379746835443038,14.0431868950112,6.04922128602258,0.00127460210179883,0.00443928197784046,0.00178738362508921,"CD9/CD81/MSN",3
"GO:0043269","regulation of monoatomic ion transport","6/51","449/18860",0.0133630289532294,4.94170051093934,4.40179355535082,0.00128084037373785,0.00445592244044946,0.00179408355776519,"CD63/ITGB3/TGFB1/PDGFB/CCL2/CXCL12",6
"GO:0032930","positive regulation of superoxide anion generation","2/51","20/18860",0.1,36.9803921568627,8.38304902898556,0.00132038539427841,0.00455667948204616,0.00183465126379543,"TGFB1/SOD1",2
"GO:0043129","surfactant homeostasis","2/51","20/18860",0.1,36.9803921568627,8.38304902898556,0.00132038539427841,0.00455667948204616,0.00183465126379543,"TGFB1/VEGFA",2
"GO:0048339","paraxial mesoderm development","2/51","20/18860",0.1,36.9803921568627,8.38304902898556,0.00132038539427841,0.00455667948204616,0.00183465126379543,"WNT3A/WNT5A",2
"GO:0051580","regulation of neurotransmitter uptake","2/51","20/18860",0.1,36.9803921568627,8.38304902898556,0.00132038539427841,0.00455667948204616,0.00183465126379543,"ITGB1/ITGB3",2
"GO:0098974","postsynaptic actin cytoskeleton organization","2/51","20/18860",0.1,36.9803921568627,8.38304902898556,0.00132038539427841,0.00455667948204616,0.00183465126379543,"ACTB/EZR",2
"GO:0006022","aminoglycan metabolic process","3/51","80/18860",0.0375,13.8676470588235,6.00562077126598,0.00132175068554928,0.00455667948204616,0.00183465126379543,"TGFB1/FGF2/PDGFB",3
"GO:0140962","multicellular organismal-level chemical homeostasis","3/51","80/18860",0.0375,13.8676470588235,6.00562077126598,0.00132175068554928,0.00455667948204616,0.00183465126379543,"TGFB1/VEGFA/SOD2",3
"GO:1904377","positive regulation of protein localization to cell periphery","3/51","80/18860",0.0375,13.8676470588235,6.00562077126598,0.00132175068554928,0.00455667948204616,0.00183465126379543,"ITGB1/WNT3A/EZR",3
"GO:0032635","interleukin-6 production","4/51","177/18860",0.0225988700564972,8.35715076991248,5.12076148215382,0.00132856937980049,0.0045698592759541,0.00183995783092288,"TGFB1/HGF/IL10/WNT5A",4
"GO:0032675","regulation of interleukin-6 production","4/51","177/18860",0.0225988700564972,8.35715076991248,5.12076148215382,0.00132856937980049,0.0045698592759541,0.00183995783092288,"TGFB1/HGF/IL10/WNT5A",4
"GO:0006874","intracellular calcium ion homeostasis","5/51","304/18860",0.0164473684210526,6.08230134158927,4.65175236155602,0.0013483312757845,0.0046274001377036,0.00186312545005092,"ITGB3/TGFB1/FGF2/CXCL12/WNT5A",5
"GO:0051338","regulation of transferase activity","5/51","304/18860",0.0164473684210526,6.08230134158927,4.65175236155602,0.0013483312757845,0.0046274001377036,0.00186312545005092,"TSG101/FGF2/IGF1/PDGFB/WNT5A",5
"GO:0055002","striated muscle cell development","4/51","178/18860",0.0224719101123595,8.31020048468826,5.10257233601352,0.00135642147619629,0.00464993474592682,0.00187219853663047,"ITGB1/IGF1/VEGFA/GPX1",4
"GO:0021879","forebrain neuron differentiation","3/51","81/18860",0.037037037037037,13.6964415395788,5.9627947561366,0.00136998460984482,0.00469115942158983,0.00188879678621171,"FGF2/BMP2/WNT5A",3
"GO:0050729","positive regulation of inflammatory response","4/51","179/18860",0.0223463687150838,8.26377478365648,5.08452504147713,0.00138467976585868,0.00473616363860408,0.00190691678871499,"CD81/TGFB1/WNT5A/IDO1",4
"GO:0072657","protein localization to membrane","6/51","458/18860",0.0131004366812227,4.84459285897765,4.3372269318042,0.00141742262915867,0.00483835160377585,0.00194806062606097,"CD81/ITGB1/TGFB1/WNT3A/ACTB/EZR",6
"GO:0031016","pancreas development","3/51","82/18860",0.0365853658536585,13.5294117647059,5.92071976634948,0.00141931323676807,0.00483835160377585,0.00194806062606097,"IGF1/WNT5A/SHH",3
"GO:0090049","regulation of cell migration involved in sprouting angiogenesis","3/51","82/18860",0.0365853658536585,13.5294117647059,5.92071976634948,0.00141931323676807,0.00483835160377585,0.00194806062606097,"FGF2/VEGFA/ANXA1",3
"GO:0002544","chronic inflammatory response","2/51","21/18860",0.0952380952380952,35.219421101774,8.16986626681597,0.00145685344464461,0.0049497325830854,0.00199290583741678,"IL10/IDO1",2
"GO:0036342","post-anal tail morphogenesis","2/51","21/18860",0.0952380952380952,35.219421101774,8.16986626681597,0.00145685344464461,0.0049497325830854,0.00199290583741678,"WNT3A/WNT5A",2
"GO:0090189","regulation of branching involved in ureteric bud morphogenesis","2/51","21/18860",0.0952380952380952,35.219421101774,8.16986626681597,0.00145685344464461,0.0049497325830854,0.00199290583741678,"TGFB1/VEGFA",2
"GO:0007519","skeletal muscle tissue development","4/51","183/18860",0.0218579234972678,8.08314582663666,5.01371604330494,0.00150183831846155,0.00508558125374717,0.00204760245066258,"TGFB1/WNT3A/SHH/GPX1",4
"GO:0031214","biomineral tissue development","4/51","183/18860",0.0218579234972678,8.08314582663666,5.01371604330494,0.00150183831846155,0.00508558125374717,0.00204760245066258,"TGFB1/IGF1/BMP2/COL1A1",4
"GO:1905952","regulation of lipid localization","4/51","183/18860",0.0218579234972678,8.08314582663666,5.01371604330494,0.00150183831846155,0.00508558125374717,0.00204760245066258,"ITGAV/ITGB3/SHH/ANXA2",4
"GO:0030178","negative regulation of Wnt signaling pathway","4/51","185/18860",0.0216216216216216,7.9957604663487,4.9791138290769,0.00156293719595976,0.00528660907413882,0.00212854207922166,"BMP2/WNT5A/SHH/DKK1",4
"GO:0070227","lymphocyte apoptotic process","3/51","85/18860",0.0352941176470588,13.0519031141869,5.79878072697159,0.00157395954197242,0.00531799619330882,0.00214117944335469,"IL10/WNT5A/IDO1",3
"GO:0071248","cellular response to metal ion","4/51","186/18860",0.021505376344086,7.9527725068522,4.96200707941833,0.00159412761004661,0.00533432237917621,0.00214775283910319,"WNT5A/SHH/SOD1/TUBA1A",4
"GO:0019430","removal of superoxide radicals","2/51","22/18860",0.0909090909090909,33.6185383244207,7.97113207522303,0.00159977219827802,0.00533432237917621,0.00214775283910319,"SOD1/SOD2",2
"GO:0032928","regulation of superoxide anion generation","2/51","22/18860",0.0909090909090909,33.6185383244207,7.97113207522303,0.00159977219827802,0.00533432237917621,0.00214775283910319,"TGFB1/SOD1",2
"GO:0035089","establishment of apical/basal cell polarity","2/51","22/18860",0.0909090909090909,33.6185383244207,7.97113207522303,0.00159977219827802,0.00533432237917621,0.00214775283910319,"WNT5A/MSN",2
"GO:0039702","viral budding via host ESCRT complex","2/51","22/18860",0.0909090909090909,33.6185383244207,7.97113207522303,0.00159977219827802,0.00533432237917621,0.00214775283910319,"TSG101/PDCD6IP",2
"GO:0045844","positive regulation of striated muscle tissue development","2/51","22/18860",0.0909090909090909,33.6185383244207,7.97113207522303,0.00159977219827802,0.00533432237917621,0.00214775283910319,"WNT3A/SHH",2
"GO:0048636","positive regulation of muscle organ development","2/51","22/18860",0.0909090909090909,33.6185383244207,7.97113207522303,0.00159977219827802,0.00533432237917621,0.00214775283910319,"WNT3A/SHH",2
"GO:0060445","branching involved in salivary gland morphogenesis","2/51","22/18860",0.0909090909090909,33.6185383244207,7.97113207522303,0.00159977219827802,0.00533432237917621,0.00214775283910319,"HGF/SHH",2
"GO:0061621","canonical glycolysis","2/51","22/18860",0.0909090909090909,33.6185383244207,7.97113207522303,0.00159977219827802,0.00533432237917621,0.00214775283910319,"PKM/ENO1",2
"GO:0061718","glucose catabolic process to pyruvate","2/51","22/18860",0.0909090909090909,33.6185383244207,7.97113207522303,0.00159977219827802,0.00533432237917621,0.00214775283910319,"PKM/ENO1",2
"GO:0072376","protein activation cascade","2/51","22/18860",0.0909090909090909,33.6185383244207,7.97113207522303,0.00159977219827802,0.00533432237917621,0.00214775283910319,"ITGB3/FN1",2
"GO:1901863","positive regulation of muscle tissue development","2/51","22/18860",0.0909090909090909,33.6185383244207,7.97113207522303,0.00159977219827802,0.00533432237917621,0.00214775283910319,"WNT3A/SHH",2
"GO:0035265","organ growth","4/51","187/18860",0.0213903743315508,7.91024431162839,4.94502762246158,0.00162574955330965,0.00541502389426608,0.00218024560872484,"FGF2/IGF1/SHH/SOD1",4
"GO:0044092","negative regulation of molecular function","5/51","319/18860",0.0156739811912226,5.79629971110701,4.4987995509387,0.00166677344854014,0.00554561155015917,0.00223282398490081,"TSG101/IL10/TIMP1/TIMP2/GAPDH",5
"GO:0014855","striated muscle cell proliferation","3/51","87/18860",0.0344827586206897,12.7518593644354,5.72085495454726,0.00168269800786919,0.00559249632027113,0.00225170115260101,"FGF2/HGF/SHH",3
"GO:0048864","stem cell development","3/51","88/18860",0.0340909090909091,12.6069518716578,5.68284501610439,0.00173878620643147,0.00575677015054874,0.00231784255919211,"FGF2/FN1/SHH",3
"GO:0070509","calcium ion import","3/51","88/18860",0.0340909090909091,12.6069518716578,5.68284501610439,0.00173878620643147,0.00575677015054874,0.00231784255919211,"PDGFB/CCL2/CXCL12",3
"GO:0010888","negative regulation of lipid storage","2/51","23/18860",0.0869565217391304,32.156862745098,7.7852638411012,0.00174910715488649,0.00575677015054874,0.00231784255919211,"ITGAV/ITGB3",2
"GO:0010985","negative regulation of lipoprotein particle clearance","2/51","23/18860",0.0869565217391304,32.156862745098,7.7852638411012,0.00174910715488649,0.00575677015054874,0.00231784255919211,"ITGAV/ITGB3",2
"GO:0031340","positive regulation of vesicle fusion","2/51","23/18860",0.0869565217391304,32.156862745098,7.7852638411012,0.00174910715488649,0.00575677015054874,0.00231784255919211,"ANXA1/ANXA2",2
"GO:0034114","regulation of heterotypic cell-cell adhesion","2/51","23/18860",0.0869565217391304,32.156862745098,7.7852638411012,0.00174910715488649,0.00575677015054874,0.00231784255919211,"IL10/IL1RN",2
"GO:0051151","negative regulation of smooth muscle cell differentiation","2/51","23/18860",0.0869565217391304,32.156862745098,7.7852638411012,0.00174910715488649,0.00575677015054874,0.00231784255919211,"PDGFB/SHH",2
"GO:0071450","cellular response to oxygen radical","2/51","23/18860",0.0869565217391304,32.156862745098,7.7852638411012,0.00174910715488649,0.00575677015054874,0.00231784255919211,"SOD1/SOD2",2
"GO:0071451","cellular response to superoxide","2/51","23/18860",0.0869565217391304,32.156862745098,7.7852638411012,0.00174910715488649,0.00575677015054874,0.00231784255919211,"SOD1/SOD2",2
"GO:0014910","regulation of smooth muscle cell migration","3/51","89/18860",0.0337078651685393,12.4653007270324,5.64544673298507,0.00179603202890176,0.00589214378513901,0.00237234790914358,"ITGB3/IGF1/PDGFB",3
"GO:0035050","embryonic heart tube development","3/51","89/18860",0.0337078651685393,12.4653007270324,5.64544673298507,0.00179603202890176,0.00589214378513901,0.00237234790914358,"WNT3A/WNT5A/SHH",3
"GO:2000243","positive regulation of reproductive process","3/51","89/18860",0.0337078651685393,12.4653007270324,5.64544673298507,0.00179603202890176,0.00589214378513901,0.00237234790914358,"VEGFA/WNT5A/SHH",3
"GO:0030099","myeloid cell differentiation","6/51","481/18860",0.0124740124740125,4.61293873058579,4.17959076686687,0.00181729760787095,0.00595550483524625,0.00239785890483961,"CD81/TGFB1/VEGFA/BMP2/HSPA1A/ANXA2",6
"GO:0021871","forebrain regionalization","2/51","24/18860",0.0833333333333333,30.8169934640523,7.61091190654764,0.00190482394724747,0.00620899344343166,0.00249992076747391,"BMP2/SHH",2
"GO:0036303","lymph vessel morphogenesis","2/51","24/18860",0.0833333333333333,30.8169934640523,7.61091190654764,0.00190482394724747,0.00620899344343166,0.00249992076747391,"FGF2/VEGFA",2
"GO:0061162","establishment of monopolar cell polarity","2/51","24/18860",0.0833333333333333,30.8169934640523,7.61091190654764,0.00190482394724747,0.00620899344343166,0.00249992076747391,"WNT5A/MSN",2
"GO:0061620","glycolytic process through glucose-6-phosphate","2/51","24/18860",0.0833333333333333,30.8169934640523,7.61091190654764,0.00190482394724747,0.00620899344343166,0.00249992076747391,"PKM/ENO1",2
"GO:2001044","regulation of integrin-mediated signaling pathway","2/51","24/18860",0.0833333333333333,30.8169934640523,7.61091190654764,0.00190482394724747,0.00620899344343166,0.00249992076747391,"CD63/TIMP1",2
"GO:0008543","fibroblast growth factor receptor signaling pathway","3/51","91/18860",0.032967032967033,12.191338073691,5.57241829516275,0.00191403094114894,0.00622082624174948,0.00250468499512555,"ITGB1/FGF2/WNT5A",3
"GO:0042475","odontogenesis of dentin-containing tooth","3/51","91/18860",0.032967032967033,12.191338073691,5.57241829516275,0.00191403094114894,0.00622082624174948,0.00250468499512555,"TGFB1/BMP2/SHH",3
"GO:0007389","pattern specification process","6/51","486/18860",0.0123456790123457,4.56548051319293,4.14663597218884,0.00191457090822772,0.00622082624174948,0.00250468499512555,"FGF2/BMP2/WNT3A/WNT5A/SHH/DKK1",6
"GO:0030217","T cell differentiation","5/51","330/18860",0.0151515151515152,5.60308972073678,4.39268706621886,0.00193324023811531,0.00627480421967003,0.00252641809393121,"TGFB1/SHH/SOD1/ACTB/ANXA1",5
"GO:0055074","calcium ion homeostasis","5/51","331/18860",0.0151057401812689,5.58616195723002,4.38327742542343,0.00195892453798197,0.00635141207798405,0.00255726263865424,"ITGB3/TGFB1/FGF2/CXCL12/WNT5A",5
"GO:0001764","neuron migration","4/51","197/18860",0.0203045685279188,7.5087090673833,4.78188149939367,0.00196639581294337,0.00636211413074256,0.00256157159536185,"VEGFA/CXCL12/HSP90AA1/TUBA1A",4
"GO:0060538","skeletal muscle organ development","4/51","197/18860",0.0203045685279188,7.5087090673833,4.78188149939367,0.00196639581294337,0.00636211413074256,0.00256157159536185,"TGFB1/WNT3A/SHH/GPX1",4
"GO:0043122","regulation of canonical NF-kappaB signal transduction","5/51","332/18860",0.0150602409638554,5.56933616820222,4.37390601055682,0.00198485847519192,0.00641504577098574,0.00258288340828386,"TGFB1/VEGFA/WNT5A/HSPB1/GAPDH",5
"GO:0002088","lens development in camera-type eye","3/51","93/18860",0.032258064516129,11.9291587602783,5.50164225681908,0.00203676263550593,0.00655517289778449,0.00263930265200866,"TGFB1/FGF2/WNT5A",3
"GO:0002070","epithelial cell maturation","2/51","25/18860",0.08,29.5843137254902,7.44691723188993,0.00206688834076325,0.00655517289778449,0.00263930265200866,"TGFB1/VEGFA",2
"GO:0030859","polarized epithelial cell differentiation","2/51","25/18860",0.08,29.5843137254902,7.44691723188993,0.00206688834076325,0.00655517289778449,0.00263930265200866,"WNT5A/MSN",2
"GO:0032967","positive regulation of collagen biosynthetic process","2/51","25/18860",0.08,29.5843137254902,7.44691723188993,0.00206688834076325,0.00655517289778449,0.00263930265200866,"TGFB1/TGFB3",2
"GO:0035902","response to immobilization stress","2/51","25/18860",0.08,29.5843137254902,7.44691723188993,0.00206688834076325,0.00655517289778449,0.00263930265200866,"TGFB1/SOD2",2
"GO:0040037","negative regulation of fibroblast growth factor receptor signaling pathway","2/51","25/18860",0.08,29.5843137254902,7.44691723188993,0.00206688834076325,0.00655517289778449,0.00263930265200866,"FGF2/WNT5A",2
"GO:0042744","hydrogen peroxide catabolic process","2/51","25/18860",0.08,29.5843137254902,7.44691723188993,0.00206688834076325,0.00655517289778449,0.00263930265200866,"CAT/GPX1",2
"GO:0046755","viral budding","2/51","25/18860",0.08,29.5843137254902,7.44691723188993,0.00206688834076325,0.00655517289778449,0.00263930265200866,"TSG101/PDCD6IP",2
"GO:0050927","positive regulation of positive chemotaxis","2/51","25/18860",0.08,29.5843137254902,7.44691723188993,0.00206688834076325,0.00655517289778449,0.00263930265200866,"VEGFA/CXCL12",2
"GO:0051131","chaperone-mediated protein complex assembly","2/51","25/18860",0.08,29.5843137254902,7.44691723188993,0.00206688834076325,0.00655517289778449,0.00263930265200866,"HSP90AA1/HSPA1A",2
"GO:0060444","branching involved in mammary gland duct morphogenesis","2/51","25/18860",0.08,29.5843137254902,7.44691723188993,0.00206688834076325,0.00655517289778449,0.00263930265200866,"TGFB1/WNT5A",2
"GO:0060571","morphogenesis of an epithelial fold","2/51","25/18860",0.08,29.5843137254902,7.44691723188993,0.00206688834076325,0.00655517289778449,0.00263930265200866,"WNT5A/SHH",2
"GO:0061339","establishment or maintenance of monopolar cell polarity","2/51","25/18860",0.08,29.5843137254902,7.44691723188993,0.00206688834076325,0.00655517289778449,0.00263930265200866,"WNT5A/MSN",2
"GO:0097709","connective tissue replacement","2/51","25/18860",0.08,29.5843137254902,7.44691723188993,0.00206688834076325,0.00655517289778449,0.00263930265200866,"TGFB1/TIMP1",2
"GO:0099188","postsynaptic cytoskeleton organization","2/51","25/18860",0.08,29.5843137254902,7.44691723188993,0.00206688834076325,0.00655517289778449,0.00263930265200866,"ACTB/EZR",2
"GO:1901623","regulation of lymphocyte chemotaxis","2/51","25/18860",0.08,29.5843137254902,7.44691723188993,0.00206688834076325,0.00655517289778449,0.00263930265200866,"CCL2/WNT5A",2
"GO:1905063","regulation of vascular associated smooth muscle cell differentiation","2/51","25/18860",0.08,29.5843137254902,7.44691723188993,0.00206688834076325,0.00655517289778449,0.00263930265200866,"PDGFB/SOD2",2
"GO:2000050","regulation of non-canonical Wnt signaling pathway","2/51","25/18860",0.08,29.5843137254902,7.44691723188993,0.00206688834076325,0.00655517289778449,0.00263930265200866,"WNT5A/DKK1",2
"GO:0050954","sensory perception of mechanical stimulus","4/51","200/18860",0.02,7.39607843137255,4.73515853367767,0.00207753548416021,0.00658209840308702,0.00265014364105041,"CXCL12/COL1A1/SOD1/GPX1",4
"GO:0042100","B cell proliferation","3/51","94/18860",0.0319148936170213,11.80225281602,5.46706167375784,0.00209992410059428,0.00664612907771073,0.00267592424699009,"CD81/IL10/WNT3A",3
"GO:0002262","myeloid cell homeostasis","4/51","201/18860",0.0199004975124378,7.35928202126622,4.71979892406032,0.0021155286950582,0.00668165429464036,0.00269022772925022,"VEGFA/SOD1/HSPA1A/ANXA1",4
"GO:0016051","carbohydrate biosynthetic process","4/51","201/18860",0.0199004975124378,7.35928202126622,4.71979892406032,0.0021155286950582,0.00668165429464036,0.00269022772925022,"TGFB1/IGF1/PDGFB/ENO1",4
"GO:0071347","cellular response to interleukin-1","3/51","95/18860",0.0315789473684211,11.6780185758514,5.43300062992081,0.00216429357344483,0.00682860361176854,0.0027493937845862,"IL1RN/CCL2/MMP2",3
"GO:0070588","calcium ion transmembrane transport","5/51","339/18860",0.0147492625368732,5.45433512638094,4.30935315985425,0.00217350852187125,0.0068505934919723,0.00275824754787272,"ITGAV/ITGB3/TGFB1/FGF2/WNT3A",5
"GO:0014909","smooth muscle cell migration","3/51","96/18860",0.03125,11.5563725490196,5.39944570156172,0.00222987914095792,0.00695188305498157,0.00279902966246217,"ITGB3/IGF1/PDGFB",3
"GO:0000303","response to superoxide","2/51","26/18860",0.0769230769230769,28.446455505279,7.29227810081478,0.00223526623301767,0.00695188305498157,0.00279902966246217,"SOD1/SOD2",2
"GO:0006027","glycosaminoglycan catabolic process","2/51","26/18860",0.0769230769230769,28.446455505279,7.29227810081478,0.00223526623301767,0.00695188305498157,0.00279902966246217,"TGFB1/FGF2",2
"GO:0007350","blastoderm segmentation","2/51","26/18860",0.0769230769230769,28.446455505279,7.29227810081478,0.00223526623301767,0.00695188305498157,0.00279902966246217,"WNT5A/SHH",2
"GO:0010623","programmed cell death involved in cell development","2/51","26/18860",0.0769230769230769,28.446455505279,7.29227810081478,0.00223526623301767,0.00695188305498157,0.00279902966246217,"FGF2/SOD1",2
"GO:0010714","positive regulation of collagen metabolic process","2/51","26/18860",0.0769230769230769,28.446455505279,7.29227810081478,0.00223526623301767,0.00695188305498157,0.00279902966246217,"TGFB1/TGFB3",2
"GO:0010954","positive regulation of protein processing","2/51","26/18860",0.0769230769230769,28.446455505279,7.29227810081478,0.00223526623301767,0.00695188305498157,0.00279902966246217,"ANXA2/ENO1",2
"GO:0036120","cellular response to platelet-derived growth factor stimulus","2/51","26/18860",0.0769230769230769,28.446455505279,7.29227810081478,0.00223526623301767,0.00695188305498157,0.00279902966246217,"ITGB3/PDGFB",2
"GO:0043567","regulation of insulin-like growth factor receptor signaling pathway","2/51","26/18860",0.0769230769230769,28.446455505279,7.29227810081478,0.00223526623301767,0.00695188305498157,0.00279902966246217,"IGF1/BMP2",2
"GO:0043931","ossification involved in bone maturation","2/51","26/18860",0.0769230769230769,28.446455505279,7.29227810081478,0.00223526623301767,0.00695188305498157,0.00279902966246217,"IGF1/BMP2",2
"GO:0046716","muscle cell cellular homeostasis","2/51","26/18860",0.0769230769230769,28.446455505279,7.29227810081478,0.00223526623301767,0.00695188305498157,0.00279902966246217,"TGFB1/SOD1",2
"GO:0050926","regulation of positive chemotaxis","2/51","26/18860",0.0769230769230769,28.446455505279,7.29227810081478,0.00223526623301767,0.00695188305498157,0.00279902966246217,"VEGFA/CXCL12",2
"GO:2000209","regulation of anoikis","2/51","26/18860",0.0769230769230769,28.446455505279,7.29227810081478,0.00223526623301767,0.00695188305498157,0.00279902966246217,"ITGA5/ITGB1",2
"GO:1902117","positive regulation of organelle assembly","3/51","97/18860",0.0309278350515464,11.4372346876895,5.36638394834121,0.00229668880264101,0.00713563903956999,0.00287301514919291,"SDCBP/PDCD6IP/MSN",3
"GO:0055001","muscle cell development","4/51","206/18860",0.0194174757281553,7.18065867123548,4.64455328008303,0.00231273422635017,0.00717818120508075,0.00289014385838267,"ITGB1/IGF1/VEGFA/GPX1",4
"GO:0090101","negative regulation of transmembrane receptor protein serine/threonine kinase signaling pathway","4/51","208/18860",0.0192307692307692,7.11161387631976,4.61515655221173,0.0023950525167618,0.00742612319983765,0.00298997249364679,"BMP2/WNT5A/DKK1/HSPA1A",4
"GO:0000305","response to oxygen radical","2/51","27/18860",0.0740740740740741,27.3928830791576,7.14612367017871,0.00240992365333408,0.00744198083635858,0.00299635723784453,"SOD1/SOD2",2
"GO:0002053","positive regulation of mesenchymal cell proliferation","2/51","27/18860",0.0740740740740741,27.3928830791576,7.14612367017871,0.00240992365333408,0.00744198083635858,0.00299635723784453,"WNT5A/SHH",2
"GO:0033622","integrin activation","2/51","27/18860",0.0740740740740741,27.3928830791576,7.14612367017871,0.00240992365333408,0.00744198083635858,0.00299635723784453,"CXCL12/FN1",2
"GO:1903319","positive regulation of protein maturation","2/51","27/18860",0.0740740740740741,27.3928830791576,7.14612367017871,0.00240992365333408,0.00744198083635858,0.00299635723784453,"ANXA2/ENO1",2
"GO:0001942","hair follicle development","3/51","99/18860",0.0303030303030303,11.2061794414736,5.30169049104053,0.00243401197246663,0.0075011823515108,0.0030201934841771,"WNT5A/SHH/DKK1",3
"GO:0010657","muscle cell apoptotic process","3/51","99/18860",0.0303030303030303,11.2061794414736,5.30169049104053,0.00243401197246663,0.0075011823515108,0.0030201934841771,"IGF1/SOD2/HSP90AA1",3
"GO:0009749","response to glucose","4/51","209/18860",0.0191387559808612,7.07758701566751,4.60060378769905,0.00243696027443243,0.00750269000735958,0.0030208005101308,"TGFB1/IGF1/COL1A1/GPX1",4
"GO:0002822","regulation of adaptive immune response based on somatic recombination of immune receptors built from immunoglobulin superfamily domains","4/51","210/18860",0.019047619047619,7.04388422035481,4.58614657213011,0.00247937119491568,0.00762556604404007,0.00307027396484147,"CD81/TGFB1/IL10/ANXA1",4
"GO:1900182","positive regulation of protein localization to nucleus","3/51","100/18860",0.03,11.0941176470588,5.2700351296275,0.00250454104697876,0.00769522128331541,0.00309831918357366,"TGFB1/SHH/HSP90AA1",3
"GO:0034446","substrate adhesion-dependent cell spreading","3/51","101/18860",0.0297029702970297,10.984274898078,5.23882559014812,0.00257632534935197,0.00790461245188321,0.00318262613857327,"ITGAV/ITGB3/FN1",3
"GO:0031639","plasminogen activation","2/51","28/18860",0.0714285714285714,26.4145658263305,7.00769276113297,0.00259082676233471,0.00790461245188321,0.00318262613857327,"ANXA2/ENO1",2
"GO:0033081","regulation of T cell differentiation in thymus","2/51","28/18860",0.0714285714285714,26.4145658263305,7.00769276113297,0.00259082676233471,0.00790461245188321,0.00318262613857327,"SHH/SOD1",2
"GO:0033598","mammary gland epithelial cell proliferation","2/51","28/18860",0.0714285714285714,26.4145658263305,7.00769276113297,0.00259082676233471,0.00790461245188321,0.00318262613857327,"WNT5A/GPX1",2
"GO:0036119","response to platelet-derived growth factor","2/51","28/18860",0.0714285714285714,26.4145658263305,7.00769276113297,0.00259082676233471,0.00790461245188321,0.00318262613857327,"ITGB3/PDGFB",2
"GO:0061615","glycolytic process through fructose-6-phosphate","2/51","28/18860",0.0714285714285714,26.4145658263305,7.00769276113297,0.00259082676233471,0.00790461245188321,0.00318262613857327,"PKM/ENO1",2
"GO:2000178","negative regulation of neural precursor cell proliferation","2/51","28/18860",0.0714285714285714,26.4145658263305,7.00769276113297,0.00259082676233471,0.00790461245188321,0.00318262613857327,"TGFB1/WNT5A",2
"GO:0022404","molting cycle process","3/51","102/18860",0.0294117647058824,10.876585928489,5.20805103984804,0.00264937244930411,0.00804302024161876,0.00323835312735051,"WNT5A/SHH/DKK1",3
"GO:0022405","hair cycle process","3/51","102/18860",0.0294117647058824,10.876585928489,5.20805103984804,0.00264937244930411,0.00804302024161876,0.00323835312735051,"WNT5A/SHH/DKK1",3
"GO:0046330","positive regulation of JNK cascade","3/51","102/18860",0.0294117647058824,10.876585928489,5.20805103984804,0.00264937244930411,0.00804302024161876,0.00323835312735051,"SDCBP/WNT5A/DKK1",3
"GO:0051928","positive regulation of calcium ion transport","3/51","102/18860",0.0294117647058824,10.876585928489,5.20805103984804,0.00264937244930411,0.00804302024161876,0.00323835312735051,"PDGFB/CCL2/CXCL12",3
"GO:0071229","cellular response to acid chemical","3/51","102/18860",0.0294117647058824,10.876585928489,5.20805103984804,0.00264937244930411,0.00804302024161876,0.00323835312735051,"VEGFA/MMP2/COL1A1",3
"GO:0009746","response to hexose","4/51","215/18860",0.0186046511627907,6.88007295941632,4.51525535109925,0.00269908011537692,0.00818577875945824,0.00329583184539591,"TGFB1/IGF1/COL1A1/GPX1",4
"GO:0046620","regulation of organ growth","3/51","103/18860",0.029126213592233,10.7709880068532,5.17770101318826,0.00272368983201585,0.00824402547369082,0.00331928366119726,"FGF2/IGF1/SOD1",3
"GO:0071346","cellular response to type II interferon","3/51","103/18860",0.029126213592233,10.7709880068532,5.17770101318826,0.00272368983201585,0.00824402547369082,0.00331928366119726,"CCL2/WNT5A/GAPDH",3
"GO:0006929","substrate-dependent cell migration","2/51","29/18860",0.0689655172413793,25.5037187288709,6.87631670655132,0.0027779418515014,0.00835848184312699,0.00336536711377778,"SDCBP/FN1",2
"GO:0010818","T cell chemotaxis","2/51","29/18860",0.0689655172413793,25.5037187288709,6.87631670655132,0.0027779418515014,0.00835848184312699,0.00336536711377778,"CXCL12/WNT5A",2
"GO:0070977","bone maturation","2/51","29/18860",0.0689655172413793,25.5037187288709,6.87631670655132,0.0027779418515014,0.00835848184312699,0.00336536711377778,"IGF1/BMP2",2
"GO:0097421","liver regeneration","2/51","29/18860",0.0689655172413793,25.5037187288709,6.87631670655132,0.0027779418515014,0.00835848184312699,0.00336536711377778,"TGFB1/IL10",2
"GO:1903055","positive regulation of extracellular matrix organization","2/51","29/18860",0.0689655172413793,25.5037187288709,6.87631670655132,0.0027779418515014,0.00835848184312699,0.00336536711377778,"TGFB1/BMP2",2
"GO:2000353","positive regulation of endothelial cell apoptotic process","2/51","29/18860",0.0689655172413793,25.5037187288709,6.87631670655132,0.0027779418515014,0.00835848184312699,0.00336536711377778,"TGFB1/CCL2",2
"GO:0007249","canonical NF-kappaB signal transduction","5/51","359/18860",0.0139275766016713,5.15047244524551,4.13436411778946,0.00278479332354692,0.00837084180309522,0.003370343591993,"TGFB1/VEGFA/WNT5A/HSPB1/GAPDH",5
"GO:0032602","chemokine production","3/51","104/18860",0.0288461538461538,10.6674208144796,5.14776539596056,0.00279928489859948,0.00838960532969255,0.00337789833178119,"TGFB1/IL10/WNT5A",3
"GO:0032642","regulation of chemokine production","3/51","104/18860",0.0288461538461538,10.6674208144796,5.14776539596056,0.00279928489859948,0.00838960532969255,0.00337789833178119,"TGFB1/IL10/WNT5A",3
"GO:0043255","regulation of carbohydrate biosynthetic process","3/51","104/18860",0.0288461538461538,10.6674208144796,5.14776539596056,0.00279928489859948,0.00838960532969255,0.00337789833178119,"TGFB1/IGF1/PDGFB",3
"GO:0097006","regulation of plasma lipoprotein particle levels","3/51","105/18860",0.0285714285714286,10.5658263305322,5.11823441023557,0.00287616496656584,0.00861155967908968,0.00346726358760636,"ITGAV/ITGB3/ANXA2",3
"GO:0048534","hematopoietic or lymphoid organ development","3/51","106/18860",0.0283018867924528,10.4661487236404,5.08909860009236,0.00295433727028906,0.00883694412907052,0.0035580099013698,"TGFB1/SHH/SOD1",3
"GO:0006024","glycosaminoglycan biosynthetic process","2/51","30/18860",0.0666666666666667,24.6535947712418,6.7514053685387,0.0029712353427376,0.00884413563969992,0.00356090541204085,"TGFB1/PDGFB",2
"GO:0043032","positive regulation of macrophage activation","2/51","30/18860",0.0666666666666667,24.6535947712418,6.7514053685387,0.0029712353427376,0.00884413563969992,0.00356090541204085,"IL10/WNT5A",2
"GO:0046639","negative regulation of alpha-beta T cell differentiation","2/51","30/18860",0.0666666666666667,24.6535947712418,6.7514053685387,0.0029712353427376,0.00884413563969992,0.00356090541204085,"SHH/ANXA1",2
"GO:0072012","glomerulus vasculature development","2/51","30/18860",0.0666666666666667,24.6535947712418,6.7514053685387,0.0029712353427376,0.00884413563969992,0.00356090541204085,"ITGB3/PDGFB",2
"GO:0090594","inflammatory response to wounding","2/51","30/18860",0.0666666666666667,24.6535947712418,6.7514053685387,0.0029712353427376,0.00884413563969992,0.00356090541204085,"TGFB1/TIMP1",2
"GO:0008585","female gonad development","3/51","107/18860",0.0280373831775701,10.3683342495877,5.06034881808196,0.00303380896146948,0.00901280539575793,0.00362881674579499,"VEGFA/MMP2/SOD1",3
"GO:0072665","protein localization to vacuole","3/51","107/18860",0.0280373831775701,10.3683342495877,5.06034881808196,0.00303380896146948,0.00901280539575793,0.00362881674579499,"CD81/TSG101/HSPA8",3
"GO:0005976","polysaccharide metabolic process","3/51","108/18860",0.0277777777777778,10.2723311546841,5.03197621238064,0.00311458710959445,0.00924377944686057,0.0037218135950202,"TGFB1/IGF1/PDGFB",3
"GO:0002819","regulation of adaptive immune response","4/51","224/18860",0.0178571428571429,6.60364145658263,4.39318571697314,0.00312765886687246,0.00927355413297168,0.0037338017468571,"CD81/TGFB1/IL10/ANXA1",4
"GO:0006887","exocytosis","5/51","370/18860",0.0135135135135135,4.99735029146794,4.043581296771,0.0031698356911982,0.00937376523932173,0.00377414964352963,"TSG101/SDCBP/PDCD6IP/ANXA1/ANXA2",5
"GO:0002507","tolerance induction","2/51","31/18860",0.0645161290322581,23.8583175205566,6.632435655975,0.00317067378793183,0.00937376523932173,0.00377414964352963,"TGFB1/IDO1",2
"GO:0032801","receptor catabolic process","2/51","31/18860",0.0645161290322581,23.8583175205566,6.632435655975,0.00317067378793183,0.00937376523932173,0.00377414964352963,"TGFB1/ANXA2",2
"GO:0048709","oligodendrocyte differentiation","3/51","109/18860",0.0275229357798165,10.1780895844576,5.00397221459174,0.00319667870239721,0.0094414973097908,0.00380142053874514,"CD9/TGFB1/SHH",3
"GO:0050777","negative regulation of immune response","4/51","226/18860",0.0176991150442478,6.54520215165712,4.3669691324676,0.00322885467055062,0.00952730715652798,0.00383597007078547,"TGFB1/IL10/GPX1/ANXA1",4
"GO:0014013","regulation of gliogenesis","3/51","110/18860",0.0272727272727273,10.0855614973262,4.97632852815771,0.00328009064631384,0.00966913677478601,0.00389307478692931,"TGFB1/BMP2/SHH",3
"GO:0006457","protein folding","4/51","228/18860",0.0175438596491228,6.48778809769522,4.34106795412367,0.00333226788704812,0.00981346459786083,0.00395118535275875,"HSPA8/HSP90AA1/HSPA1A/HSPB1",4
"GO:0046545","development of primary female sexual characteristics","3/51","111/18860",0.027027027027027,9.99470058293588,4.94903711734654,0.00336482976693811,0.0098384517887887,0.00396124592023889,"VEGFA/MMP2/SOD1",3
"GO:0001773","myeloid dendritic cell activation","2/51","32/18860",0.0625,23.1127450980392,6.51894203033752,0.00337622386852238,0.0098384517887887,0.00396124592023889,"TGFB1/IL10",2
"GO:0006026","aminoglycan catabolic process","2/51","32/18860",0.0625,23.1127450980392,6.51894203033752,0.00337622386852238,0.0098384517887887,0.00396124592023889,"TGFB1/FGF2",2
"GO:0036258","multivesicular body assembly","2/51","32/18860",0.0625,23.1127450980392,6.51894203033752,0.00337622386852238,0.0098384517887887,0.00396124592023889,"TSG101/PDCD6IP",2
"GO:0050901","leukocyte tethering or rolling","2/51","32/18860",0.0625,23.1127450980392,6.51894203033752,0.00337622386852238,0.0098384517887887,0.00396124592023889,"ITGB1/CXCL12",2
"GO:0061437","renal system vasculature development","2/51","32/18860",0.0625,23.1127450980392,6.51894203033752,0.00337622386852238,0.0098384517887887,0.00396124592023889,"ITGB3/PDGFB",2
"GO:0061440","kidney vasculature development","2/51","32/18860",0.0625,23.1127450980392,6.51894203033752,0.00337622386852238,0.0098384517887887,0.00396124592023889,"ITGB3/PDGFB",2
"GO:0090322","regulation of superoxide metabolic process","2/51","32/18860",0.0625,23.1127450980392,6.51894203033752,0.00337622386852238,0.0098384517887887,0.00396124592023889,"TGFB1/SOD1",2
"GO:0099170","postsynaptic modulation of chemical synaptic transmission","2/51","32/18860",0.0625,23.1127450980392,6.51894203033752,0.00337622386852238,0.0098384517887887,0.00396124592023889,"IGF1/WNT5A",2
"GO:1902042","negative regulation of extrinsic apoptotic signaling pathway via death domain receptors","2/51","32/18860",0.0625,23.1127450980392,6.51894203033752,0.00337622386852238,0.0098384517887887,0.00396124592023889,"HGF/GPX1",2
"GO:1905606","regulation of presynapse assembly","2/51","32/18860",0.0625,23.1127450980392,6.51894203033752,0.00337622386852238,0.0098384517887887,0.00396124592023889,"WNT3A/DKK1",2
"GO:0043010","camera-type eye development","5/51","379/18860",0.0131926121372032,4.8786797040716,3.9719370255059,0.00351242874880788,0.0102255917105084,0.00411711967643511,"TGFB1/FGF2/VEGFA/WNT5A/SHH",5
"GO:0002065","columnar/cuboidal epithelial cell differentiation","3/51","113/18860",0.0265486725663717,9.81780322748569,4.89548022146778,0.00353831643918937,0.0102813366247303,0.00413956419502155,"TGFB1/FGF2/BMP2",3
"GO:0032760","positive regulation of tumor necrosis factor production","3/51","113/18860",0.0265486725663717,9.81780322748569,4.89548022146778,0.00353831643918937,0.0102813366247303,0.00413956419502155,"TGFB1/WNT5A/HSPB1",3
"GO:0048705","skeletal system morphogenesis","4/51","232/18860",0.0172413793103448,6.37592968221771,4.29018502231922,0.00354584081797315,0.010293397084335,0.00414442008570752,"TGFB1/VEGFA/MMP2/COL1A1",4
"GO:0001945","lymph vessel development","2/51","33/18860",0.0606060606060606,22.4123588829471,6.41050860524596,0.00358785239506334,0.0103366738973921,0.00416184458529787,"FGF2/VEGFA",2
"GO:0030517","negative regulation of axon extension","2/51","33/18860",0.0606060606060606,22.4123588829471,6.41050860524596,0.00358785239506334,0.0103366738973921,0.00416184458529787,"WNT3A/WNT5A",2
"GO:0036257","multivesicular body organization","2/51","33/18860",0.0606060606060606,22.4123588829471,6.41050860524596,0.00358785239506334,0.0103366738973921,0.00416184458529787,"TSG101/PDCD6IP",2
"GO:0048710","regulation of astrocyte differentiation","2/51","33/18860",0.0606060606060606,22.4123588829471,6.41050860524596,0.00358785239506334,0.0103366738973921,0.00416184458529787,"BMP2/SHH",2
"GO:0048799","animal organ maturation","2/51","33/18860",0.0606060606060606,22.4123588829471,6.41050860524596,0.00358785239506334,0.0103366738973921,0.00416184458529787,"IGF1/BMP2",2
"GO:0061036","positive regulation of cartilage development","2/51","33/18860",0.0606060606060606,22.4123588829471,6.41050860524596,0.00358785239506334,0.0103366738973921,0.00416184458529787,"BMP2/WNT5A",2
"GO:0070841","inclusion body assembly","2/51","33/18860",0.0606060606060606,22.4123588829471,6.41050860524596,0.00358785239506334,0.0103366738973921,0.00416184458529787,"HSP90AA1/HSPA1A",2
"GO:0099174","regulation of presynapse organization","2/51","33/18860",0.0606060606060606,22.4123588829471,6.41050860524596,0.00358785239506334,0.0103366738973921,0.00416184458529787,"WNT3A/DKK1",2
"GO:0042472","inner ear morphogenesis","3/51","114/18860",0.0263157894736842,9.73168214654283,4.86919987733222,0.00362707724185965,0.0104398232687866,0.00420337551266158,"WNT3A/WNT5A/SOD1",3
"GO:0002285","lymphocyte activation involved in immune response","4/51","235/18860",0.0170212765957447,6.29453483521068,4.25280202037874,0.00371201586186961,0.0106742322286185,0.00429775535572384,"CD81/TGFB1/IL10/ANXA1",4
"GO:0002862","negative regulation of inflammatory response to antigenic stimulus","2/51","34/18860",0.0588235294117647,21.7531718569781,6.30676253285188,0.00380552630679209,0.0108600382479107,0.00437256624585962,"IL10/GPX1",2
"GO:0021532","neural tube patterning","2/51","34/18860",0.0588235294117647,21.7531718569781,6.30676253285188,0.00380552630679209,0.0108600382479107,0.00437256624585962,"WNT3A/SHH",2
"GO:0034505","tooth mineralization","2/51","34/18860",0.0588235294117647,21.7531718569781,6.30676253285188,0.00380552630679209,0.0108600382479107,0.00437256624585962,"TGFB1/COL1A1",2
"GO:0043406","positive regulation of MAP kinase activity","2/51","34/18860",0.0588235294117647,21.7531718569781,6.30676253285188,0.00380552630679209,0.0108600382479107,0.00437256624585962,"FGF2/PDGFB",2
"GO:0048261","negative regulation of receptor-mediated endocytosis","2/51","34/18860",0.0588235294117647,21.7531718569781,6.30676253285188,0.00380552630679209,0.0108600382479107,0.00437256624585962,"SDCBP/ANXA2",2
"GO:0060603","mammary gland duct morphogenesis","2/51","34/18860",0.0588235294117647,21.7531718569781,6.30676253285188,0.00380552630679209,0.0108600382479107,0.00437256624585962,"TGFB1/WNT5A",2
"GO:0060795","cell fate commitment involved in formation of primary germ layer","2/51","34/18860",0.0588235294117647,21.7531718569781,6.30676253285188,0.00380552630679209,0.0108600382479107,0.00437256624585962,"WNT3A/DKK1",2
"GO:0032611","interleukin-1 beta production","3/51","116/18860",0.0258620689655172,9.56389452332657,4.81759992707384,0.00380866631440986,0.0108600382479107,0.00437256624585962,"IGF1/WNT5A/HSPB1",3
"GO:0032651","regulation of interleukin-1 beta production","3/51","116/18860",0.0258620689655172,9.56389452332657,4.81759992707384,0.00380866631440986,0.0108600382479107,0.00437256624585962,"IGF1/WNT5A/HSPB1",3
"GO:1903557","positive regulation of tumor necrosis factor superfamily cytokine production","3/51","117/18860",0.0256410256410256,9.48215183509301,4.7922667681993,0.00390150736241262,0.0111143781164528,0.00447497085059269,"TGFB1/WNT5A/HSPB1",3
"GO:0010464","regulation of mesenchymal cell proliferation","2/51","35/18860",0.0571428571428571,21.1316526610644,6.20736843642511,0.00402921267119793,0.0114354677765813,0.00460425085658554,"WNT5A/SHH",2
"GO:0010743","regulation of macrophage derived foam cell differentiation","2/51","35/18860",0.0571428571428571,21.1316526610644,6.20736843642511,0.00402921267119793,0.0114354677765813,0.00460425085658554,"ITGAV/ITGB3",2
"GO:0050931","pigment cell differentiation","2/51","35/18860",0.0571428571428571,21.1316526610644,6.20736843642511,0.00402921267119793,0.0114354677765813,0.00460425085658554,"CD63/SOD2",2
"GO:0098810","neurotransmitter reuptake","2/51","35/18860",0.0571428571428571,21.1316526610644,6.20736843642511,0.00402921267119793,0.0114354677765813,0.00460425085658554,"ITGB1/ITGB3",2
"GO:0007265","Ras protein signal transduction","3/51","119/18860",0.0252100840336134,9.32278793870489,4.74250169269762,0.00409131384367545,0.0116009280084143,0.00467086994283824,"SDCBP/FGF2/IGF1",3
"GO:0008406","gonad development","4/51","243/18860",0.0164609053497942,6.08730735092391,4.15621331110077,0.00418090927227044,0.0118439686069611,0.00476872513389005,"VEGFA/MMP2/WNT5A/SOD1",4
"GO:1902903","regulation of supramolecular fiber organization","5/51","395/18860",0.0126582278481013,4.68106229833706,3.84998133848344,0.0041862892611808,0.0118482082892974,0.00477043215291279,"TGFB3/CXCL12/GPX1/HSPA8/HSPA1A",5
"GO:0034612","response to tumor necrosis factor","4/51","244/18860",0.0163934426229508,6.0623593699775,4.14444389697113,0.00424220701280931,0.0119648608320808,0.00481739984855294,"CCL2/COL1A1/HSPA1A/TUBA1A",4
"GO:0002067","glandular epithelial cell differentiation","2/51","36/18860",0.0555555555555556,20.5446623093682,6.11202369897095,0.00425887868359218,0.0119648608320808,0.00481739984855294,"FGF2/BMP2",2
"GO:0019068","virion assembly","2/51","36/18860",0.0555555555555556,20.5446623093682,6.11202369897095,0.00425887868359218,0.0119648608320808,0.00481739984855294,"TSG101/PDCD6IP",2
"GO:0031338","regulation of vesicle fusion","2/51","36/18860",0.0555555555555556,20.5446623093682,6.11202369897095,0.00425887868359218,0.0119648608320808,0.00481739984855294,"ANXA1/ANXA2",2
"GO:0032570","response to progesterone","2/51","36/18860",0.0555555555555556,20.5446623093682,6.11202369897095,0.00425887868359218,0.0119648608320808,0.00481739984855294,"TGFB1/TGFB3",2
"GO:0043276","anoikis","2/51","36/18860",0.0555555555555556,20.5446623093682,6.11202369897095,0.00425887868359218,0.0119648608320808,0.00481739984855294,"ITGA5/ITGB1",2
"GO:0071392","cellular response to estradiol stimulus","2/51","36/18860",0.0555555555555556,20.5446623093682,6.11202369897095,0.00425887868359218,0.0119648608320808,0.00481739984855294,"IL10/MMP2",2
"GO:0140058","neuron projection arborization","2/51","36/18860",0.0555555555555556,20.5446623093682,6.11202369897095,0.00425887868359218,0.0119648608320808,0.00481739984855294,"WNT5A/TUBA1A",2
"GO:0046822","regulation of nucleocytoplasmic transport","3/51","121/18860",0.0247933884297521,9.16869227029655,4.69389726866093,0.0042866604215401,0.0120207729284181,0.0048399116795059,"TGFB1/SHH/HSP90AA1",3
"GO:0071621","granulocyte chemotaxis","3/51","121/18860",0.0247933884297521,9.16869227029655,4.69389726866093,0.0042866604215401,0.0120207729284181,0.0048399116795059,"VEGFA/CCL2/ANXA1",3
"GO:0099173","postsynapse organization","4/51","245/18860",0.0163265306122449,6.03761504601841,4.13273981642979,0.00430411111028675,0.0120586253420431,0.00485515215862418,"ITGB3/WNT5A/ACTB/EZR",4
"GO:0000082","G1/S transition of mitotic cell cycle","4/51","246/18860",0.016260162601626,6.01307189542484,4.12110041760751,0.00436662437806389,0.0122225421811678,0.00492114983022748,"ITGB1/CCL2/ACTB/ANXA1",4
"GO:0018108","peptidyl-tyrosine phosphorylation","3/51","122/18860",0.0245901639344262,9.09353905496625,4.67001558412655,0.00438642630379531,0.0122667155388446,0.00493893530467377,"TSG101/VEGFA/PDGFB",3
"GO:0016050","vesicle organization","5/51","401/18860",0.0124688279301746,4.61102146594299,3.80592071321962,0.00446138450310915,0.0124649121968737,0.00501873502518641,"TSG101/SDCBP/PDCD6IP/ANXA1/ANXA2",5
"GO:0018212","peptidyl-tyrosine modification","3/51","123/18860",0.024390243902439,9.01960784313725,4.64640673626308,0.00448759512713145,0.0124774286397081,0.00502377450794024,"TSG101/VEGFA/PDGFB",3
"GO:0070555","response to interleukin-1","3/51","123/18860",0.024390243902439,9.01960784313725,4.64640673626308,0.00448759512713145,0.0124774286397081,0.00502377450794024,"IL1RN/CCL2/MMP2",3
"GO:0045137","development of primary sexual characteristics","4/51","248/18860",0.0161290322580645,5.96457938013915,4.09801310330955,0.00449348963564235,0.0124774286397081,0.00502377450794024,"VEGFA/MMP2/WNT5A/SOD1",4
"GO:0003230","cardiac atrium development","2/51","37/18860",0.0540540540540541,19.9894011658718,6.02045445651768,0.00449449166667953,0.0124774286397081,0.00502377450794024,"BMP2/WNT5A",2
"GO:0030947","regulation of vascular endothelial growth factor receptor signaling pathway","2/51","37/18860",0.0540540540540541,19.9894011658718,6.02045445651768,0.00449449166667953,0.0124774286397081,0.00502377450794024,"ITGA5/ITGB3",2
"GO:0032717","negative regulation of interleukin-8 production","2/51","37/18860",0.0540540540540541,19.9894011658718,6.02045445651768,0.00449449166667953,0.0124774286397081,0.00502377450794024,"IL10/ANXA1",2
"GO:0090183","regulation of kidney development","2/51","37/18860",0.0540540540540541,19.9894011658718,6.02045445651768,0.00449449166667953,0.0124774286397081,0.00502377450794024,"TGFB1/VEGFA",2
"GO:0046634","regulation of alpha-beta T cell activation","3/51","124/18860",0.0241935483870968,8.94686907020873,4.62306528697409,0.00459017270671058,0.0127314699347036,0.00512605889830741,"CD81/SHH/ANXA1",3
"GO:0050821","protein stabilization","4/51","250/18860",0.016,5.91686274509804,4.07517691949492,0.0046228251221962,0.0128103900525164,0.0051578344257402,"IGF1/HSP90AA1/HSPA1A/GAPDH",4
"GO:1902414","protein localization to cell junction","3/51","125/18860",0.024,8.87529411764706,4.59998594983693,0.00469416478301922,0.0129962765453645,0.00523267771686257,"WNT5A/HSPB1/ACTB",3
"GO:0006023","aminoglycan biosynthetic process","2/51","38/18860",0.0526315789473684,19.4633642930857,5.93241217478132,0.00473601907013073,0.013029390606825,0.00524601039802816,"TGFB1/PDGFB",2
"GO:0010469","regulation of signaling receptor activity","2/51","38/18860",0.0526315789473684,19.4633642930857,5.93241217478132,0.00473601907013073,0.013029390606825,0.00524601039802816,"TSG101/IL10",2
"GO:0045191","regulation of isotype switching","2/51","38/18860",0.0526315789473684,19.4633642930857,5.93241217478132,0.00473601907013073,0.013029390606825,0.00524601039802816,"TGFB1/IL10",2
"GO:0048854","brain morphogenesis","2/51","38/18860",0.0526315789473684,19.4633642930857,5.93241217478132,0.00473601907013073,0.013029390606825,0.00524601039802816,"WNT5A/TUBA1A",2
"GO:0051602","response to electrical stimulus","2/51","38/18860",0.0526315789473684,19.4633642930857,5.93241217478132,0.00473601907013073,0.013029390606825,0.00524601039802816,"MMP2/SOD2",2
"GO:0055023","positive regulation of cardiac muscle tissue growth","2/51","38/18860",0.0526315789473684,19.4633642930857,5.93241217478132,0.00473601907013073,0.013029390606825,0.00524601039802816,"FGF2/IGF1",2
"GO:1901889","negative regulation of cell junction assembly","2/51","38/18860",0.0526315789473684,19.4633642930857,5.93241217478132,0.00473601907013073,0.013029390606825,0.00524601039802816,"WNT5A/DKK1",2
"GO:0042303","molting cycle","3/51","127/18860",0.0236220472440945,8.73552570634553,4.55459319247165,0.00490641501694924,0.0134738723822792,0.00542497164695605,"WNT5A/SHH/DKK1",3
"GO:0042633","hair cycle","3/51","127/18860",0.0236220472440945,8.73552570634553,4.55459319247165,0.00490641501694924,0.0134738723822792,0.00542497164695605,"WNT5A/SHH/DKK1",3
"GO:0030866","cortical actin cytoskeleton organization","2/51","39/18860",0.0512820512820513,18.964303670186,5.84767071138682,0.00498342847015659,0.0136240504143797,0.00548543767654475,"PDCD6IP/EZR",2
"GO:0034391","regulation of smooth muscle cell apoptotic process","2/51","39/18860",0.0512820512820513,18.964303670186,5.84767071138682,0.00498342847015659,0.0136240504143797,0.00548543767654475,"IGF1/SOD2",2
"GO:0051954","positive regulation of amine transport","2/51","39/18860",0.0512820512820513,18.964303670186,5.84767071138682,0.00498342847015659,0.0136240504143797,0.00548543767654475,"ITGB1/CXCL12",2
"GO:0071604","transforming growth factor beta production","2/51","39/18860",0.0512820512820513,18.964303670186,5.84767071138682,0.00498342847015659,0.0136240504143797,0.00548543767654475,"ITGAV/FN1",2
"GO:1903580","positive regulation of ATP metabolic process","2/51","39/18860",0.0512820512820513,18.964303670186,5.84767071138682,0.00498342847015659,0.0136240504143797,0.00548543767654475,"IGF1/ENO1",2
"GO:0030326","embryonic limb morphogenesis","3/51","129/18860",0.0232558139534884,8.60009119927041,4.51018900644952,0.00512439027545586,0.013959388152157,0.0056204543716701,"WNT5A/SHH/DKK1",3
"GO:0034341","response to type II interferon","3/51","129/18860",0.0232558139534884,8.60009119927041,4.51018900644952,0.00512439027545586,0.013959388152157,0.0056204543716701,"CCL2/WNT5A/GAPDH",3
"GO:0035113","embryonic appendage morphogenesis","3/51","129/18860",0.0232558139534884,8.60009119927041,4.51018900644952,0.00512439027545586,0.013959388152157,0.0056204543716701,"WNT5A/SHH/DKK1",3
"GO:0046683","response to organophosphorus","3/51","129/18860",0.0232558139534884,8.60009119927041,4.51018900644952,0.00512439027545586,0.013959388152157,0.0056204543716701,"COL1A1/SOD1/EZR",3
"GO:0043200","response to amino acid","3/51","130/18860",0.0230769230769231,8.53393665158371,4.4883458764158,0.00523553835880309,0.0142398696731487,0.00573338436356142,"MMP2/COL1A1/TUBA1A",3
"GO:0034390","smooth muscle cell apoptotic process","2/51","40/18860",0.05,18.4901960784314,5.76602378427838,0.00523668756908322,0.0142398696731487,0.00573338436356142,"IGF1/SOD2",2
"GO:0007005","mitochondrion organization","5/51","417/18860",0.0119904076738609,4.43409977900033,3.69255284253992,0.00525798989559959,0.0142850642666735,0.0057515810171671,"HGF/IGF1/SOD2/GPX1/HSPA1A",5
"GO:0010977","negative regulation of neuron projection development","3/51","132/18860",0.0227272727272727,8.40463458110517,4.44535512718346,0.00546218194070579,0.0148266166379834,0.00596962570219485,"WNT3A/WNT5A/DKK1",3
"GO:0070306","lens fiber cell differentiation","2/51","41/18860",0.0487804878048781,18.0392156862745,5.68728278155544,0.00549576419492871,0.0149045124966466,0.00600098883319934,"TGFB1/FGF2",2
"GO:0007041","lysosomal transport","3/51","133/18860",0.0225563909774436,8.34144183989385,4.42419889460063,0.00557768782712662,0.0150998452178911,0.00607963544973312,"TSG101/HSPA8/HSPA1A",3
"GO:0051209","release of sequestered calcium ion into cytosol","3/51","133/18860",0.0225563909774436,8.34144183989385,4.42419889460063,0.00557768782712662,0.0150998452178911,0.00607963544973312,"ITGB3/TGFB1/FGF2",3
"GO:0048863","stem cell differentiation","4/51","265/18860",0.0150943396226415,5.58194598594155,3.91143732693064,0.00567379702288285,0.0153464137560422,0.00617891109154936,"ITGB1/FGF2/FN1/SHH",4
"GO:0051283","negative regulation of sequestering of calcium ion","3/51","134/18860",0.0223880597014925,8.27919227392449,4.40326320117355,0.00569465658398803,0.0153891915303344,0.00619613466366513,"ITGB3/TGFB1/FGF2",3
"GO:0090257","regulation of muscle system process","4/51","266/18860",0.0150375939849624,5.5609612265959,3.90096766380713,0.00574907100539029,0.0154851725500378,0.0062347794048178,"IGF1/SOD1/HSP90AA1/ENO1",4
"GO:0045022","early endosome to late endosome transport","2/51","42/18860",0.0476190476190476,17.609710550887,5.61127485960281,0.00576062630098097,0.0154851725500378,0.0062347794048178,"MSN/EZR",2
"GO:0045429","positive regulation of nitric oxide biosynthetic process","2/51","42/18860",0.0476190476190476,17.609710550887,5.61127485960281,0.00576062630098097,0.0154851725500378,0.0062347794048178,"SOD2/HSP90AA1",2
"GO:0045981","positive regulation of nucleotide metabolic process","2/51","42/18860",0.0476190476190476,17.609710550887,5.61127485960281,0.00576062630098097,0.0154851725500378,0.0062347794048178,"IGF1/ENO1",2
"GO:0060421","positive regulation of heart growth","2/51","42/18860",0.0476190476190476,17.609710550887,5.61127485960281,0.00576062630098097,0.0154851725500378,0.0062347794048178,"FGF2/IGF1",2
"GO:1900544","positive regulation of purine nucleotide metabolic process","2/51","42/18860",0.0476190476190476,17.609710550887,5.61127485960281,0.00576062630098097,0.0154851725500378,0.0062347794048178,"IGF1/ENO1",2
"GO:0061844","antimicrobial humoral immune response mediated by antimicrobial peptide","3/51","135/18860",0.0222222222222222,8.21786492374728,4.3825440147008,0.00581309322816455,0.0156124537316286,0.00628602649858046,"CCL2/CXCL12/GAPDH",3
"GO:0002244","hematopoietic progenitor cell differentiation","3/51","136/18860",0.0220588235294118,8.15743944636678,4.36203740627584,0.00593300270644375,0.0158507804355165,0.00638198373898041,"TGFB1/VEGFA/SHH",3
"GO:0032479","regulation of type I interferon production","3/51","136/18860",0.0220588235294118,8.15743944636678,4.36203740627584,0.00593300270644375,0.0158507804355165,0.00638198373898041,"IL10/HSP90AA1/GAPDH",3
"GO:0032606","type I interferon production","3/51","136/18860",0.0220588235294118,8.15743944636678,4.36203740627584,0.00593300270644375,0.0158507804355165,0.00638198373898041,"IL10/HSP90AA1/GAPDH",3
"GO:0042471","ear morphogenesis","3/51","136/18860",0.0220588235294118,8.15743944636678,4.36203740627584,0.00593300270644375,0.0158507804355165,0.00638198373898041,"WNT3A/WNT5A/SOD1",3
"GO:0048706","embryonic skeletal system development","3/51","136/18860",0.0220588235294118,8.15743944636678,4.36203740627584,0.00593300270644375,0.0158507804355165,0.00638198373898041,"COL1A1/WNT5A/SHH",3
"GO:0051282","regulation of sequestering of calcium ion","3/51","136/18860",0.0220588235294118,8.15743944636678,4.36203740627584,0.00593300270644375,0.0158507804355165,0.00638198373898041,"ITGB3/TGFB1/FGF2",3
"GO:0032965","regulation of collagen biosynthetic process","2/51","43/18860",0.0465116279069767,17.2001823985408,5.5378412857018,0.00603124196537701,0.0160569975884514,0.00646501274326717,"TGFB1/TGFB3",2
"GO:0048873","homeostasis of number of cells within a tissue","2/51","43/18860",0.0465116279069767,17.2001823985408,5.5378412857018,0.00603124196537701,0.0160569975884514,0.00646501274326717,"VEGFA/TUBA1A",2
"GO:0051154","negative regulation of striated muscle cell differentiation","2/51","43/18860",0.0465116279069767,17.2001823985408,5.5378412857018,0.00603124196537701,0.0160569975884514,0.00646501274326717,"BMP2/DKK1",2
"GO:0070232","regulation of T cell apoptotic process","2/51","43/18860",0.0465116279069767,17.2001823985408,5.5378412857018,0.00603124196537701,0.0160569975884514,0.00646501274326717,"WNT5A/IDO1",2
"GO:0098773","skin epidermis development","3/51","137/18860",0.0218978102189781,8.09789609274367,4.34173954690001,0.00605438989593258,0.0160970945965413,0.00648115696119088,"WNT5A/SHH/DKK1",3
"GO:0009636","response to toxic substance","4/51","270/18860",0.0148148148148148,5.47857661583152,3.85961299924397,0.006056854997322,0.0160970945965413,0.00648115696119088,"SOD1/SOD2/CAT/GPX1",4
"GO:0001654","eye development","5/51","432/18860",0.0115740740740741,4.28013798111837,3.59133939627136,0.00609225348724631,0.0161770804086932,0.00651336156806051,"TGFB1/FGF2/VEGFA/WNT5A/SHH",5
"GO:0007368","determination of left/right symmetry","3/51","138/18860",0.0217391304347826,8.03921568627451,4.32164670423059,0.00617725960446199,0.0163885383071422,0.00659850064842759,"WNT3A/WNT5A/SHH",3
"GO:0014904","myotube cell development","2/51","44/18860",0.0454545454545455,16.8092691622103,5.46683598881807,0.00630757939068336,0.0167052297925129,0.00672600982175391,"IGF1/GPX1",2
"GO:0048246","macrophage chemotaxis","2/51","44/18860",0.0454545454545455,16.8092691622103,5.46683598881807,0.00630757939068336,0.0167052297925129,0.00672600982175391,"CCL2/MMP2",2
"GO:0150063","visual system development","5/51","436/18860",0.0114678899082569,4.24087066019068,3.56512323286773,0.00632965929459645,0.0167491678298472,0.006743700549408,"TGFB1/FGF2/VEGFA/WNT5A/SHH",5
"GO:0051208","sequestering of calcium ion","3/51","140/18860",0.0214285714285714,7.92436974789916,4.2820616043022,0.0064274654660006,0.0169932384200761,0.0068419704449719,"ITGB3/TGFB1/FGF2",3
"GO:0044843","cell cycle G1/S phase transition","4/51","275/18860",0.0145454545454545,5.37896613190731,3.80906352450399,0.00645682723122856,0.0170560864783362,0.00686727489527795,"ITGB1/CCL2/ACTB/ANXA1",4
"GO:0048565","digestive tract development","3/51","141/18860",0.0212765957446809,7.86816854401335,4.26256233813458,0.00655481089190736,0.0172999377432607,0.00696545648411573,"TGFB1/WNT5A/SHH",3
"GO:0003176","aortic valve development","2/51","45/18860",0.0444444444444444,16.4357298474946,5.39812428834448,0.00658960690347783,0.017331802295268,0.00697828607655048,"TGFB1/BMP2",2
"GO:0030574","collagen catabolic process","2/51","45/18860",0.0444444444444444,16.4357298474946,5.39812428834448,0.00658960690347783,0.017331802295268,0.00697828607655048,"ITGB1/MMP2",2
"GO:0034405","response to fluid shear stress","2/51","45/18860",0.0444444444444444,16.4357298474946,5.39812428834448,0.00658960690347783,0.017331802295268,0.00697828607655048,"TGFB1/MMP2",2
"GO:1904407","positive regulation of nitric oxide metabolic process","2/51","45/18860",0.0444444444444444,16.4357298474946,5.39812428834448,0.00658960690347783,0.017331802295268,0.00697828607655048,"SOD2/HSP90AA1",2
"GO:0048880","sensory system development","5/51","443/18860",0.0112866817155756,4.17385915991679,3.51999166539017,0.00676073029758787,0.017766570316917,0.00715333628658149,"TGFB1/FGF2/VEGFA/WNT5A/SHH",5
"GO:0030279","negative regulation of ossification","2/51","46/18860",0.0434782608695652,16.078431372549,5.33158177553009,0.00687729295393267,0.0180573328764618,0.00727040572265552,"TGFB1/DKK1",2
"GO:0009615","response to virus","5/51","445/18860",0.0112359550561798,4.15510024234413,3.50726733929755,0.00688759821362824,0.0180688410574203,0.00727503924994719,"TGFB1/CXCL12/HSP90AA1/HSPB1/ENO1",5
"GO:0050768","negative regulation of neurogenesis","3/51","144/18860",0.0208333333333333,7.70424836601307,4.20519740450179,0.00694587136636336,0.0181904322221241,0.00732399537794989,"TGFB1/WNT3A/WNT5A",3
"GO:0090288","negative regulation of cellular response to growth factor stimulus","3/51","144/18860",0.0208333333333333,7.70424836601307,4.20519740450179,0.00694587136636336,0.0181904322221241,0.00732399537794989,"FGF2/WNT5A/DKK1",3
"GO:0042593","glucose homeostasis","4/51","281/18860",0.0142348754448399,5.26411276254274,3.75000838286257,0.00695956962283533,0.0181950701964615,0.00732586276087929,"TGFB1/IGF1/COL1A1/GPX1",4
"GO:0140014","mitotic nuclear division","4/51","281/18860",0.0142348754448399,5.26411276254274,3.75000838286257,0.00695956962283533,0.0181950701964615,0.00732586276087929,"TGFB1/IGF1/PDGFB/HSPA1A",4
"GO:0033500","carbohydrate homeostasis","4/51","282/18860",0.0141843971631206,5.2454456960089,3.74033008181096,0.00704581072892822,0.0184047675804452,0.00741029300708294,"TGFB1/IGF1/COL1A1/GPX1",4
"GO:0000018","regulation of DNA recombination","3/51","145/18860",0.0206896551724138,7.65111561866126,4.1864426661226,0.00707924759238961,0.0184447347603593,0.00742638495241914,"TGFB1/IL10/ACTB",3
"GO:0010212","response to ionizing radiation","3/51","145/18860",0.0206896551724138,7.65111561866126,4.1864426661226,0.00707924759238961,0.0184447347603593,0.00742638495241914,"TGFB1/SOD2/GPX1",3
"GO:0060972","left/right pattern formation","3/51","145/18860",0.0206896551724138,7.65111561866126,4.1864426661226,0.00707924759238961,0.0184447347603593,0.00742638495241914,"WNT3A/WNT5A/SHH",3
"GO:0001504","neurotransmitter uptake","2/51","47/18860",0.0425531914893617,15.7363370880267,5.2670933263785,0.00717060611539887,0.0185717480968438,0.00747752420397684,"ITGB1/ITGB3",2
"GO:0006953","acute-phase response","2/51","47/18860",0.0425531914893617,15.7363370880267,5.2670933263785,0.00717060611539887,0.0185717480968438,0.00747752420397684,"IL1RN/FN1",2
"GO:0008089","anterograde axonal transport","2/51","47/18860",0.0425531914893617,15.7363370880267,5.2670933263785,0.00717060611539887,0.0185717480968438,0.00747752420397684,"SOD1/HSPB1",2
"GO:0030890","positive regulation of B cell proliferation","2/51","47/18860",0.0425531914893617,15.7363370880267,5.2670933263785,0.00717060611539887,0.0185717480968438,0.00747752420397684,"CD81/WNT3A",2
"GO:0045840","positive regulation of mitotic nuclear division","2/51","47/18860",0.0425531914893617,15.7363370880267,5.2670933263785,0.00717060611539887,0.0185717480968438,0.00747752420397684,"IGF1/PDGFB",2
"GO:0048806","genitalia development","2/51","47/18860",0.0425531914893617,15.7363370880267,5.2670933263785,0.00717060611539887,0.0185717480968438,0.00747752420397684,"WNT5A/SHH",2
"GO:0060071","Wnt signaling pathway, planar cell polarity pathway","2/51","47/18860",0.0425531914893617,15.7363370880267,5.2670933263785,0.00717060611539887,0.0185717480968438,0.00747752420397684,"WNT5A/DKK1",2
"GO:0034762","regulation of transmembrane transport","5/51","450/18860",0.0111111111111111,4.10893246187364,3.47577948282802,0.00721208720735934,0.018663340177823,0.00751440183115785,"CD63/ITGB1/ITGB3/TGFB1/IGF1",5
"GO:0007611","learning or memory","4/51","284/18860",0.0140845070422535,5.2085059375863,3.72111059740817,0.00722041578694664,0.0186690581067578,0.00751670403511751,"ITGA5/ITGB1/DKK1/TUBA1A",4
"GO:1901888","regulation of cell junction assembly","4/51","285/18860",0.0140350877192982,5.19023047815617,3.71156862883008,0.00730878462854444,0.0188815426771288,0.007602256483365,"VEGFA/WNT3A/WNT5A/DKK1",4
"GO:0051783","regulation of nuclear division","3/51","147/18860",0.0204081632653061,7.54701880752301,4.14946506146156,0.00735055985383893,0.0189733994196807,0.00763924067096805,"IGF1/PDGFB/WNT5A",3
"GO:0000280","nuclear division","5/51","453/18860",0.011037527593819,4.0817209886162,3.45710425100964,0.00741185570271054,0.0191154452654014,0.0076964324465571,"TGFB1/IGF1/PDGFB/WNT5A/HSPA1A",5
"GO:0048066","developmental pigmentation","2/51","48/18860",0.0416666666666667,15.4084967320261,5.20455222813044,0.00746951508399173,0.0192154220246701,0.00773668598830066,"CD63/SOD2",2
"GO:0060428","lung epithelium development","2/51","48/18860",0.0416666666666667,15.4084967320261,5.20455222813044,0.00746951508399173,0.0192154220246701,0.00773668598830066,"IGF1/SHH",2
"GO:0098927","vesicle-mediated transport between endosomal compartments","2/51","48/18860",0.0416666666666667,15.4084967320261,5.20455222813044,0.00746951508399173,0.0192154220246701,0.00773668598830066,"MSN/EZR",2
"GO:0009799","specification of symmetry","3/51","148/18860",0.0202702702702703,7.49602543720191,4.13123628671954,0.00748850422845563,0.019215665602202,0.00773678405967661,"WNT3A/WNT5A/SHH",3
"GO:0009855","determination of bilateral symmetry","3/51","148/18860",0.0202702702702703,7.49602543720191,4.13123628671954,0.00748850422845563,0.019215665602202,0.00773678405967661,"WNT3A/WNT5A/SHH",3
"GO:0097530","granulocyte migration","3/51","148/18860",0.0202702702702703,7.49602543720191,4.13123628671954,0.00748850422845563,0.019215665602202,0.00773678405967661,"VEGFA/CCL2/ANXA1",3
"GO:0014074","response to purine-containing compound","3/51","149/18860",0.0201342281879195,7.44571654165022,4.1131770398121,0.00762797954996977,0.0195571139554267,0.00787426106573615,"COL1A1/SOD1/EZR",3
"GO:0046328","regulation of JNK cascade","3/51","150/18860",0.02,7.39607843137255,4.09528453603178,0.0077689898258151,0.0197818510901756,0.00796474675162069,"SDCBP/WNT5A/DKK1",3
"GO:0010883","regulation of lipid storage","2/51","49/18860",0.0408163265306122,15.094037615046,5.14385940419546,0.00777398867817784,0.0197818510901756,0.00796474675162069,"ITGAV/ITGB3",2
"GO:0035094","response to nicotine","2/51","49/18860",0.0408163265306122,15.094037615046,5.14385940419546,0.00777398867817784,0.0197818510901756,0.00796474675162069,"MMP2/GPX1",2
"GO:0060443","mammary gland morphogenesis","2/51","49/18860",0.0408163265306122,15.094037615046,5.14385940419546,0.00777398867817784,0.0197818510901756,0.00796474675162069,"TGFB1/WNT5A",2
"GO:0060976","coronary vasculature development","2/51","49/18860",0.0408163265306122,15.094037615046,5.14385940419546,0.00777398867817784,0.0197818510901756,0.00796474675162069,"FGF2/VEGFA",2
"GO:1902041","regulation of extrinsic apoptotic signaling pathway via death domain receptors","2/51","49/18860",0.0408163265306122,15.094037615046,5.14385940419546,0.00777398867817784,0.0197818510901756,0.00796474675162069,"HGF/GPX1",2
"GO:1903587","regulation of blood vessel endothelial cell proliferation involved in sprouting angiogenesis","2/51","49/18860",0.0408163265306122,15.094037615046,5.14385940419546,0.00777398867817784,0.0197818510901756,0.00796474675162069,"FGF2/VEGFA",2
"GO:1905314","semi-lunar valve development","2/51","49/18860",0.0408163265306122,15.094037615046,5.14385940419546,0.00777398867817784,0.0197818510901756,0.00796474675162069,"TGFB1/BMP2",2
"GO:2000516","positive regulation of CD4-positive, alpha-beta T cell activation","2/51","49/18860",0.0408163265306122,15.094037615046,5.14385940419546,0.00777398867817784,0.0197818510901756,0.00796474675162069,"CD81/ANXA1",2
"GO:0006869","lipid transport","5/51","461/18860",0.0108459869848156,4.01088852026711,3.40807853426255,0.00796350791999683,0.0202303602530477,0.00814532954348245,"ITGAV/ITGB3/SHH/ANXA1/ANXA2",5
"GO:0044772","mitotic cell cycle phase transition","5/51","461/18860",0.0108459869848156,4.01088852026711,3.40807853426255,0.00796350791999683,0.0202303602530477,0.00814532954348245,"ITGB1/TGFB1/CCL2/ACTB/ANXA1",5
"GO:0022602","ovulation cycle process","2/51","50/18860",0.04,14.7921568627451,5.08492272467871,0.00808399583836324,0.0204682749401214,0.00824112089396803,"TGFB3/MMP2",2
"GO:0045933","positive regulation of muscle contraction","2/51","50/18860",0.04,14.7921568627451,5.08492272467871,0.00808399583836324,0.0204682749401214,0.00824112089396803,"HSP90AA1/ENO1",2
"GO:0046636","negative regulation of alpha-beta T cell activation","2/51","50/18860",0.04,14.7921568627451,5.08492272467871,0.00808399583836324,0.0204682749401214,0.00824112089396803,"SHH/ANXA1",2
"GO:1904894","positive regulation of receptor signaling pathway via STAT","2/51","50/18860",0.04,14.7921568627451,5.08492272467871,0.00808399583836324,0.0204682749401214,0.00824112089396803,"TGFB1/IL10",2
"GO:2001235","positive regulation of apoptotic signaling pathway","3/51","154/18860",0.0194805194805195,7.20397249809015,4.02532846545454,0.00834845838300375,0.0211203536704349,0.0085036666954398,"MMP2/WNT5A/SOD1",3
"GO:0042491","inner ear auditory receptor cell differentiation","2/51","51/18860",0.0392156862745098,14.5021145713187,5.02765639154738,0.0083995056264828,0.0212143142933767,0.00854149796628218,"FGF2/SOD1",2
"GO:0048538","thymus development","2/51","51/18860",0.0392156862745098,14.5021145713187,5.02765639154738,0.0083995056264828,0.0212143142933767,0.00854149796628218,"SHH/SOD1",2
"GO:0016331","morphogenesis of embryonic epithelium","3/51","155/18860",0.0193548387096774,7.15749525616698,4.00823008851229,0.00849720130913269,0.0214433095071661,0.00863369807823591,"TGFB1/WNT5A/SHH",3
"GO:0043114","regulation of vascular permeability","2/51","52/18860",0.0384615384615385,14.2232277526395,4.97198038906838,0.00872048722559095,0.0219704430431693,0.00884593732214754,"TGFB1/VEGFA",2
"GO:1905562","regulation of vascular endothelial cell proliferation","2/51","52/18860",0.0384615384615385,14.2232277526395,4.97198038906838,0.00872048722559095,0.0219704430431693,0.00884593732214754,"FGF2/CCL2",2
"GO:0030534","adult behavior","3/51","157/18860",0.0191082802547771,7.06631697264893,3.97448491845767,0.00879936372100264,0.0221143811472645,0.00890389097581729,"FGF2/CXCL12/TUBA1A",3
"GO:0035107","appendage morphogenesis","3/51","157/18860",0.0191082802547771,7.06631697264893,3.97448491845767,0.00879936372100264,0.0221143811472645,0.00890389097581729,"WNT5A/SHH/DKK1",3
"GO:0035108","limb morphogenesis","3/51","157/18860",0.0191082802547771,7.06631697264893,3.97448491845767,0.00879936372100264,0.0221143811472645,0.00890389097581729,"WNT5A/SHH/DKK1",3
"GO:0050714","positive regulation of protein secretion","3/51","158/18860",0.0189873417721519,7.02159344750558,3.95783343183077,0.00895279027745749,0.0224629631056931,0.00904424017814482,"TGFB1/TGFB3/IGF1",3
"GO:1900180","regulation of protein localization to nucleus","3/51","158/18860",0.0189873417721519,7.02159344750558,3.95783343183077,0.00895279027745749,0.0224629631056931,0.00904424017814482,"TGFB1/SHH/HSP90AA1",3
"GO:0003197","endocardial cushion development","2/51","53/18860",0.0377358490566038,13.9548649648539,4.91781999148031,0.00904690993945366,0.0225876613954772,0.00909444732478459,"BMP2/DKK1",2
"GO:0010332","response to gamma radiation","2/51","53/18860",0.0377358490566038,13.9548649648539,4.91781999148031,0.00904690993945366,0.0225876613954772,0.00909444732478459,"SOD2/GPX1",2
"GO:0021515","cell differentiation in spinal cord","2/51","53/18860",0.0377358490566038,13.9548649648539,4.91781999148031,0.00904690993945366,0.0225876613954772,0.00909444732478459,"WNT3A/SHH",2
"GO:0048546","digestive tract morphogenesis","2/51","53/18860",0.0377358490566038,13.9548649648539,4.91781999148031,0.00904690993945366,0.0225876613954772,0.00909444732478459,"WNT5A/SHH",2
"GO:0050856","regulation of T cell receptor signaling pathway","2/51","53/18860",0.0377358490566038,13.9548649648539,4.91781999148031,0.00904690993945366,0.0225876613954772,0.00909444732478459,"CD81/EZR",2
"GO:0101023","vascular endothelial cell proliferation","2/51","53/18860",0.0377358490566038,13.9548649648539,4.91781999148031,0.00904690993945366,0.0225876613954772,0.00909444732478459,"FGF2/CCL2",2
"GO:0071456","cellular response to hypoxia","3/51","159/18860",0.0188679245283019,6.97743248242693,3.94132630074502,0.00910778501252257,0.0227210564785007,0.00914815605251439,"TGFB1/VEGFA/ENO1",3
"GO:0072594","establishment of protein localization to organelle","5/51","478/18860",0.0104602510460251,3.86824185741242,3.30746229433856,0.00922995256451787,0.0230070141130262,0.00926329088647434,"TSG101/TGFB1/SHH/HSPA8/HSP90AA1",5
"GO:0001890","placenta development","3/51","160/18860",0.01875,6.93382352941176,3.92496130470706,0.00926435130878786,0.0230739068107035,0.00929022382586932,"PDGFB/IL10/SOD1",3
"GO:0001974","blood vessel remodeling","2/51","54/18860",0.037037037037037,13.6964415395788,4.86510532098351,0.00937874319214167,0.0232260921097599,0.00935149803932786,"TGFB1/IGF1",2
"GO:0008542","visual learning","2/51","54/18860",0.037037037037037,13.6964415395788,4.86510532098351,0.00937874319214167,0.0232260921097599,0.00935149803932786,"ITGB1/TUBA1A",2
"GO:0032692","negative regulation of interleukin-1 production","2/51","54/18860",0.037037037037037,13.6964415395788,4.86510532098351,0.00937874319214167,0.0232260921097599,0.00935149803932786,"IGF1/IL10",2
"GO:0045581","negative regulation of T cell differentiation","2/51","54/18860",0.037037037037037,13.6964415395788,4.86510532098351,0.00937874319214167,0.0232260921097599,0.00935149803932786,"SHH/ANXA1",2
"GO:0046622","positive regulation of organ growth","2/51","54/18860",0.037037037037037,13.6964415395788,4.86510532098351,0.00937874319214167,0.0232260921097599,0.00935149803932786,"FGF2/IGF1",2
"GO:0048009","insulin-like growth factor receptor signaling pathway","2/51","54/18860",0.037037037037037,13.6964415395788,4.86510532098351,0.00937874319214167,0.0232260921097599,0.00935149803932786,"IGF1/BMP2",2
"GO:0050771","negative regulation of axonogenesis","2/51","54/18860",0.037037037037037,13.6964415395788,4.86510532098351,0.00937874319214167,0.0232260921097599,0.00935149803932786,"WNT3A/WNT5A",2
"GO:0006959","humoral immune response","4/51","307/18860",0.0130293159609121,4.81829213770199,3.51230994790627,0.00943775781747682,0.0233532839425156,0.00940270915865919,"CD81/CCL2/CXCL12/GAPDH",4
"GO:0048562","embryonic organ morphogenesis","4/51","308/18860",0.012987012987013,4.8026483320601,3.50370650396223,0.00954314394662158,0.0235949207302613,0.00949999913478409,"WNT3A/WNT5A/SHH/SOD1",4
"GO:0007043","cell-cell junction assembly","3/51","162/18860",0.0185185185185185,6.8482207697894,3.89264907437226,0.00958221181340644,0.0236531781898892,0.00952345527699312,"CD9/PDCD6IP/ACTB",3
"GO:0007612","learning","3/51","162/18860",0.0185185185185185,6.8482207697894,3.89264907437226,0.00958221181340644,0.0236531781898892,0.00952345527699312,"ITGB1/DKK1/TUBA1A",3
"GO:0010876","lipid localization","5/51","483/18860",0.010351966873706,3.828197945845,3.27874487906228,0.00962755907179052,0.0237459035796547,0.00956078920714762,"ITGAV/ITGB3/SHH/ANXA1/ANXA2",5
"GO:0002204","somatic recombination of immunoglobulin genes involved in immune response","2/51","55/18860",0.0363636363636364,13.4474153297683,4.81377095007921,0.00971595652762482,0.0238674584265566,0.00960973071255035,"TGFB1/IL10",2
"GO:0002208","somatic diversification of immunoglobulins involved in immune response","2/51","55/18860",0.0363636363636364,13.4474153297683,4.81377095007921,0.00971595652762482,0.0238674584265566,0.00960973071255035,"TGFB1/IL10",2
"GO:0010543","regulation of platelet activation","2/51","55/18860",0.0363636363636364,13.4474153297683,4.81377095007921,0.00971595652762482,0.0238674584265566,0.00960973071255035,"CD9/PDGFB",2
"GO:0030865","cortical cytoskeleton organization","2/51","55/18860",0.0363636363636364,13.4474153297683,4.81377095007921,0.00971595652762482,0.0238674584265566,0.00960973071255035,"PDCD6IP/EZR",2
"GO:0045190","isotype switching","2/51","55/18860",0.0363636363636364,13.4474153297683,4.81377095007921,0.00971595652762482,0.0238674584265566,0.00960973071255035,"TGFB1/IL10",2
"GO:0003012","muscle system process","5/51","485/18860",0.0103092783505155,3.81241156256317,3.26736486980675,0.00978987387369719,0.0240296904172567,0.00967505001533185,"IGF1/PDGFB/SOD1/HSP90AA1/ENO1",5
"GO:0002043","blood vessel endothelial cell proliferation involved in sprouting angiogenesis","2/51","56/18860",0.0357142857142857,13.2072829131653,4.76375554309082,0.010058519609368,0.0245901789488635,0.00990071894748012,"FGF2/VEGFA",2
"GO:0007187","G protein-coupled receptor signaling pathway, coupled to cyclic nucleotide second messenger","2/51","56/18860",0.0357142857142857,13.2072829131653,4.76375554309082,0.010058519609368,0.0245901789488635,0.00990071894748012,"CCL2/ANXA1",2
"GO:0045778","positive regulation of ossification","2/51","56/18860",0.0357142857142857,13.2072829131653,4.76375554309082,0.010058519609368,0.0245901789488635,0.00990071894748012,"BMP2/WNT5A",2
"GO:0061756","leukocyte adhesion to vascular endothelial cell","2/51","56/18860",0.0357142857142857,13.2072829131653,4.76375554309082,0.010058519609368,0.0245901789488635,0.00990071894748012,"ITGB1/CXCL12",2
"GO:0071385","cellular response to glucocorticoid stimulus","2/51","56/18860",0.0357142857142857,13.2072829131653,4.76375554309082,0.010058519609368,0.0245901789488635,0.00990071894748012,"TGFB1/ANXA1",2
"GO:0051056","regulation of small GTPase mediated signal transduction","4/51","314/18860",0.0127388535031847,4.71087798176595,3.45285177983354,0.0101916424483375,0.024895677429846,0.0100237214927393,"ITGB1/ITGAV/IGF1/WNT5A",4
"GO:0036294","cellular response to decreased oxygen levels","3/51","167/18860",0.0179640718562874,6.6431842197957,3.81420934240085,0.010404590631219,0.0253391326201115,0.0102022694087082,"TGFB1/VEGFA/ENO1",3
"GO:0002686","negative regulation of leukocyte migration","2/51","57/18860",0.0350877192982456,12.9755761953904,4.71500153238361,0.0104064022199278,0.0253391326201115,0.0102022694087082,"CCL2/CXCL12",2
"GO:0031638","zymogen activation","2/51","57/18860",0.0350877192982456,12.9755761953904,4.71500153238361,0.0104064022199278,0.0253391326201115,0.0102022694087082,"ANXA2/ENO1",2
"GO:0046638","positive regulation of alpha-beta T cell differentiation","2/51","57/18860",0.0350877192982456,12.9755761953904,4.71500153238361,0.0104064022199278,0.0253391326201115,0.0102022694087082,"SHH/ANXA1",2
"GO:2000107","negative regulation of leukocyte apoptotic process","2/51","58/18860",0.0344827586206897,12.7518593644354,4.66745482538039,0.0107595742605511,0.0261781986195706,0.0105401017057527,"CXCL12/IDO1",2
"GO:0001755","neural crest cell migration","2/51","59/18860",0.0338983050847458,12.5357261548687,4.62106453896898,0.0111180057507742,0.0269428399885719,0.0108479684889039,"FN1/SHH",2
"GO:0002381","immunoglobulin production involved in immunoglobulin-mediated immune response","2/51","59/18860",0.0338983050847458,12.5357261548687,4.62106453896898,0.0111180057507742,0.0269428399885719,0.0108479684889039,"TGFB1/IL10",2
"GO:0002639","positive regulation of immunoglobulin production","2/51","59/18860",0.0338983050847458,12.5357261548687,4.62106453896898,0.0111180057507742,0.0269428399885719,0.0108479684889039,"TGFB1/IL10",2
"GO:0035315","hair cell differentiation","2/51","59/18860",0.0338983050847458,12.5357261548687,4.62106453896898,0.0111180057507742,0.0269428399885719,0.0108479684889039,"FGF2/SOD1",2
"GO:0061005","cell differentiation involved in kidney development","2/51","59/18860",0.0338983050847458,12.5357261548687,4.62106453896898,0.0111180057507742,0.0269428399885719,0.0108479684889039,"PDGFB/SHH",2
"GO:0008037","cell recognition","3/51","172/18860",0.0174418604651163,6.4500683994528,3.73892134099956,0.0112668784742606,0.0272819414483881,0.0109845005676375,"CD9/CD81/MSN",3
"GO:0002366","leukocyte activation involved in immune response","4/51","325/18860",0.0123076923076923,4.55143288084465,3.36287373804931,0.0114537850301951,0.0277125282530732,0.0111578672984997,"CD81/TGFB1/IL10/ANXA1",4
"GO:0009948","anterior/posterior axis specification","2/51","60/18860",0.0333333333333333,12.3267973856209,4.57578275832428,0.0114816668280235,0.027735998014489,0.0111673169048659,"WNT5A/SHH",2
"GO:0034332","adherens junction organization","2/51","60/18860",0.0333333333333333,12.3267973856209,4.57578275832428,0.0114816668280235,0.027735998014489,0.0111673169048659,"VEGFA/ACTB",2
"GO:0007605","sensory perception of sound","3/51","174/18860",0.0172413793103448,6.37592968221771,3.70963855336582,0.0116230459997383,0.028055311190824,0.0112958816469809,"COL1A1/SOD1/GPX1",3
"GO:0001954","positive regulation of cell-matrix adhesion","2/51","61/18860",0.0327868852459016,12.124718739955,4.53156431753512,0.0118505277472175,0.0284468608629117,0.0114535308965198,"ITGB3/VEGFA",2
"GO:0042733","embryonic digit morphogenesis","2/51","61/18860",0.0327868852459016,12.124718739955,4.53156431753512,0.0118505277472175,0.0284468608629117,0.0114535308965198,"WNT5A/SHH",2
"GO:0043030","regulation of macrophage activation","2/51","61/18860",0.0327868852459016,12.124718739955,4.53156431753512,0.0118505277472175,0.0284468608629117,0.0114535308965198,"IL10/WNT5A",2
"GO:0060425","lung morphogenesis","2/51","61/18860",0.0327868852459016,12.124718739955,4.53156431753512,0.0118505277472175,0.0284468608629117,0.0114535308965198,"IGF1/SHH",2
"GO:0070231","T cell apoptotic process","2/51","61/18860",0.0327868852459016,12.124718739955,4.53156431753512,0.0118505277472175,0.0284468608629117,0.0114535308965198,"WNT5A/IDO1",2
"GO:0090497","mesenchymal cell migration","2/51","61/18860",0.0327868852459016,12.124718739955,4.53156431753512,0.0118505277472175,0.0284468608629117,0.0114535308965198,"FN1/SHH",2
"GO:1904645","response to amyloid-beta","2/51","61/18860",0.0327868852459016,12.124718739955,4.53156431753512,0.0118505277472175,0.0284468608629117,0.0114535308965198,"IGF1/MMP2",2
"GO:0002263","cell activation involved in immune response","4/51","329/18860",0.0121580547112462,4.49609631086477,3.33114451543957,0.0119366706023007,0.0286311179305184,0.0115277181338008,"CD81/TGFB1/IL10/ANXA1",4
"GO:0003205","cardiac chamber development","3/51","176/18860",0.0170454545454545,6.30347593582888,3.68081145898042,0.0119856744588389,0.0286810139403275,0.011547807713903,"TGFB1/BMP2/WNT5A",3
"GO:0050680","negative regulation of epithelial cell proliferation","3/51","176/18860",0.0170454545454545,6.30347593582888,3.68081145898042,0.0119856744588389,0.0286810139403275,0.011547807713903,"TGFB1/CCL2/WNT5A",3
"GO:1902905","positive regulation of supramolecular fiber organization","3/51","176/18860",0.0170454545454545,6.30347593582888,3.68081145898042,0.0119856744588389,0.0286810139403275,0.011547807713903,"TGFB3/GPX1/HSPA1A",3
"GO:0030856","regulation of epithelial cell differentiation","3/51","177/18860",0.0169491525423729,6.26786307743436,3.66656484063151,0.0121694176498568,0.0290702487482537,0.0117045249320196,"FGF2/VEGFA/BMP2",3
"GO:0048592","eye morphogenesis","3/51","177/18860",0.0169491525423729,6.26786307743436,3.66656484063151,0.0121694176498568,0.0290702487482537,0.0117045249320196,"FGF2/VEGFA/WNT5A",3
"GO:0002712","regulation of B cell mediated immunity","2/51","62/18860",0.032258064516129,11.9291587602783,4.48836659974254,0.0122245588803702,0.0290702487482537,0.0117045249320196,"TGFB1/IL10",2
"GO:0002889","regulation of immunoglobulin mediated immune response","2/51","62/18860",0.032258064516129,11.9291587602783,4.48836659974254,0.0122245588803702,0.0290702487482537,0.0117045249320196,"TGFB1/IL10",2
"GO:0007632","visual behavior","2/51","62/18860",0.032258064516129,11.9291587602783,4.48836659974254,0.0122245588803702,0.0290702487482537,0.0117045249320196,"ITGB1/TUBA1A",2
"GO:0051937","catecholamine transport","2/51","62/18860",0.032258064516129,11.9291587602783,4.48836659974254,0.0122245588803702,0.0290702487482537,0.0117045249320196,"CXCL12/ACTB",2
"GO:0055008","cardiac muscle tissue morphogenesis","2/51","62/18860",0.032258064516129,11.9291587602783,4.48836659974254,0.0122245588803702,0.0290702487482537,0.0117045249320196,"TGFB1/BMP2",2
"GO:0070613","regulation of protein processing","2/51","62/18860",0.032258064516129,11.9291587602783,4.48836659974254,0.0122245588803702,0.0290702487482537,0.0117045249320196,"ANXA2/ENO1",2
"GO:0006606","protein import into nucleus","3/51","178/18860",0.0168539325842697,6.23265036351619,3.65242746007224,0.0123547832985481,0.0292886121552994,0.0117924443703478,"TGFB1/SHH/HSP90AA1",3
"GO:0007034","vacuolar transport","3/51","178/18860",0.0168539325842697,6.23265036351619,3.65242746007224,0.0123547832985481,0.0292886121552994,0.0117924443703478,"TSG101/HSPA8/HSPA1A",3
"GO:0035264","multicellular organism growth","3/51","178/18860",0.0168539325842697,6.23265036351619,3.65242746007224,0.0123547832985481,0.0292886121552994,0.0117924443703478,"IGF1/SOD1/EZR",3
"GO:2000045","regulation of G1/S transition of mitotic cell cycle","3/51","178/18860",0.0168539325842697,6.23265036351619,3.65242746007224,0.0123547832985481,0.0292886121552994,0.0117924443703478,"CCL2/ACTB/ANXA1",3
"GO:0050890","cognition","4/51","333/18860",0.012012012012012,4.4420891479715,3.29991873694792,0.012432515447858,0.0294500035958189,0.0118574252432578,"ITGA5/ITGB1/DKK1/TUBA1A",4
"GO:0030509","BMP signaling pathway","3/51","179/18860",0.0167597765363128,6.19783108774236,3.63839781850871,0.0125417736996735,0.0296857653667215,0.011952349767277,"BMP2/WNT5A/DKK1",3
"GO:0003179","heart valve morphogenesis","2/51","63/18860",0.0317460317460317,11.7398070339247,4.44614935477069,0.0126037307161949,0.0297861986174365,0.0119927871057111,"TGFB1/BMP2",2
"GO:0016447","somatic recombination of immunoglobulin gene segments","2/51","63/18860",0.0317460317460317,11.7398070339247,4.44614935477069,0.0126037307161949,0.0297861986174365,0.0119927871057111,"TGFB1/IL10",2
"GO:0030216","keratinocyte differentiation","3/51","180/18860",0.0166666666666667,6.16339869281046,3.62447444608371,0.0127303910941882,0.0300622470807803,0.012103932220073,"TSG101/WNT5A/ANXA1",3
"GO:0006937","regulation of muscle contraction","3/51","181/18860",0.0165745856353591,6.12934676633084,3.61065590115968,0.012920637669576,0.0304408228029933,0.0122563577812601,"SOD1/HSP90AA1/ENO1",3
"GO:0017015","regulation of transforming growth factor beta receptor signaling pathway","3/51","181/18860",0.0165745856353591,6.12934676633084,3.61065590115968,0.012920637669576,0.0304408228029933,0.0122563577812601,"SDCBP/BMP2/HSPA1A",3
"GO:0051963","regulation of synapse assembly","3/51","181/18860",0.0165745856353591,6.12934676633084,3.61065590115968,0.012920637669576,0.0304408228029933,0.0122563577812601,"WNT3A/WNT5A/DKK1",3
"GO:0032615","interleukin-12 production","2/51","64/18860",0.03125,11.5563725490196,4.40487453246817,0.01298801385971,0.0305288368921227,0.0122917948051915,"IL10/IDO1",2
"GO:0032655","regulation of interleukin-12 production","2/51","64/18860",0.03125,11.5563725490196,4.40487453246817,0.01298801385971,0.0305288368921227,0.0122917948051915,"IL10/IDO1",2
"GO:0045620","negative regulation of lymphocyte differentiation","2/51","64/18860",0.03125,11.5563725490196,4.40487453246817,0.01298801385971,0.0305288368921227,0.0122917948051915,"SHH/ANXA1",2
"GO:0010970","transport along microtubule","3/51","183/18860",0.0163934426229508,6.0623593699775,3.58332766421148,0.0133060268475441,0.0312282214706593,0.0125733873126186,"SOD1/HSPB1/TUBA1A",3
"GO:0071453","cellular response to oxygen levels","3/51","183/18860",0.0163934426229508,6.0623593699775,3.58332766421148,0.0133060268475441,0.0312282214706593,0.0125733873126186,"TGFB1/VEGFA/ENO1",3
"GO:0001961","positive regulation of cytokine-mediated signaling pathway","2/51","65/18860",0.0307692307692308,11.3785822021116,4.36450613018448,0.0133773790318461,0.0312753895985919,0.0125923785683923,"WNT5A/HSPA1A",2
"GO:0032757","positive regulation of interleukin-8 production","2/51","65/18860",0.0307692307692308,11.3785822021116,4.36450613018448,0.0133773790318461,0.0312753895985919,0.0125923785683923,"WNT5A/HSPA1A",2
"GO:0043627","response to estrogen","2/51","65/18860",0.0307692307692308,11.3785822021116,4.36450613018448,0.0133773790318461,0.0312753895985919,0.0125923785683923,"MMP2/HSP90AA1",2
"GO:0090303","positive regulation of wound healing","2/51","65/18860",0.0307692307692308,11.3785822021116,4.36450613018448,0.0133773790318461,0.0312753895985919,0.0125923785683923,"ITGB1/ANXA1",2
"GO:1903409","reactive oxygen species biosynthetic process","2/51","65/18860",0.0307692307692308,11.3785822021116,4.36450613018448,0.0133773790318461,0.0312753895985919,0.0125923785683923,"SOD1/SOD2",2
"GO:0019730","antimicrobial humoral response","3/51","184/18860",0.016304347826087,6.02941176470588,3.56981522385598,0.0135011735607216,0.0314924163102153,0.0126797598143909,"CCL2/CXCL12/GAPDH",3
"GO:0051170","import into nucleus","3/51","184/18860",0.016304347826087,6.02941176470588,3.56981522385598,0.0135011735607216,0.0314924163102153,0.0126797598143909,"TGFB1/SHH/HSP90AA1",3
"GO:1903844","regulation of cellular response to transforming growth factor beta stimulus","3/51","184/18860",0.016304347826087,6.02941176470588,3.56981522385598,0.0135011735607216,0.0314924163102153,0.0126797598143909,"SDCBP/BMP2/HSPA1A",3
"GO:0007009","plasma membrane organization","3/51","185/18860",0.0162162162162162,5.99682034976153,3.55640211304947,0.0136979576766243,0.0319270197642328,0.0128547437647224,"CD9/SOD1/ANXA2",3
"GO:0008347","glial cell migration","2/51","66/18860",0.0303030303030303,11.2061794414736,4.32501005298558,0.0137717970690536,0.0319526637701007,0.0128650687849394,"CD9/CCL2",2
"GO:0032623","interleukin-2 production","2/51","66/18860",0.0303030303030303,11.2061794414736,4.32501005298558,0.0137717970690536,0.0319526637701007,0.0128650687849394,"EZR/ANXA1",2
"GO:0032663","regulation of interleukin-2 production","2/51","66/18860",0.0303030303030303,11.2061794414736,4.32501005298558,0.0137717970690536,0.0319526637701007,0.0128650687849394,"EZR/ANXA1",2
"GO:0032731","positive regulation of interleukin-1 beta production","2/51","66/18860",0.0303030303030303,11.2061794414736,4.32501005298558,0.0137717970690536,0.0319526637701007,0.0128650687849394,"WNT5A/HSPB1",2
"GO:0034605","cellular response to heat","2/51","66/18860",0.0303030303030303,11.2061794414736,4.32501005298558,0.0137717970690536,0.0319526637701007,0.0128650687849394,"HSP90AA1/HSPA1A",2
"GO:0071384","cellular response to corticosteroid stimulus","2/51","66/18860",0.0303030303030303,11.2061794414736,4.32501005298558,0.0137717970690536,0.0319526637701007,0.0128650687849394,"TGFB1/ANXA1",2
"GO:0006109","regulation of carbohydrate metabolic process","3/51","186/18860",0.0161290322580645,5.96457938013915,3.54308702122884,0.0138963811203387,0.0322172179317274,0.0129715859601946,"TGFB1/IGF1/PDGFB",3
"GO:0034504","protein localization to nucleus","4/51","345/18860",0.0115942028985507,4.28758169934641,3.20911890272655,0.0139990064117175,0.0324058942049698,0.0130475524977832,"TGFB1/COL1A1/SHH/HSP90AA1",4
"GO:0071375","cellular response to peptide hormone stimulus","4/51","345/18860",0.0115942028985507,4.28758169934641,3.20911890272655,0.0139990064117175,0.0324058942049698,0.0130475524977832,"ITGB3/TGFB1/IGF1/PKM",4
"GO:0019229","regulation of vasoconstriction","2/51","67/18860",0.0298507462686567,11.0389230318993,4.28635398536919,0.014171238922912,0.0326806122099806,0.0131581619310485,"ITGB1/MMP2",2
"GO:0032613","interleukin-10 production","2/51","67/18860",0.0298507462686567,11.0389230318993,4.28635398536919,0.014171238922912,0.0326806122099806,0.0131581619310485,"HGF/IDO1",2
"GO:0032653","regulation of interleukin-10 production","2/51","67/18860",0.0298507462686567,11.0389230318993,4.28635398536919,0.014171238922912,0.0326806122099806,0.0131581619310485,"HGF/IDO1",2
"GO:0032715","negative regulation of interleukin-6 production","2/51","67/18860",0.0298507462686567,11.0389230318993,4.28635398536919,0.014171238922912,0.0326806122099806,0.0131581619310485,"HGF/IL10",2
"GO:1903317","regulation of protein maturation","2/51","67/18860",0.0298507462686567,11.0389230318993,4.28635398536919,0.014171238922912,0.0326806122099806,0.0131581619310485,"ANXA2/ENO1",2
"GO:0007254","JNK cascade","3/51","188/18860",0.0159574468085106,5.90112640801001,3.516745773443,0.0142981534343823,0.0329235216062643,0.0132559642962654,"SDCBP/WNT5A/DKK1",3
"GO:0071478","cellular response to radiation","3/51","188/18860",0.0159574468085106,5.90112640801001,3.516745773443,0.0142981534343823,0.0329235216062643,0.0132559642962654,"TGFB1/MMP2/TIMP1",3
"GO:0040014","regulation of multicellular organism growth","2/51","68/18860",0.0294117647058824,10.876585928489,4.24850727337795,0.0145756756597404,0.0333611301109288,0.0134321581671079,"SOD1/EZR",2
"GO:0042698","ovulation cycle","2/51","68/18860",0.0294117647058824,10.876585928489,4.24850727337795,0.0145756756597404,0.0333611301109288,0.0134321581671079,"TGFB3/MMP2",2
"GO:0046847","filopodium assembly","2/51","68/18860",0.0294117647058824,10.876585928489,4.24850727337795,0.0145756756597404,0.0333611301109288,0.0134321581671079,"TGFB3/EZR",2
"GO:0050832","defense response to fungus","2/51","68/18860",0.0294117647058824,10.876585928489,4.24850727337795,0.0145756756597404,0.0333611301109288,0.0134321581671079,"TGFB1/GAPDH",2
"GO:0055021","regulation of cardiac muscle tissue growth","2/51","68/18860",0.0294117647058824,10.876585928489,4.24850727337795,0.0145756756597404,0.0333611301109288,0.0134321581671079,"FGF2/IGF1",2
"GO:0072666","establishment of protein localization to vacuole","2/51","68/18860",0.0294117647058824,10.876585928489,4.24850727337795,0.0145756756597404,0.0333611301109288,0.0134321581671079,"TSG101/HSPA8",2
"GO:0098930","axonal transport","2/51","68/18860",0.0294117647058824,10.876585928489,4.24850727337795,0.0145756756597404,0.0333611301109288,0.0134321581671079,"SOD1/HSPB1",2
"GO:2001244","positive regulation of intrinsic apoptotic signaling pathway","2/51","68/18860",0.0294117647058824,10.876585928489,4.24850727337795,0.0145756756597404,0.0333611301109288,0.0134321581671079,"MMP2/SOD1",2
"GO:0006575","modified amino acid metabolic process","3/51","191/18860",0.0157068062827225,5.80843855866954,3.47793764938924,0.014913152047339,0.0341079661892289,0.0137328560240232,"SOD1/SOD2/GPX1",3
"GO:0016445","somatic diversification of immunoglobulins","2/51","69/18860",0.0289855072463768,10.718954248366,4.21144081612817,0.0149850784602093,0.0342467972899616,0.0137887534500803,"TGFB1/IL10",2
"GO:0031345","negative regulation of cell projection organization","3/51","192/18860",0.015625,5.7781862745098,3.46518447332818,0.0151214490234283,0.0344809723247232,0.0138830391081274,"WNT3A/WNT5A/DKK1",3
"GO:0071772","response to BMP","3/51","192/18860",0.015625,5.7781862745098,3.46518447332818,0.0151214490234283,0.0344809723247232,0.0138830391081274,"BMP2/WNT5A/DKK1",3
"GO:0071773","cellular response to BMP stimulus","3/51","192/18860",0.015625,5.7781862745098,3.46518447332818,0.0151214490234283,0.0344809723247232,0.0138830391081274,"BMP2/WNT5A/DKK1",3
"GO:0043270","positive regulation of monoatomic ion transport","3/51","194/18860",0.0154639175257732,5.71861734384475,3.43994547616993,0.0155429986361839,0.0354157496930523,0.0142594075770816,"PDGFB/CCL2/CXCL12",3
"GO:0032956","regulation of actin cytoskeleton organization","4/51","357/18860",0.0112044817927171,4.14346130609106,3.12235815179096,0.0156863243205389,0.0356890197628369,0.0143694340296471,"ITGB3/TGFB1/TGFB3/CXCL12",4
"GO:1901990","regulation of mitotic cell cycle phase transition","4/51","357/18860",0.0112044817927171,4.14346130609106,3.12235815179096,0.0156863243205389,0.0356890197628369,0.0143694340296471,"TGFB1/CCL2/ACTB/ANXA1",4
"GO:0097553","calcium ion transmembrane import into cytosol","3/51","195/18860",0.0153846153846154,5.68929110105581,3.42745741292254,0.0157562542680697,0.0358214096660809,0.0144227380428562,"ITGB3/TGFB1/FGF2",3
"GO:0030199","collagen fibril organization","2/51","71/18860",0.028169014084507,10.4170118751726,4.13953943585025,0.0158186675441839,0.0359097877063282,0.0144583216040591,"COL1A1/ANXA2",2
"GO:0061462","protein localization to lysosome","2/51","71/18860",0.028169014084507,10.4170118751726,4.13953943585025,0.0158186675441839,0.0359097877063282,0.0144583216040591,"CD81/HSPA8",2
"GO:0048736","appendage development","3/51","196/18860",0.0153061224489796,5.66026410564226,3.41505551157303,0.0159711656991706,0.036202099961493,0.0145760149925175,"WNT5A/SHH/DKK1",3
"GO:0060173","limb development","3/51","196/18860",0.0153061224489796,5.66026410564226,3.41505551157303,0.0159711656991706,0.036202099961493,0.0145760149925175,"WNT5A/SHH/DKK1",3
"GO:0002562","somatic diversification of immune receptors via germline recombination within a single locus","2/51","72/18860",0.0277777777777778,10.2723311546841,4.10465321511135,0.0162427967573076,0.0366544178302851,0.0147581312798022,"TGFB1/IL10",2
"GO:0016444","somatic cell DNA recombination","2/51","72/18860",0.0277777777777778,10.2723311546841,4.10465321511135,0.0162427967573076,0.0366544178302851,0.0147581312798022,"TGFB1/IL10",2
"GO:0022617","extracellular matrix disassembly","2/51","72/18860",0.0277777777777778,10.2723311546841,4.10465321511135,0.0162427967573076,0.0366544178302851,0.0147581312798022,"TGFB1/MMP2",2
"GO:0030032","lamellipodium assembly","2/51","72/18860",0.0277777777777778,10.2723311546841,4.10465321511135,0.0162427967573076,0.0366544178302851,0.0147581312798022,"ITGB1/HSP90AA1",2
"GO:0042058","regulation of epidermal growth factor receptor signaling pathway","2/51","72/18860",0.0277777777777778,10.2723311546841,4.10465321511135,0.0162427967573076,0.0366544178302851,0.0147581312798022,"TSG101/TGFB1",2
"GO:0060760","positive regulation of response to cytokine stimulus","2/51","72/18860",0.0277777777777778,10.2723311546841,4.10465321511135,0.0162427967573076,0.0366544178302851,0.0147581312798022,"WNT5A/HSPA1A",2
"GO:0001959","regulation of cytokine-mediated signaling pathway","3/51","198/18860",0.0151515151515152,5.60308972073678,3.39050592501434,0.0164059614156887,0.0369952611081052,0.0148953646649619,"IL1RN/WNT5A/HSPA1A",3
"GO:0030225","macrophage differentiation","2/51","73/18860",0.0273972602739726,10.1316142895514,4.07044448987136,0.0166717778925394,0.0374838572956063,0.0150920876551166,"TGFB1/VEGFA",2
"GO:0032722","positive regulation of chemokine production","2/51","73/18860",0.0273972602739726,10.1316142895514,4.07044448987136,0.0166717778925394,0.0374838572956063,0.0150920876551166,"TGFB1/WNT5A",2
"GO:0051055","negative regulation of lipid biosynthetic process","2/51","73/18860",0.0273972602739726,10.1316142895514,4.07044448987136,0.0166717778925394,0.0374838572956063,0.0150920876551166,"PDGFB/BMP2",2
"GO:0060113","inner ear receptor cell differentiation","2/51","73/18860",0.0273972602739726,10.1316142895514,4.07044448987136,0.0166717778925394,0.0374838572956063,0.0150920876551166,"FGF2/SOD1",2
"GO:0032835","glomerulus development","2/51","74/18860",0.027027027027027,9.99470058293588,4.03689057064517,0.0171055826965218,0.0383743623581531,0.0154506308102484,"ITGB3/PDGFB",2
"GO:0050854","regulation of antigen receptor-mediated signaling pathway","2/51","74/18860",0.027027027027027,9.99470058293588,4.03689057064517,0.0171055826965218,0.0383743623581531,0.0154506308102484,"CD81/EZR",2
"GO:0060420","regulation of heart growth","2/51","74/18860",0.027027027027027,9.99470058293588,4.03689057064517,0.0171055826965218,0.0383743623581531,0.0154506308102484,"FGF2/IGF1",2
"GO:0010639","negative regulation of organelle organization","4/51","367/18860",0.0108991825613079,4.03056045306406,3.05290903398341,0.0171867963762706,0.0385282261160923,0.015512580819914,"HGF/IGF1/GPX1/HSPA1A",4
"GO:0008217","regulation of blood pressure","3/51","203/18860",0.0147783251231527,5.46508258475804,3.33056699611457,0.0175220176818792,0.0391854336883274,0.0157771916418355,"PDGFB/SOD1/SOD2",3
"GO:0016064","immunoglobulin mediated immune response","3/51","203/18860",0.0147783251231527,5.46508258475804,3.33056699611457,0.0175220176818792,0.0391854336883274,0.0157771916418355,"CD81/TGFB1/IL10",3
"GO:0051650","establishment of vesicle localization","3/51","203/18860",0.0147783251231527,5.46508258475804,3.33056699611457,0.0175220176818792,0.0391854336883274,0.0157771916418355,"TSG101/SDCBP/PDCD6IP",3
"GO:0030858","positive regulation of epithelial cell differentiation","2/51","75/18860",0.0266666666666667,9.86143790849673,4.00396982476258,0.0175441830279434,0.0391854336883274,0.0157771916418355,"FGF2/BMP2",2
"GO:0090559","regulation of membrane permeability","2/51","75/18860",0.0266666666666667,9.86143790849673,4.00396982476258,0.0175441830279434,0.0391854336883274,0.0157771916418355,"PDCD6IP/HSPA1A",2
"GO:0002706","regulation of lymphocyte mediated immunity","3/51","204/18860",0.0147058823529412,5.43829296424452,3.31881732194767,0.0177502210540816,0.0395876640614056,0.0159391412512413,"CD81/TGFB1/IL10",3
"GO:0006164","purine nucleotide biosynthetic process","3/51","204/18860",0.0147058823529412,5.43829296424452,3.31881732194767,0.0177502210540816,0.0395876640614056,0.0159391412512413,"TGFB1/IDO1/ENO1",3
"GO:0051966","regulation of synaptic transmission, glutamatergic","2/51","76/18860",0.0263157894736842,9.73168214654283,3.97166161376993,0.0179875508571584,0.0400584070548834,0.0161286760278939,"CCL2/DKK1",2
"GO:1903036","positive regulation of response to wounding","2/51","76/18860",0.0263157894736842,9.73168214654283,3.97166161376993,0.0179875508571584,0.0400584070548834,0.0161286760278939,"ITGB1/ANXA1",2
"GO:0044282","small molecule catabolic process","4/51","373/18860",0.0107238605898123,3.96572570046785,3.01240764495036,0.01812895208157,0.0403438605403866,0.0162436078768415,"IDO1/PKM/LDHA/ENO1",4
"GO:0019724","B cell mediated immunity","3/51","206/18860",0.0145631067961165,5.38549400342661,3.29554852352459,0.0182116281989853,0.0404099473709848,0.0162702163507872,"CD81/TGFB1/IL10",3
"GO:0046631","alpha-beta T cell activation","3/51","206/18860",0.0145631067961165,5.38549400342661,3.29554852352459,0.0182116281989853,0.0404099473709848,0.0162702163507872,"CD81/SHH/ANXA1",3
"GO:0061025","membrane fusion","3/51","206/18860",0.0145631067961165,5.38549400342661,3.29554852352459,0.0182116281989853,0.0404099473709848,0.0162702163507872,"CD9/ANXA1/ANXA2",3
"GO:1902806","regulation of cell cycle G1/S phase transition","3/51","206/18860",0.0145631067961165,5.38549400342661,3.29554852352459,0.0182116281989853,0.0404099473709848,0.0162702163507872,"CCL2/ACTB/ANXA1",3
"GO:0030514","negative regulation of BMP signaling pathway","2/51","77/18860",0.025974025974026,9.60529666412019,3.93994623530937,0.0184356582658084,0.0407883925808422,0.0164225893639162,"WNT5A/DKK1",2
"GO:0032732","positive regulation of interleukin-1 production","2/51","77/18860",0.025974025974026,9.60529666412019,3.93994623530937,0.0184356582658084,0.0407883925808422,0.0164225893639162,"WNT5A/HSPB1",2
"GO:0045661","regulation of myoblast differentiation","2/51","77/18860",0.025974025974026,9.60529666412019,3.93994623530937,0.0184356582658084,0.0407883925808422,0.0164225893639162,"TGFB1/ACTB",2
"GO:0060415","muscle tissue morphogenesis","2/51","77/18860",0.025974025974026,9.60529666412019,3.93994623530937,0.0184356582658084,0.0407883925808422,0.0164225893639162,"TGFB1/BMP2",2
"GO:0010506","regulation of autophagy","4/51","377/18860",0.0106100795755968,3.9236490352109,2.98587240866011,0.0187746953970022,0.0415084026494592,0.0167124862916106,"HGF/IL10/HSPB1/GAPDH",4
"GO:0009880","embryonic pattern specification","2/51","78/18860",0.0256410256410256,9.48215183509301,3.90880486910186,0.0188884774464441,0.0416392663938591,0.0167651758290236,"WNT5A/SHH",2
"GO:0051881","regulation of mitochondrial membrane potential","2/51","78/18860",0.0256410256410256,9.48215183509301,3.90880486910186,0.0188884774464441,0.0416392663938591,0.0167651758290236,"SOD1/SOD2",2
"GO:0051952","regulation of amine transport","2/51","78/18860",0.0256410256410256,9.48215183509301,3.90880486910186,0.0188884774464441,0.0416392663938591,0.0167651758290236,"ITGB1/CXCL12",2
"GO:1901184","regulation of ERBB signaling pathway","2/51","78/18860",0.0256410256410256,9.48215183509301,3.90880486910186,0.0188884774464441,0.0416392663938591,0.0167651758290236,"TSG101/TGFB1",2
"GO:0061136","regulation of proteasomal protein catabolic process","3/51","209/18860",0.0143540669856459,5.30819026175063,3.26120817114475,0.0189162535647065,0.0416703896216025,0.0167777069428177,"SHH/GPX1/HSPA1A",3
"GO:0030705","cytoskeleton-dependent intracellular transport","3/51","210/18860",0.0142857142857143,5.28291316526611,3.24990797564666,0.0191544692512252,0.0421039522229741,0.0169522718156983,"SOD1/HSPB1/TUBA1A",3
"GO:0045862","positive regulation of proteolysis","3/51","210/18860",0.0142857142857143,5.28291316526611,3.24990797564666,0.0191544692512252,0.0421039522229741,0.0169522718156983,"HSPA1A/ANXA2/ENO1",3
"GO:0060759","regulation of response to cytokine stimulus","3/51","210/18860",0.0142857142857143,5.28291316526611,3.24990797564666,0.0191544692512252,0.0421039522229741,0.0169522718156983,"IL1RN/WNT5A/HSPA1A",3
"GO:0002200","somatic diversification of immune receptors","2/51","79/18860",0.0253164556962025,9.36212459667411,3.87821952669572,0.0193459807021492,0.0422207347083385,0.0169992918299888,"TGFB1/IL10",2
"GO:0009620","response to fungus","2/51","79/18860",0.0253164556962025,9.36212459667411,3.87821952669572,0.0193459807021492,0.0422207347083385,0.0169992918299888,"TGFB1/GAPDH",2
"GO:0032371","regulation of sterol transport","2/51","79/18860",0.0253164556962025,9.36212459667411,3.87821952669572,0.0193459807021492,0.0422207347083385,0.0169992918299888,"SHH/ANXA2",2
"GO:0032374","regulation of cholesterol transport","2/51","79/18860",0.0253164556962025,9.36212459667411,3.87821952669572,0.0193459807021492,0.0422207347083385,0.0169992918299888,"SHH/ANXA2",2
"GO:0042490","mechanoreceptor differentiation","2/51","79/18860",0.0253164556962025,9.36212459667411,3.87821952669572,0.0193459807021492,0.0422207347083385,0.0169992918299888,"FGF2/SOD1",2
"GO:0043112","receptor metabolic process","2/51","79/18860",0.0253164556962025,9.36212459667411,3.87821952669572,0.0193459807021492,0.0422207347083385,0.0169992918299888,"TGFB1/ANXA2",2
"GO:0045911","positive regulation of DNA recombination","2/51","79/18860",0.0253164556962025,9.36212459667411,3.87821952669572,0.0193459807021492,0.0422207347083385,0.0169992918299888,"TGFB1/ACTB",2
"GO:0050730","regulation of peptidyl-tyrosine phosphorylation","2/51","79/18860",0.0253164556962025,9.36212459667411,3.87821952669572,0.0193459807021492,0.0422207347083385,0.0169992918299888,"TSG101/VEGFA",2
"GO:0050766","positive regulation of phagocytosis","2/51","79/18860",0.0253164556962025,9.36212459667411,3.87821952669572,0.0193459807021492,0.0422207347083385,0.0169992918299888,"CCL2/SOD1",2
"GO:1903578","regulation of ATP metabolic process","2/51","79/18860",0.0253164556962025,9.36212459667411,3.87821952669572,0.0193459807021492,0.0422207347083385,0.0169992918299888,"IGF1/ENO1",2
"GO:0051651","maintenance of location in cell","3/51","212/18860",0.0141509433962264,5.2330743618202,3.22752238464438,0.0196359159264778,0.0428228588217898,0.0172417244544597,"ITGB3/TGFB1/FGF2",3
"GO:0002637","regulation of immunoglobulin production","2/51","80/18860",0.025,9.24509803921569,3.84817300467405,0.0198081404461646,0.0431675975008915,0.0173805262411083,"TGFB1/IL10",2
"GO:0032720","negative regulation of tumor necrosis factor production","2/51","81/18860",0.0246913580246914,9.13096102638586,3.81864884104315,0.0202749292015145,0.044153325477388,0.0177774089020379,"IGF1/IL10",2
"GO:0031032","actomyosin structure organization","3/51","215/18860",0.013953488372093,5.16005471956224,3.19446875285603,0.0203706338576734,0.0443301026389169,0.0178485845122793,"PDCD6IP/ITGB1/TGFB3",3
"GO:0009306","protein secretion","4/51","388/18860",0.0103092783505155,3.81241156256317,2.9147367899758,0.0206240320478222,0.0448495522294409,0.0180577299769731,"TGFB1/TGFB3/IGF1/IL1RN",4
"GO:0014032","neural crest cell development","2/51","82/18860",0.024390243902439,9.01960784313725,3.7896312745492,0.0207463196006331,0.045019218422142,0.0181260425050078,"FN1/SHH",2
"GO:0046637","regulation of alpha-beta T cell differentiation","2/51","82/18860",0.024390243902439,9.01960784313725,3.7896312745492,0.0207463196006331,0.045019218422142,0.0181260425050078,"SHH/ANXA1",2
"GO:0071277","cellular response to calcium ion","2/51","82/18860",0.024390243902439,9.01960784313725,3.7896312745492,0.0207463196006331,0.045019218422142,0.0181260425050078,"WNT5A/TUBA1A",2
"GO:0035592","establishment of protein localization to extracellular region","4/51","391/18860",0.010230179028133,3.78316032295271,2.89578608952811,0.0211472773267499,0.045856675994253,0.0184632272025715,"TGFB1/TGFB3/IGF1/IL1RN",4
"GO:0035914","skeletal muscle cell differentiation","2/51","83/18860",0.0240963855421687,8.91093786912355,3.76110520669358,0.0212222843849931,0.0459214111054,0.018489291435078,"WNT3A/SHH",2
"GO:0043537","negative regulation of blood vessel endothelial cell migration","2/51","83/18860",0.0240963855421687,8.91093786912355,3.76110520669358,0.0212222843849931,0.0459214111054,0.018489291435078,"TGFB1/FGF2",2
"GO:1903556","negative regulation of tumor necrosis factor superfamily cytokine production","2/51","83/18860",0.0240963855421687,8.91093786912355,3.76110520669358,0.0212222843849931,0.0459214111054,0.018489291435078,"IGF1/IL10",2
"GO:0045913","positive regulation of carbohydrate metabolic process","2/51","84/18860",0.0238095238095238,8.80485527544351,3.73305616623763,0.0217027964047344,0.0468946401068305,0.0188811416462838,"IGF1/PDGFB",2
"GO:0070373","negative regulation of ERK1 and ERK2 cascade","2/51","84/18860",0.0238095238095238,8.80485527544351,3.73305616623763,0.0217027964047344,0.0468946401068305,0.0188811416462838,"IGF1/EZR",2
"GO:0008088","axo-dendritic transport","2/51","85/18860",0.0235294117647059,8.70126874279123,3.70547027600625,0.022187828618295,0.0477398202499421,0.0192214356748201,"SOD1/HSPB1",2
"GO:0019233","sensory perception of pain","2/51","85/18860",0.0235294117647059,8.70126874279123,3.70547027600625,0.022187828618295,0.0477398202499421,0.0192214356748201,"CCL2/CXCL12",2
"GO:0034103","regulation of tissue remodeling","2/51","85/18860",0.0235294117647059,8.70126874279123,3.70547027600625,0.022187828618295,0.0477398202499421,0.0192214356748201,"ITGB3/TGFB1",2
"GO:0042157","lipoprotein metabolic process","2/51","85/18860",0.0235294117647059,8.70126874279123,3.70547027600625,0.022187828618295,0.0477398202499421,0.0192214356748201,"ITGAV/ITGB3",2
"GO:0048644","muscle organ morphogenesis","2/51","85/18860",0.0235294117647059,8.70126874279123,3.70547027600625,0.022187828618295,0.0477398202499421,0.0192214356748201,"TGFB1/BMP2",2
"GO:0051279","regulation of release of sequestered calcium ion into cytosol","2/51","85/18860",0.0235294117647059,8.70126874279123,3.70547027600625,0.022187828618295,0.0477398202499421,0.0192214356748201,"ITGB3/TGFB1",2
"GO:0071692","protein localization to extracellular region","4/51","398/18860",0.0100502512562814,3.71662232732289,2.85228549611959,0.0223999448474838,0.0481022902149466,0.0193673765912272,"TGFB1/TGFB3/IGF1/IL1RN",4
"GO:0051235","maintenance of location","3/51","223/18860",0.0134529147982063,4.9749406489053,3.10925715539608,0.0224035904278725,0.0481022902149466,0.0193673765912272,"ITGB3/TGFB1/FGF2",3
"GO:0051648","vesicle localization","3/51","223/18860",0.0134529147982063,4.9749406489053,3.10925715539608,0.0224035904278725,0.0481022902149466,0.0193673765912272,"TSG101/SDCBP/PDCD6IP",3
"GO:0045786","negative regulation of cell cycle","4/51","399/18860",0.0100250626566416,3.70730748439727,2.84615131581733,0.0225825438919906,0.0484524201226888,0.0195083490428256,"TGFB1/BMP2/IL10/CCL2",4
"GO:0008625","extrinsic apoptotic signaling pathway via death domain receptors","2/51","86/18860",0.0232558139534884,8.60009119927041,3.6783342218162,0.022677354092042,0.0485875051508568,0.0195627381914644,"HGF/GPX1",2
"GO:2000514","regulation of CD4-positive, alpha-beta T cell activation","2/51","86/18860",0.0232558139534884,8.60009119927041,3.6783342218162,0.022677354092042,0.0485875051508568,0.0195627381914644,"CD81/ANXA1",2
"GO:0002460","adaptive immune response based on somatic recombination of immune receptors built from immunoglobulin superfamily domains","4/51","402/18860",0.00995024875621891,3.67964101063311,2.82786639271127,0.0231358348204184,0.0494722019913994,0.0199189427880291,"CD81/TGFB1/IL10/ANXA1",4
"GO:0032970","regulation of actin filament-based process","4/51","402/18860",0.00995024875621891,3.67964101063311,2.82786639271127,0.0231358348204184,0.0494722019913994,0.0199189427880291,"ITGB3/TGFB1/TGFB3/CXCL12",4
"GO:0008344","adult locomotory behavior","2/51","87/18860",0.0229885057471264,8.50123957629029,3.65163522337028,0.0231713459999049,0.0494722019913994,0.0199189427880291,"CXCL12/TUBA1A",2
"GO:0036465","synaptic vesicle recycling","2/51","87/18860",0.0229885057471264,8.50123957629029,3.65163522337028,0.0231713459999049,0.0494722019913994,0.0199189427880291,"WNT3A/ACTB",2
"GO:0042310","vasoconstriction","2/51","87/18860",0.0229885057471264,8.50123957629029,3.65163522337028,0.0231713459999049,0.0494722019913994,0.0199189427880291,"ITGB1/MMP2",2
"GO:0071356","cellular response to tumor necrosis factor","3/51","226/18860",0.0132743362831858,4.90890161374284,3.07834632935187,0.0231936151363916,0.0494851187280635,0.0199241434406839,"CCL2/COL1A1/HSPA1A",3
