"p_val","avg_log2FC","pct.1","pct.2","p_val_adj","cluster","gene"
0,0.698471541894817,1,0.922,0,"0","BGN"
5.54863893928859e-231,0.506435684749929,0.999,0.977,1.40863296751719e-226,"0","ZFP36L1"
6.42148725301977e-230,0.502439916157413,0.998,0.948,1.63022296892413e-225,"0","COL6A3"
2.73336613310384e-220,0.993379765651625,0.954,0.688,6.93919660211072e-216,"0","FBLN1"
3.30964639697102e-217,0.743590722793643,0.978,0.816,8.40219930799033e-213,"0","SNHG5"
2.50569168403927e-179,0.711920614074339,0.96,0.822,6.36119947827049e-175,"0","FMOD"
1.31364746514772e-171,0.757007834706442,0.956,0.763,3.33495681977051e-167,"0","PCOLCE"
3.95306150027325e-170,1.27351814126673,0.802,0.481,1.00356372307437e-165,"0","NR4A3"
3.44143480845249e-167,0.580052979546971,0.997,0.908,8.73677054821833e-163,"0","HILPDA"
4.49836515120031e-164,0.519657530453705,0.99,0.911,1.14199996093522e-159,"0","COL5A2"
8.57048106725935e-160,0.55007886885007,0.982,0.914,2.17578802854513e-155,"0","RND3"
3.56217128839779e-159,0.614634102470904,0.969,0.852,9.04328424985547e-155,"0","LRP1"
1.17999490546992e-157,0.581582043988809,0.98,0.86,2.9956530665165e-153,"0","IFITM1"
3.43348320051122e-150,0.838268694816158,0.924,0.758,8.71658380113784e-146,"0","MGP"
1.71534323400495e-145,1.05044284700581,0.842,0.612,4.35474186816838e-141,"0","PGM2L1"
4.37275310235531e-141,1.23082092998592,0.743,0.434,1.11011083009494e-136,"0","EGLN3"
3.94382952166712e-136,0.84059318107364,0.874,0.699,1.00122000066563e-131,"0","PTGFR"
1.71427584187152e-135,0.865550796527445,0.866,0.646,4.35203207975923e-131,"0","MXRA8"
3.51427155846059e-129,0.627403018116104,0.95,0.82,8.92168120546389e-125,"0","SLC2A1"
5.34682833335017e-126,0.538373617136641,0.97,0.863,1.35739930898761e-121,"0","COL5A1"
2.88392162768846e-125,0.994571359386469,0.799,0.565,7.3214118362127e-121,"0","RIN2"
3.70820634477881e-119,0.863494333303235,0.868,0.63,9.41402344748997e-115,"0","C10orf10"
7.88515004565148e-119,0.586110965253926,0.949,0.849,2.00180304208954e-114,"0","MEDAG"
1.8309661811194e-118,0.802542522045695,0.923,0.728,4.64827384400782e-114,"0","IGFBP5"
2.82094747912999e-117,0.779481268636562,0.864,0.684,7.1615393652673e-113,"0","AEBP1"
9.56301372804211e-117,0.636699628442338,0.966,0.872,2.42776229513805e-112,"0","G0S2"
2.23628119608038e-113,0.628427419246687,0.926,0.785,5.67724707248927e-109,"0","PDGFRA"
8.52941501234948e-110,0.611373925324397,0.924,0.79,2.16536258918516e-105,"0","SLC7A5"
7.20535691012544e-108,0.92083111551198,0.782,0.586,1.82922395877355e-103,"0","SLC15A4"
1.10226435092854e-105,1.32254489056214,0.63,0.365,2.79831850770228e-101,"0","METTL7A"
1.42308639997121e-105,0.59860197416401,0.94,0.825,3.61278944360691e-101,"0","TNFAIP2"
2.84193708928054e-103,0.872098537866391,0.862,0.663,7.21482568855651e-99,"0","PRG4"
6.93262606015524e-102,0.883752947084274,0.806,0.604,1.75998577789161e-97,"0","REV3L"
1.2525666631828e-101,1.15017919255877,0.658,0.366,3.17989098782216e-97,"0","COL14A1"
4.38031780915875e-98,1.5248291552378,0.493,0.22,1.11203128221113e-93,"0","HTR2A"
1.10135246400016e-94,1.04830495684583,0.674,0.43,2.79600350035719e-90,"0","IL32"
2.33903197680712e-90,0.608632190532552,0.885,0.738,5.93810047952023e-86,"0","IFI44L"
1.33700822695489e-89,0.590409306707857,0.899,0.761,3.39426278577037e-85,"0","ADD3"
8.85832610209286e-89,1.40422850733798,0.559,0.314,2.24886324753832e-84,"0","NTRK2"
2.97564074727803e-88,0.659378230983702,0.851,0.714,7.55425916511474e-84,"0","IFNGR2"
4.98272264735092e-87,0.769412098295266,0.798,0.615,1.26496379848298e-82,"0","LHFPL2"
8.79909468135303e-87,0.524778360415686,0.943,0.82,2.23382616675509e-82,"0","TNFAIP3"
3.87338161540995e-85,0.776272127979128,0.809,0.629,9.83335390704125e-81,"0","SOD3"
6.44031261347332e-85,1.31212650313052,0.533,0.28,1.63500216318247e-80,"0","DDIT4L"
9.91445593068863e-85,0.551632438875111,0.902,0.774,2.51698292712392e-80,"0","SERPING1"
4.60600411502724e-84,0.764422407355607,0.792,0.657,1.16932626468197e-79,"0","EIF1B"
6.39045779378862e-81,0.516329862192442,0.88,0.8,1.62234552010912e-76,"0","CD276"
5.76891243882054e-80,0.921941417440897,0.696,0.483,1.46455380084337e-75,"0","GBP2"
6.8518851914357e-80,0.690027108840682,0.813,0.649,1.73948809354978e-75,"0","SCARA3"
1.76038004273474e-79,0.591479723943747,0.888,0.7,4.46907681449068e-75,"0","COL4A2"
1.04508605647148e-78,1.28005205102489,0.539,0.299,2.65315997156414e-74,"0","PCSK1"
2.29307419267352e-76,0.708118475125156,0.794,0.647,5.82142745294028e-72,"0","NINJ1"
1.77867277740404e-75,0.564103569738512,0.873,0.739,4.51551657999564e-71,"0","MXI1"
1.11704160636756e-74,0.721190292436537,0.805,0.606,2.83583352608531e-70,"0","CP"
1.9314264075323e-73,0.623833999946671,0.848,0.71,4.90331222080224e-69,"0","ARID5B"
2.54351555389612e-73,1.24905771701464,0.522,0.305,6.45722293667608e-69,"0","P4HA3"
3.19100140895484e-72,0.723068852893997,0.81,0.637,8.10099527691364e-68,"0","CEMIP"
4.85222919062187e-72,0.562833490827402,0.858,0.724,1.23183542462317e-67,"0","ANKH"
2.33401270118801e-71,0.752592307046705,0.77,0.543,5.92535804450601e-67,"0","KCNE4"
3.19484393685211e-71,0.791562246636128,0.718,0.53,8.11075030248644e-67,"0","EPB41L4A-AS1"
9.073567384415e-71,1.18431373483448,0.571,0.346,2.30350655188144e-66,"0","AL355607.2"
9.56987457042373e-70,0.561371702047845,0.842,0.72,2.42950405719347e-65,"0","OPTN"
1.01100798231792e-69,0.759428652471342,0.743,0.573,2.5666459647105e-65,"0","CLEC11A"
8.64870070056632e-69,0.500658926617642,0.874,0.762,2.19564564685277e-64,"0","GAS5"
1.71702423293033e-68,1.04528891434468,0.604,0.392,4.35900942014023e-64,"0","TWIST1"
4.45515134188644e-68,0.928347344217567,0.662,0.468,1.13102927116471e-63,"0","SPON1"
1.05256534193011e-67,0.592655637353212,0.856,0.715,2.67214763355797e-63,"0","VCAN"
5.84909159567122e-66,0.945774436840904,0.638,0.432,1.48490888339305e-61,"0","GEM"
7.62620466209744e-66,0.956170240934709,0.661,0.466,1.93606457756668e-61,"0","CRISPLD2"
2.97634825733008e-65,0.782822196333469,0.723,0.583,7.55605532088387e-61,"0","VSTM4"
1.77287190909309e-64,0.850682295338937,0.667,0.486,4.50078991561464e-60,"0","GPNMB"
1.44150594411297e-59,0.94155610043968,0.592,0.374,3.65955114031959e-55,"0","FILIP1L"
3.37628941571455e-59,0.679060487732233,0.75,0.581,8.57138593967453e-55,"0","SYNPO"
7.97618617791362e-59,0.877290758583048,0.642,0.46,2.02491438498693e-54,"0","RBM43"
1.26862167018174e-57,0.620377130527237,0.786,0.65,3.22064983409039e-53,"0","LTBP2"
1.85939799585274e-57,0.558423819585683,0.81,0.677,4.72045369207134e-53,"0","MRC2"
2.08199540219669e-57,1.34537806125679,0.408,0.215,5.28556172755675e-53,"0","ITGA10"
3.68016240440904e-57,0.820451041625869,0.677,0.514,9.34282829607324e-53,"0","MEG3"
6.39176631922648e-56,0.685049040076035,0.715,0.574,1.62267771546203e-51,"0","LAMB2"
3.24298828676722e-55,0.764841143105487,0.69,0.563,8.23297436361594e-51,"0","NRN1"
3.26907086850092e-55,0.585997686010389,0.82,0.704,8.29919021386329e-51,"0","COMP"
5.26834808766926e-55,0.654447737709349,0.77,0.605,1.3374755290166e-50,"0","VCAM1"
8.57188211112918e-55,0.573145481333652,0.769,0.553,2.17614371155237e-50,"0","COL4A1"
2.75501489257732e-54,1.13453206251248,0.506,0.322,6.99415630778603e-50,"0","AMPD3"
4.88622475117928e-54,0.569629823601376,0.807,0.621,1.24046587758188e-49,"0","CYGB"
3.28924983936642e-53,0.648792252021708,0.755,0.632,8.35041856719953e-49,"0","ANGPTL2"
1.33907237413613e-52,1.34849261140802,0.363,0.175,3.39950303621939e-48,"0","SCG2"
1.09875532774748e-51,0.685255025638596,0.716,0.595,2.78941015055253e-47,"0","ACSL3"
2.82767339197186e-51,1.53688736219238,0.312,0.14,7.17861444019896e-47,"0","PCK1"
4.70756458079848e-51,1.53734003663816,0.294,0.128,1.19510942012731e-46,"0","TNFRSF9"
6.79057098735147e-51,1.1882903392741,0.439,0.255,1.72392225655892e-46,"0","TGFB3"
7.84454539343509e-51,0.773450375022583,0.612,0.411,1.99149473903137e-46,"0","FBLN2"
1.37855088677616e-50,0.963276005529822,0.566,0.394,3.49972713625863e-46,"0","NGLY1"
1.22304684934183e-49,1.0073549781376,0.494,0.304,3.10494903642411e-45,"0","PRUNE2"
2.61407401011556e-48,0.65268114498777,0.704,0.568,6.63634968948037e-44,"0","EPSTI1"
3.73720361277614e-48,0.854464457792499,0.581,0.417,9.4876388117548e-44,"0","SH3PXD2B"
1.79173427881924e-47,0.620639753550879,0.72,0.571,4.54867581363841e-43,"0","EDIL3"
3.27680018703425e-47,0.565619983988571,0.753,0.627,8.31881263482385e-43,"0","IFIH1"
7.57333678036225e-47,1.4827859476564,0.279,0.122,1.92264300843056e-42,"0","TNFRSF21"
7.89438363404111e-46,0.535572889583236,0.814,0.707,2.00414717317402e-41,"0","ARL4C"
1.75242333370943e-45,0.630486302412813,0.698,0.547,4.44887711728813e-41,"0","PDGFRB"
6.9979302820894e-45,0.863894636829744,0.545,0.367,1.77656456071404e-40,"0","GGT5"
1.26916582348028e-44,0.827139463887818,0.548,0.358,3.22203127606938e-40,"0","COL5A3"
3.11678392829684e-44,0.84619208609627,0.572,0.423,7.91257935876718e-40,"0","DYM"
3.66425104943084e-44,0.771319327305113,0.585,0.417,9.30243413919008e-40,"0","NREP"
1.44610214876239e-43,1.15321032399439,0.403,0.234,3.67121952506307e-39,"0","ITPR1"
5.75140144709339e-43,0.777388139077557,0.614,0.453,1.4601082853736e-38,"0","SLC39A8"
1.00377013056319e-42,1.3556042228395,0.306,0.15,2.54827123046078e-38,"0","GPM6B"
2.88392023287409e-42,0.633664542443538,0.678,0.536,7.32140829519745e-38,"0","NFATC4"
5.93729454456319e-42,0.818987241649126,0.561,0.408,1.50730096602826e-37,"0","SYNGAP1"
3.4869455390283e-41,1.04030002072882,0.433,0.271,8.85230863993115e-37,"0","TGFB1"
4.45255419006789e-41,0.669196769964711,0.65,0.495,1.13036993223254e-36,"0","RETREG1"
5.20686763919683e-41,1.2028848126401,0.337,0.176,1.3218674875629e-36,"0","FILIP1"
5.89797662641785e-41,0.557701211122517,0.727,0.612,1.4973193261487e-36,"0","INSIG2"
1.19053509628828e-40,0.893412860386644,0.566,0.427,3.02241144894706e-36,"0","DDX10"
1.27591445513567e-40,0.796259775772135,0.556,0.389,3.23916402725291e-36,"0","ITGA11"
7.62248090493712e-40,0.51907406228235,0.755,0.62,1.93511922733639e-35,"0","PCOLCE2"
1.43942657068179e-39,0.908341890778004,0.491,0.336,3.65427223498987e-35,"0","FXYD6"
8.20717464648487e-39,0.674355109969365,0.61,0.482,2.08355542750311e-34,"0","AL358472.1"
9.97329673468321e-39,0.952114193948524,0.44,0.277,2.53192084203403e-34,"0","PER1"
1.88699252636681e-38,0.500509294986745,0.767,0.646,4.79050792668742e-34,"0","ECM1"
6.36591666223963e-38,0.545772078150103,0.709,0.582,1.61611526304278e-33,"0","FAM13A"
9.70380878779351e-38,1.14000507229813,0.379,0.227,2.46350593695714e-33,"0","MLLT3"
1.00597232198285e-37,1.00048524638759,0.442,0.287,2.55386193381787e-33,"0","LINC01128"
1.28816545483348e-37,0.72873454629305,0.623,0.484,3.27026564018577e-33,"0","MXRA5"
2.12229213048148e-37,0.686912539437112,0.56,0.371,5.38786303165332e-33,"0","SFRP4"
3.32976750878611e-37,0.5929681370766,0.672,0.541,8.4532807745553e-33,"0","NFKB1"
3.52671159973595e-37,0.733910792622719,0.574,0.428,8.95326273824967e-33,"0","COL27A1"
1.32925192544131e-36,0.62089575384197,0.643,0.524,3.37457186311786e-32,"0","HEXA"
1.01768762385437e-35,0.669292684068253,0.618,0.493,2.58360357067909e-31,"0","CDH11"
1.64636715182798e-35,0.701707426339386,0.587,0.453,4.17963228834569e-31,"0","FAM110B"
2.33749498664397e-35,0.679142256523289,0.593,0.459,5.93419852259306e-31,"0","PHF21A"
6.45945300624864e-35,0.689767277772089,0.6,0.473,1.63986133469634e-30,"0","CYLD"
5.4150586599304e-34,0.71049230966429,0.593,0.454,1.37472094199653e-29,"0","F3"
8.27354293359295e-34,0.79601679270574,0.548,0.414,2.10040434455124e-29,"0","NR4A2"
8.90591417416535e-34,1.05130872989455,0.384,0.239,2.26094443139536e-29,"0","CA9"
1.43461799847121e-33,0.581986082975084,0.689,0.584,3.64206471271886e-29,"0","SCD"
2.29405167650895e-33,0.642807703245845,0.61,0.484,5.82390899115327e-29,"0","SLC6A6"
3.75692388587172e-33,1.094458513377,0.328,0.185,9.53770266906252e-29,"0","SLC41A2"
4.00286497012908e-33,0.583106887172084,0.66,0.565,1.01620732996667e-28,"0","CHD3"
6.17733373891861e-33,0.741722027071252,0.539,0.406,1.56823971629927e-28,"0","SHB"
6.25635459105848e-33,0.534420417567841,0.675,0.583,1.58830074003202e-28,"0","ATP6V1A"
9.63680323833574e-33,0.591435647023225,0.661,0.541,2.44649523811629e-28,"0","BCL6"
1.00545594663109e-32,1.22562430293924,0.308,0.171,2.55255101171234e-28,"0","PTGIS"
1.05349215386306e-32,0.903083000438686,0.436,0.292,2.67450053101214e-28,"0","SULF2"
9.96969438237635e-32,1.12090202651176,0.329,0.189,2.53100631285389e-27,"0","HPD"
2.78233429206278e-31,0.590119392741303,0.641,0.523,7.06351206725978e-27,"0","CCNG2"
6.06375008495909e-31,0.592277840175454,0.635,0.519,1.53940423406856e-26,"0","RORA"
7.02504986088132e-31,0.76626249451048,0.503,0.378,1.78344940818194e-26,"0","LINC01578"
8.57833065377643e-31,1.34835293950549,0.268,0.144,2.17778080307422e-26,"0","ANK2"
9.42113089121636e-31,1.21582409319472,0.324,0.192,2.3917424993531e-26,"0","ENPP2"
1.3631779626605e-30,0.773371213883324,0.503,0.377,3.46069989380622e-26,"0","CTSF"
1.55365644645059e-30,0.68221719878394,0.53,0.397,3.94426762060411e-26,"0","SQSTM1"
4.73192725432242e-30,0.618468913254291,0.598,0.492,1.20129437205483e-25,"0","CHD2"
1.03661852865969e-29,1.08872612636326,0.353,0.223,2.63166345870834e-25,"0","SGCD"
1.06223631345316e-29,0.57908506895268,0.658,0.573,2.69669932896353e-25,"0","PTPN1"
5.22732876001304e-28,0.673955117816587,0.629,0.535,1.32706195230451e-23,"0","ADAMTS5"
5.26068257305925e-28,0.976339626531013,0.371,0.242,1.33552948482255e-23,"0","DLG4"
6.567088854677e-28,0.959362786880146,0.389,0.261,1.66718684753685e-23,"0","SERPINF1"
8.4648443618476e-28,0.746081034157127,0.505,0.385,2.14897003814225e-23,"0","ENPP1"
8.83558457846356e-28,0.76043628732992,0.469,0.344,2.24308985693454e-23,"0","SIK2"
1.76624245734666e-27,0.618725929535108,0.582,0.484,4.48395972646596e-23,"0","KIFAP3"
8.47539905215836e-27,0.82878106589099,0.42,0.292,2.15164955737144e-22,"0","SGCA"
8.96293671451588e-27,0.936091582512308,0.404,0.277,2.27542074371415e-22,"0","CDO1"
1.72694585263787e-26,0.619929316970236,0.559,0.438,4.38419743609177e-22,"0","PLXDC2"
1.90499036332549e-26,1.00909845814257,0.34,0.219,4.83619903537442e-22,"0","HACD4"
1.92026516104149e-26,0.958725212217665,0.356,0.228,4.87497716433603e-22,"0","MN1"
2.37265338993969e-26,0.956200523956296,0.365,0.241,6.02345516103988e-22,"0","RBMS3"
2.41346696345006e-26,1.09885725505988,0.302,0.183,6.12706858011067e-22,"0","RERG"
2.91016226408344e-26,0.662464627419463,0.538,0.431,7.38802893982863e-22,"0","H6PD"
3.10699649580303e-26,0.979654395078157,0.353,0.23,7.88773200389516e-22,"0","CPXM2"
5.28139357138242e-26,0.813571897079944,0.443,0.314,1.34078738596686e-21,"0","MAF"
5.41738268209119e-26,0.579496421702255,0.595,0.485,1.37531094150249e-21,"0","EBF1"
1.00724094209718e-25,0.994716610699387,0.324,0.201,2.55708257970211e-21,"0","FNDC1"
1.12603809051332e-25,0.539412738754462,0.633,0.548,2.85867290038616e-21,"0","NMI"
2.13565126483322e-25,1.00815782039893,0.318,0.198,5.42177786603211e-21,"0","PPP1R3B"
2.31790041842092e-25,0.579919470128452,0.581,0.478,5.8844537922452e-21,"0","CLK1"
2.87061099627153e-25,0.578841750074118,0.605,0.499,7.28762013623453e-21,"0","BHLHE41"
3.17424066471278e-25,1.11939351784136,0.263,0.148,8.05844477550633e-21,"0","BARX2"
3.91208027785174e-25,0.860745024404061,0.41,0.287,9.9315982013822e-21,"0","KANK1"
9.12852551354969e-25,0.580846898717357,0.559,0.458,2.31745877212486e-20,"0","CTSK"
1.40332445056661e-24,0.762349688459434,0.458,0.341,3.56261978265346e-20,"0","ZNF385D"
2.99276670060544e-24,1.08997375210019,0.28,0.167,7.59773682282702e-20,"0","GBP1P1"
3.36945531099387e-24,0.553451994064149,0.598,0.499,8.55403619802014e-20,"0","CSF1"
4.41365037096733e-24,0.899553240023585,0.334,0.21,1.12049341967747e-19,"0","SPON2"
9.78123951957895e-24,0.980923914479636,0.304,0.186,2.48316327683551e-19,"0","IGF1"
1.52483266252793e-23,0.537821895558591,0.627,0.54,3.87109268035965e-19,"0","LDLR"
1.57936995168077e-23,0.715485201066109,0.445,0.328,4.00954649633197e-19,"0","AC023157.1"
2.61542723087686e-23,0.590544890697453,0.541,0.422,6.63978511102709e-19,"0","HSD11B1"
3.6104200107772e-23,0.649986539888861,0.496,0.388,9.16577328136007e-19,"0","MCC"
5.52158815644486e-23,0.794180009726192,0.421,0.298,1.40176558527666e-18,"0","PAG1"
1.10262781657497e-22,0.55649840815906,0.582,0.497,2.79924123793889e-18,"0","RERE"
1.10966392919244e-22,0.570589799325297,0.552,0.451,2.81710381704084e-18,"0","SLC25A28"
1.26313353830893e-22,0.572563350330954,0.557,0.441,3.20671711370489e-18,"0","LAMB3"
1.22464528949844e-21,0.558807214622511,0.541,0.431,3.10900699644968e-17,"0","RNF144B"
1.49418330881766e-21,0.756593890156723,0.41,0.294,3.79328316609538e-17,"0","ICAM1"
1.66036664039107e-21,0.928647570533559,0.325,0.217,4.21517278996081e-17,"0","FAP"
2.13154936456475e-21,0.591182678049386,0.526,0.422,5.41136437182053e-17,"0","ZBTB20"
2.21422139517903e-21,0.686098191498544,0.452,0.348,5.621243855941e-17,"0","BDH2"
2.85129798826102e-21,0.789210948366158,0.393,0.284,7.23859020279825e-17,"0","LACC1"
4.13966943231197e-21,0.930920262546132,0.321,0.213,1.05093787878104e-16,"0","C1QTNF6"
6.61785907264604e-21,0.745559041635272,0.433,0.341,1.68007588277265e-16,"0","LRRC75A-AS1"
1.31333900812479e-20,0.62305510220808,0.523,0.43,3.3341737399264e-16,"0","C14orf132"
1.47451145085425e-20,0.736579368524955,0.38,0.261,3.74334222028369e-16,"0","HAPLN1"
1.69677937920795e-20,0.526912880781034,0.592,0.532,4.30761380999523e-16,"0","DPP7"
3.19278156063799e-20,0.987687233905173,0.296,0.194,8.10551454799168e-16,"0","PLEKHH2"
4.04480375875479e-20,0.599919407135743,0.497,0.396,1.02685433023508e-15,"0","DNAJB2"
4.85878848601797e-20,0.642651824882368,0.475,0.383,1.23350063294538e-15,"0","AL136968.2"
6.24315257233252e-20,0.785103595336467,0.372,0.265,1.58494914353806e-15,"0","TCF7L1"
1.14456466242103e-19,0.842343179371894,0.336,0.23,2.90570630848827e-15,"0","MTHFR"
1.44439123408946e-19,0.726002708658161,0.431,0.325,3.6668760259829e-15,"0","FBLN5"
1.70021133053846e-19,0.810322346279921,0.346,0.237,4.316326504838e-15,"0","STARD4"
3.07430409696578e-19,0.928501552737148,0.28,0.175,7.80473581096703e-15,"0","CH25H"
4.90010121213544e-19,0.739662846924846,0.419,0.324,1.24398869472482e-14,"0","RGS3"
7.1921042911393e-19,0.559307300470076,0.505,0.411,1.82585951639153e-14,"0","MIR210HG"
1.04504780616145e-18,1.05622931232486,0.254,0.154,2.65306286550207e-14,"0","LPL"
1.22529749988498e-18,0.587178052383141,0.463,0.352,3.110662762958e-14,"0","APLN"
1.38984936383921e-18,0.591827302902115,0.505,0.417,3.52841057997859e-14,"0","AGPAT4"
1.61185918093387e-18,0.88551767829135,0.307,0.208,4.09202690263682e-14,"0","MARCH3"
4.19549886892197e-18,0.616987789611668,0.479,0.39,1.06511129785322e-13,"0","DIP2C"
9.42298337172429e-18,0.861220387955684,0.326,0.232,2.39221278857965e-13,"0","LETMD1"
2.02800733992789e-17,0.813456803432731,0.337,0.242,5.14850223387493e-13,"0","VWA5A"
3.0211963982803e-17,0.522772733072933,0.516,0.441,7.6699112963142e-13,"0","RPL34P34"
3.18002122817816e-17,0.669153109646969,0.427,0.337,8.07311989197589e-13,"0","ARL5B"
4.35855983771239e-17,0.612907604109526,0.438,0.342,1.10650758600004e-12,"0","MSI2"
5.04162377684413e-17,0.974300083046922,0.267,0.175,1.27991702822742e-12,"0","PART1"
7.68560276902962e-17,0.948914587583787,0.273,0.182,1.95114397497355e-12,"0","CYP27A1"
7.94238094990957e-17,0.753052338943938,0.348,0.252,2.01633225175354e-12,"0","FLCN"
9.4635830934134e-17,0.651165387662495,0.436,0.343,2.40251983992486e-12,"0","PLTP"
1.00294412704969e-16,0.939011695532464,0.263,0.17,2.54617425534105e-12,"0","GAP43"
1.31496047831924e-16,0.833251899420387,0.292,0.197,3.33829016630905e-12,"0","DGKI"
2.22057189219086e-16,0.756514312871753,0.336,0.241,5.63736586270494e-12,"0","ZNF331"
2.44497665286449e-16,0.658022264906484,0.355,0.253,6.20706222862709e-12,"0","DDIT4"
2.74411759835924e-16,0.775894798367689,0.359,0.268,6.9664913469546e-12,"0","DPT"
7.06717650410205e-16,0.520854822864741,0.53,0.465,1.79414409909639e-11,"0","ABHD14B"
8.33505426695196e-16,0.509688167852386,0.426,0.318,2.11602022675109e-11,"0","MAOB"
1.11827293676144e-15,0.570166161350335,0.465,0.384,2.83895950455626e-11,"0","INF2"
1.29538995087411e-15,0.522350381319145,0.556,0.468,3.28860646828409e-11,"0","PENK"
1.9305299729213e-15,0.545479708760149,0.461,0.383,4.90103644225532e-11,"0","RPS15AP11"
2.38213778057978e-15,0.729302031725675,0.34,0.248,6.04753318355788e-11,"0","PLEKHA5"
2.73601844569844e-15,0.810054799912404,0.307,0.218,6.94593002809462e-11,"0","LIMCH1"
3.61990685455666e-15,0.80916727039012,0.313,0.225,9.18985753166298e-11,"0","PDLIM3"
6.28619659178673e-15,0.885913180556384,0.262,0.177,1.5958767287569e-10,"0","AC004656.1"
7.37383062302329e-15,0.602603436976311,0.417,0.326,1.87199438026692e-10,"0","AC097534.2"
1.18746043764894e-14,0.686546866951772,0.39,0.308,3.01460581305937e-10,"0","CLIP3"
1.21775224576638e-14,0.518147099339611,0.48,0.406,3.09150762632712e-10,"0","COL4A3BP"
1.33117371084531e-14,0.641002551440729,0.394,0.307,3.37945069972299e-10,"0","APOL3"
1.39030253235588e-14,0.86227063340261,0.278,0.19,3.52956103889187e-10,"0","HIVEP1"
1.65434495204361e-14,0.741995078476006,0.304,0.217,4.19988552975312e-10,"0","GOLGA8A"
1.88182970282972e-14,0.848729438511691,0.291,0.206,4.77740106657382e-10,"0","STMN3"
2.04321814887549e-14,0.880798178257117,0.301,0.217,5.18711791455019e-10,"0","LRRC15"
3.00027044198734e-14,0.788813782280647,0.262,0.175,7.61678657107326e-10,"0","AQP1"
3.65487702565787e-14,0.869608731666797,0.262,0.179,9.27863630503762e-10,"0","CBLN3"
5.10127022242717e-14,0.56056729422663,0.445,0.356,1.29505947136759e-09,"0","WTAPP1"
5.95489533911015e-14,0.51754000822078,0.469,0.39,1.51176927973989e-09,"0","RELB"
7.81160268781035e-14,0.517093402660689,0.488,0.423,1.98313157435441e-09,"0","SNAPC3"
9.13046760037154e-14,0.745312840624221,0.353,0.273,2.31795180970632e-09,"0","DGKD"
1.53101257137112e-13,0.540018308100343,0.451,0.374,3.88678161493985e-09,"0","BCL9L"
1.85662519424619e-13,0.747074838686635,0.274,0.191,4.7134143806328e-09,"0","ZBTB10"
1.89846923007486e-13,0.53487861462583,0.295,0.199,4.81964383439104e-09,"0","IGFBP2"
2.39292045633655e-13,0.71739879300855,0.328,0.243,6.07490716250159e-09,"0","FIBIN"
2.62374430585593e-13,0.589459886812753,0.377,0.294,6.66089966927645e-09,"0","ORAI3"
2.9423273097894e-13,0.612655082370647,0.396,0.321,7.46968634136235e-09,"0","C1RL"
3.01299104412447e-13,0.71252284412849,0.322,0.24,7.64908036371879e-09,"0","NCK1"
3.46255410232576e-13,0.62279354800117,0.376,0.291,8.79038609957441e-09,"0","RAB20"
3.54369229332713e-13,0.746676423122787,0.344,0.261,8.99637162506957e-09,"0","ADAMTS4"
4.66094521373983e-13,0.766454825200351,0.305,0.224,1.18327416141213e-08,"0","SLC7A8"
4.87690383491426e-13,0.542114773594905,0.42,0.341,1.23809957656968e-08,"0","FAM219A"
5.30280325722498e-13,0.655097186426141,0.353,0.273,1.34622266291171e-08,"0","SNED1"
6.02490276636913e-13,0.509177609746271,0.466,0.398,1.52954206529813e-08,"0","GAA"
7.97433705754581e-13,0.627164325396178,0.366,0.287,2.02444494879916e-08,"0","PFKFB4"
8.42335126489793e-13,0.536658176028588,0.426,0.348,2.13843618561964e-08,"0","C3orf58"
8.53444793637774e-13,0.540035973931748,0.439,0.365,2.16664029760822e-08,"0","MYO1D"
1.19440162916014e-12,0.827204635591048,0.259,0.182,3.03222741594884e-08,"0","LNX1"
1.26650694358459e-12,0.669682412439025,0.334,0.254,3.2152811776782e-08,"0","ABHD4"
1.85722651609513e-12,0.529870543340795,0.442,0.369,4.71494095641072e-08,"0","ZNF385A"
1.88280227111898e-12,0.547453316558796,0.433,0.364,4.77987012568977e-08,"0","SOCS2"
2.20830967742384e-12,0.55474008608343,0.41,0.332,5.6062357780759e-08,"0","ALDH2"
3.72103564938401e-12,0.607971140232099,0.36,0.284,9.44659320309118e-08,"0","VPS13C"
4.97185467769746e-12,0.760155889559303,0.253,0.174,1.26220474702705e-07,"0","C2CD4A"
5.23775652276816e-12,0.596582244337029,0.358,0.277,1.32970924843515e-07,"0","OLFML3"
7.68513887113574e-12,0.623846940353635,0.378,0.307,1.95102620521523e-07,"0","SPECC1"
7.71611984516521e-12,0.640020389448728,0.373,0.308,1.95889134509209e-07,"0","PTPRG"
1.62130329507177e-11,0.794147668385978,0.252,0.179,4.11600267519869e-07,"0","STARD10"
1.6439248655931e-11,0.747514293445449,0.285,0.212,4.1734320562812e-07,"0","CRYBB2P1"
1.69440033586367e-11,0.631329787515859,0.347,0.274,4.3015741326571e-07,"0","LINC00963"
3.88949596497319e-11,0.512275183213142,0.389,0.315,9.87426340627743e-07,"0","CDKN1B"
5.3425287560183e-11,0.546626735728766,0.4,0.335,1.35630777529037e-06,"0","SNHG7"
5.70234411594706e-11,0.671611569947601,0.293,0.218,1.44765410071548e-06,"0","RASD1"
1.58993876698677e-10,0.769366206128943,0.275,0.208,4.03637754774932e-06,"0","LSS"
2.974254685537e-10,0.513161588889188,0.361,0.289,7.55074037017279e-06,"0","ANKRD10"
3.06354937081451e-10,0.769189511970511,0.253,0.185,7.7774327876868e-06,"0","CCDC18-AS1"
3.28935608026977e-10,0.508378553677002,0.421,0.365,8.35068828098086e-06,"0","AC099336.2"
3.51569839768988e-10,0.704680105724633,0.311,0.246,8.9253035222153e-06,"0","DYNC2H1"
4.13276941866956e-10,0.543350855023135,0.404,0.344,1.04918617231764e-05,"0","SLC9B2"
4.96651349942579e-10,0.729433412492036,0.291,0.218,1.26084878209923e-05,"0","RGS16"
1.0804816848218e-09,0.743134234766683,0.276,0.212,2.7430188532571e-05,"0","GAS7"
1.37376532698974e-09,0.507148340261518,0.389,0.325,3.48757803562884e-05,"0","JHDM1D-AS1"
1.72174290215592e-09,0.563384190332814,0.371,0.312,4.37098870570324e-05,"0","SCRN1"
1.73551996323614e-09,0.542243681016845,0.381,0.319,4.40596453066759e-05,"0","SOX5"
1.90169121004647e-09,0.598760989424354,0.277,0.207,4.82782347494498e-05,"0","COL18A1"
2.60722618898401e-09,0.55492164507149,0.372,0.315,6.61896512597371e-05,"0","HELZ"
3.78516558344591e-09,0.593482491108997,0.317,0.253,9.60939986669413e-05,"0","SNHG19"
5.20094122983983e-09,0.57542739993882,0.315,0.249,0.000132036295001944,"0","CA5B"
6.27075459430617e-09,0.530407905325968,0.407,0.357,0.000159195646885651,"0","TIPARP"
8.18137631892153e-09,0.515725535749367,0.365,0.305,0.000207700600608461,"0","NOP53"
1.05711073577256e-08,0.533596756418356,0.367,0.309,0.000268368702490579,"0","OGFRL1"
1.34173838498826e-08,0.689155838589619,0.258,0.2,0.000340627123796969,"0","RMND1"
1.65922537324661e-08,0.633743622573859,0.291,0.228,0.000421227545506117,"0","NPHP3"
1.88094582938201e-08,0.544405062557152,0.294,0.231,0.000477515717705212,"0","NFKBIE"
2.74770990402781e-08,0.524990915357776,0.363,0.303,0.000697561113335539,"0","MAP1LC3A"
6.4805970974651e-08,0.537581397688359,0.353,0.305,0.00164522918513346,"0","NNT-AS1"
6.67867773625194e-08,0.513456395800438,0.363,0.314,0.00169551591690228,"0","RPS15AP1"
1.1818924787405e-07,0.595941324724509,0.288,0.234,0.0030004704357785,"0","ZHX2"
1.53158483921624e-07,0.643464715522724,0.266,0.21,0.00388823443131828,"0","CPED1"
1.60467247378958e-07,0.541847464566983,0.299,0.241,0.0040737820092096,"0","HAPLN3"
1.99999798937903e-07,0.510254377261909,0.365,0.319,0.00507739489563653,"0","ZFX"
2.13940129804753e-07,0.502074709539309,0.305,0.245,0.00543129807535327,"0","OASL"
2.22410692763058e-07,0.542628331081988,0.305,0.249,0.00564634025717576,"0","KLHL24"
2.93045485212668e-07,0.522944076400781,0.3,0.246,0.00743954573309401,"0","PRKAB2"
3.13394897066547e-07,0.628102309427769,0.264,0.211,0.00795615625182842,"0","H1FX"
4.02243976069863e-07,0.660716642736474,0.254,0.202,0.0102117678204856,"0","HDAC4"
4.78761511446892e-07,0.597213616376632,0.3,0.252,0.0121543184911023,"0","PDK3"
6.69016063637228e-07,0.585236518713412,0.296,0.249,0.0169843108075583,"0","CALHM2"
7.50751087989882e-07,0.541123201899709,0.283,0.231,0.0190593178707991,"0","DDX60"
8.04868576054028e-07,0.54099518001884,0.31,0.259,0.0204331985402836,"0","PDK1"
1.30755431131722e-06,0.570862551035839,0.285,0.235,0.0331948813014103,"0","ABHD17C"
1.80042882492732e-06,0.540177092138223,0.308,0.263,0.0457074865784299,"0","FAM8A1"
2.11103882085885e-06,0.583523441586141,0.296,0.252,0.0535929425451437,"0","SLC25A23"
3.15475666276332e-06,0.589394981888717,0.264,0.217,0.0800898073975724,"0","IL15RA"
3.8012583142711e-06,0.600520288282036,0.273,0.228,0.0965025448244005,"0","PTPRM"
3.85261602487057e-06,0.519184513269693,0.31,0.265,0.097806363023389,"0","SLC22A17"
4.3445785466871e-06,0.525439770696082,0.31,0.266,0.110295815564745,"0","ANKZF1"
4.53379100751865e-06,0.61921087317799,0.267,0.225,0.115099352307876,"0","SIRT2"
4.71055061321617e-06,0.526919439020535,0.287,0.241,0.119586748417719,"0","ING4"
7.60921033564351e-06,0.507091475878199,0.308,0.269,0.193175022790982,"0","CCNG1"
9.22141892344659e-06,0.581736827074402,0.263,0.222,0.234104162209539,"0","FGD5"
1.08497290514167e-05,0.540795729596482,0.278,0.235,0.275442071428315,"0","ARSA"
3.43318281845136e-05,0.512259726547863,0.278,0.238,0.871582122120247,"0","PLEKHA2"
3.80956369888873e-05,0.534748529065514,0.283,0.247,0.967133936236881,"0","DNM1"
8.28037018386572e-05,0.519733395175623,0.279,0.246,1,"0","AHSA2"
8.93392254361091e-05,0.529847280911041,0.252,0.213,1,"0","GSTM4"
9.63470793441414e-05,0.512037377470437,0.261,0.226,1,"0","LEPR"
0.000240181377883514,0.512072135744637,0.291,0.265,1,"0","ZNF280D"
0.000473213187345066,0.517898906435966,0.259,0.23,1,"0","ZNF226"
1.48651996426223e-177,0.648116645129198,1,0.953,3.77382823327253e-173,"1","CHI3L1"
9.45324231690081e-163,1.08060216280985,0.91,0.602,2.39989462699161e-158,"1","PCOLCE2"
4.51700621395012e-137,0.50198922604168,0.998,0.945,1.14673236753552e-132,"1","LUM"
7.4080211545631e-132,0.842990100746866,0.929,0.738,1.88067433050893e-127,"1","LOX"
1.97965070974862e-124,2.37515951230596,0.388,0.103,5.02573925683881e-120,"1","SMOC2"
1.39994533107155e-121,1.40599072998536,0.695,0.342,3.55404121199134e-117,"1","C2orf40"
3.99317165141179e-116,1.22884855090316,0.785,0.484,1.01374648714391e-111,"1","GALNT15"
7.26629328851514e-107,1.15553867429513,0.768,0.467,1.84469387715534e-102,"1","CDON"
3.0464251445813e-101,0.737182866602167,0.936,0.786,7.73395951454855e-97,"1","CHI3L2"
2.70256594138827e-99,0.923343514396335,0.872,0.605,6.86100415540241e-95,"1","CP"
3.60143111723312e-97,0.73357966994717,0.908,0.726,9.14295317731973e-93,"1","IGFBP6"
4.83221377481906e-97,1.27952352934698,0.682,0.379,1.22675411101331e-92,"1","SCRG1"
5.34863701654015e-97,0.903520568772386,0.832,0.574,1.35785847938905e-92,"1","ITM2C"
1.25060941521337e-89,1.03195266652044,0.758,0.486,3.17492212240217e-85,"1","RETREG1"
7.53602401438673e-89,0.772777747421707,0.909,0.773,1.91317041653236e-84,"1","HMOX1"
9.78444843266365e-89,1.53941988668165,0.515,0.222,2.48397792360032e-84,"1","OGN"
8.10561461405662e-88,0.520543012377032,0.963,0.854,2.05777238207055e-83,"1","QSOX1"
1.04211376099816e-83,0.821281575877899,0.82,0.599,2.64561420504602e-79,"1","GOLM1"
8.86901922480888e-83,0.683141047693657,0.901,0.724,2.25157791060223e-78,"1","ISLR"
1.89815821920035e-81,1.51205554065372,0.501,0.221,4.81885427108394e-77,"1","FIBIN"
2.53063383071441e-80,1.26000638872335,0.615,0.328,6.42452010603467e-76,"1","P3H2"
1.44038904301309e-79,0.659137257724123,0.897,0.721,3.65671566349732e-75,"1","FOXC1"
4.63361991293883e-77,1.03086257228863,0.693,0.422,1.17633708729778e-72,"1","CLIC6"
3.10688548341082e-73,0.932566951664981,0.73,0.47,7.88745017673506e-69,"1","DKK3"
5.11858605162991e-71,1.22368082644343,0.566,0.299,1.29945544092729e-66,"1","GBP3"
2.74182552804731e-70,0.545885228137922,0.899,0.783,6.9606724680537e-66,"1","GALNT2"
9.85812841104429e-70,0.947114621285958,0.721,0.454,2.50268305971182e-65,"1","CD109"
1.8585035728691e-69,0.758039531189823,0.85,0.632,4.7181830204428e-65,"1","TNFRSF11B"
4.52975588547691e-69,0.641051708909619,0.865,0.695,1.14996912664602e-64,"1","PCYOX1"
2.21421085499232e-68,1.62549720171373,0.346,0.125,5.62121709756899e-64,"1","FGFBP2"
2.68846878438308e-68,1.51101164582136,0.423,0.178,6.82521570291333e-64,"1","GDF6"
3.24444650949181e-68,0.501420184158548,0.942,0.82,8.23667635364685e-64,"1","PDPN"
2.4743543074249e-67,0.555675966814359,0.919,0.779,6.2816432802596e-63,"1","MFGE8"
6.76275189499333e-67,0.786375024265178,0.788,0.554,1.71685982358196e-62,"1","NRN1"
1.82588141481024e-66,0.527432015216145,0.91,0.785,4.63536514777877e-62,"1","C1QTNF1"
1.46725639238037e-64,1.09826580374153,0.638,0.38,3.72492380333605e-60,"1","SERPINA1"
4.4907710050586e-64,0.907960388755832,0.703,0.45,1.14007203505423e-59,"1","GMDS"
4.44782788825742e-63,0.586556229167644,0.891,0.7,1.12917006599191e-58,"1","SRGN"
3.34061004689974e-62,1.25224531834519,0.502,0.248,8.48080672606437e-58,"1","HAPLN1"
3.69630044311383e-62,0.689488482539551,0.842,0.647,9.38379793493309e-58,"1","LTBP2"
8.35028477820673e-62,0.589426725864147,0.889,0.746,2.11988679664334e-57,"1","PRELP"
1.55021621443816e-60,0.568221474327644,0.889,0.726,3.93553390359416e-56,"1","ANKH"
7.50625787607075e-60,1.11212272259955,0.554,0.304,1.90561368699808e-55,"1","PRUNE2"
2.656262060263e-59,0.538018213458659,0.9,0.742,6.74345249238967e-55,"1","FAM20C"
2.93050441896881e-57,0.961000023333896,0.637,0.399,7.43967156843611e-53,"1","MEF2A"
3.74141841944974e-56,0.817474666008063,0.711,0.486,9.49833894145706e-52,"1","GPX3"
6.77327483324812e-56,0.724390742962382,0.786,0.587,1.7195312819167e-51,"1","SEMA3C"
1.48040492475647e-55,0.705834706247895,0.78,0.569,3.75830398247926e-51,"1","EDIL3"
2.217231204277e-55,0.712883680627449,0.784,0.624,5.62888485829802e-51,"1","SIX1"
7.87987030688827e-55,0.808182490423208,0.702,0.476,2.00046267480973e-50,"1","ASS1"
2.34985799428685e-54,0.737938922122694,0.802,0.646,5.96558449009603e-50,"1","CEMIP"
8.92496321010988e-52,0.592111344224047,0.832,0.678,2.26578041015059e-47,"1","PSD3"
7.8349867759787e-51,1.18247117170019,0.455,0.234,1.98906809281771e-46,"1","ITPR1"
9.587646295612e-51,0.55395098535886,0.902,0.709,2.43401576506702e-46,"1","FBLN1"
3.07473009880557e-50,0.628701077907431,0.8,0.593,7.80581730183769e-46,"1","CAPG"
4.64925638136741e-47,0.606915155270634,0.82,0.653,1.18030671753775e-42,"1","ACKR3"
8.39768970537893e-47,0.644362639633046,0.85,0.705,2.13192148550455e-42,"1","COMP"
1.27542878992958e-46,0.874712306724472,0.639,0.441,3.23793106899422e-42,"1","SOX9"
1.82269992733432e-46,1.82515578095306,0.278,0.113,4.62728830552365e-42,"1","FGF1"
4.35067966721723e-46,0.66180958332879,0.746,0.568,1.10450704711644e-41,"1","CYBRD1"
4.62818441078009e-46,0.549548802036565,0.861,0.669,1.17495717636474e-41,"1","SMOC1"
2.45801873725165e-45,1.09794258647412,0.467,0.259,6.24017216826076e-41,"1","SNED1"
1.07047761711611e-44,1.35353312086627,0.334,0.15,2.71762152657268e-40,"1","PLXNA4"
2.8207700167835e-43,0.778136747877215,0.639,0.431,7.16108884160827e-39,"1","PLXDC2"
3.88704237642789e-43,0.653735509993846,0.732,0.551,9.86803448103747e-39,"1","FCGRT"
8.68040535755981e-43,0.589655384392334,0.812,0.65,2.20369450812371e-38,"1","C10orf10"
2.61804003408974e-42,0.854681588237585,0.62,0.415,6.64641823454361e-38,"1","FZD8"
8.88459828424672e-42,0.62255966006614,0.778,0.629,2.25553296642171e-37,"1","FAM46A"
1.38155379412559e-40,1.06386507823929,0.426,0.226,3.50735061714663e-36,"1","ANGPTL5"
1.51220922456906e-40,0.545407699411004,0.816,0.656,3.83904555841347e-36,"1","SCARA3"
8.87267025047856e-40,0.682380882171076,0.68,0.458,2.25250479648899e-35,"1","EGLN3"
2.029892144941e-39,0.640514528259749,0.714,0.536,5.15328718836171e-35,"1","PTGER2"
9.76963637652065e-39,0.784566501021073,0.612,0.416,2.4802175869073e-34,"1","TMTC1"
1.439709221556e-38,1.10064225606535,0.439,0.247,3.6549898007642e-34,"1","SLPI"
2.53316692898261e-38,0.600776685258784,0.769,0.586,6.43095088260816e-34,"1","SYNPO"
3.08813162789143e-38,0.899712637604278,0.464,0.263,7.83983976372797e-34,"1","SKAP2"
4.2835328230557e-37,0.557259991007136,0.776,0.627,1.08746047778915e-32,"1","LHFPL2"
7.75869028644341e-36,0.946034396864074,0.446,0.258,1.96969870301939e-31,"1","GPC6"
1.01870093374006e-35,0.880105889107261,0.522,0.326,2.58617606048589e-31,"1","NDP"
9.55752970298652e-35,1.00510312624264,0.391,0.209,2.42637006569719e-30,"1","LIMCH1"
8.77635675763344e-34,1.16251162340296,0.324,0.161,2.2280536900604e-29,"1","SBSN"
1.13520781014578e-33,0.851996159622603,0.484,0.299,2.88195206761709e-29,"1","STEAP3"
1.25746933451698e-33,0.876258175461853,0.499,0.312,3.19233739953826e-29,"1","MAOB"
8.27298456842168e-33,0.945308829229242,0.415,0.236,2.10026259238521e-28,"1","CAMK1D"
1.07482982546744e-32,0.75553840323172,0.541,0.353,2.7286704779142e-28,"1","MYO1D"
2.04653280432103e-32,0.589144485334094,0.691,0.524,5.19553283032979e-28,"1","FGFRL1"
7.01394924277087e-32,0.701557478450152,0.607,0.43,1.78063129426224e-27,"1","ABCA1"
1.2403180601762e-31,0.79673912152893,0.537,0.365,3.14879545936932e-27,"1","PLK2"
6.25522890418177e-31,1.31438252376502,0.251,0.114,1.58801496190463e-26,"1","TCEAL2"
7.99515447152346e-31,0.648370538834365,0.672,0.512,2.02972986568566e-26,"1","RBP4"
8.77326562256877e-31,0.587469211997411,0.746,0.62,2.22726894360153e-26,"1","AK3"
9.78117744718903e-31,0.708358693035546,0.62,0.46,2.48314751851788e-26,"1","SLC39A8"
1.69947190233776e-30,0.645439333565413,0.629,0.454,4.31444931846486e-26,"1","AL365357.1"
2.88366612790089e-29,0.615298639268578,0.664,0.498,7.320763198902e-25,"1","COL8A1"
7.97772631853014e-29,0.955179963695703,0.336,0.179,2.02530538048525e-24,"1","ECM2"
1.44153504977505e-28,0.581473971711526,0.683,0.524,3.65962503086392e-24,"1","DPYSL3"
1.49667282176281e-28,0.524040713200888,0.763,0.648,3.79960329260924e-24,"1","BDKRB2"
1.85354013904019e-28,1.0426837777937,0.33,0.178,4.70558235098134e-24,"1","ERAP2"
4.14048700298778e-28,0.717505972669452,0.521,0.343,1.05114543544851e-23,"1","ACAN"
5.0807677572713e-28,0.715731801869148,0.555,0.396,1.28985451053847e-23,"1","PLAC9"
6.98096692174852e-28,0.658955719800237,0.628,0.47,1.7722580724243e-23,"1","RBM43"
2.03309425124318e-27,0.863361060023125,0.385,0.222,5.16141637563107e-23,"1","ABHD17C"
5.30260339860431e-27,1.00843966050429,0.288,0.146,1.34617192480368e-22,"1","PROS1"
6.24981459791614e-27,0.501166298432377,0.734,0.591,1.58664043197297e-22,"1","C1GALT1"
6.68008368067533e-27,0.581887195302823,0.65,0.495,1.69587284401305e-22,"1","VASN"
8.73004001766772e-27,0.907007753584807,0.387,0.23,2.2162952592853e-22,"1","MN1"
1.21829034704939e-26,0.556563179043735,0.661,0.498,3.09287370405429e-22,"1","GBP2"
1.71450374407487e-26,0.647981649256281,0.673,0.548,4.35261065508287e-22,"1","SLC5A3"
2.30722589921106e-26,0.797063202695362,0.467,0.302,5.85735439032713e-22,"1","DDIT4L"
1.30467629108081e-25,0.589584139040792,0.669,0.533,3.31218170016684e-21,"1","ADAMTS5"
2.38507869215231e-25,0.70543666794058,0.479,0.31,6.05499927576706e-21,"1","CADM1"
2.97204323924477e-25,0.582524244211002,0.638,0.48,7.5451261714707e-21,"1","SASH1"
3.35472145292096e-25,0.806028724193574,0.395,0.238,8.51663135253043e-21,"1","BOC"
1.11226505269993e-24,1.21227195654344,0.26,0.135,2.82370728928932e-20,"1","AL139220.2"
2.60114787861279e-24,0.634434238650904,0.602,0.462,6.60353411943429e-20,"1","C11orf96"
5.22489787320383e-24,0.506276129074138,0.721,0.604,1.32644482307025e-19,"1","MAFB"
7.43152148384728e-24,1.04950683027072,0.268,0.14,1.88664035910431e-19,"1","CCL28"
7.83771906113713e-24,0.912838036712792,0.324,0.185,1.98976173805088e-19,"1","SLC35E2B"
1.00833053805732e-23,0.929829919050958,0.341,0.199,2.55984873696611e-19,"1","ZNF521"
1.35438290721451e-23,0.503835827101089,0.667,0.523,3.43837188654548e-19,"1","TMEM98"
1.93115920662721e-23,0.644282938048217,0.543,0.392,4.9026338778645e-19,"1","FKBP7"
1.93673249367039e-23,0.825320727774567,0.436,0.289,4.91678278168102e-19,"1","KANK1"
3.46715595857372e-23,0.640268801292559,0.559,0.407,8.8020688320311e-19,"1","HSD3B7"
7.11865595260008e-23,0.815365220030194,0.386,0.239,1.80721318668658e-18,"1","MAN2B2"
7.84709688527951e-23,0.97572653755672,0.311,0.178,1.99214248626591e-18,"1","LNX1"
4.70675960902876e-22,0.654003277052395,0.488,0.334,1.19490506194413e-17,"1","PALMD"
8.43292206825577e-22,0.785495369508361,0.354,0.214,2.14086592546809e-17,"1","XG"
1.40578819767378e-21,0.936135813666659,0.368,0.234,3.56887449743443e-17,"1","PRDM1"
1.4398778788689e-21,0.894269124071746,0.308,0.176,3.65541797108448e-17,"1","TCAF2"
1.82240793410458e-21,0.825529841394044,0.357,0.22,4.6265470223113e-17,"1","SLC7A8"
3.10650569010268e-21,0.613664400603873,0.575,0.44,7.88648599546368e-17,"1","HERC4"
6.73516438766572e-21,0.693747902470087,0.45,0.303,1.7098561830967e-16,"1","APOL3"
2.24531681974949e-20,0.879239106987518,0.312,0.184,5.70018581029803e-16,"1","TCEA3"
5.14707670124187e-20,0.717176295674018,0.42,0.281,1.30668836214427e-15,"1","CDO1"
5.7962254460799e-20,0.620644560560446,0.492,0.347,1.4714877539963e-15,"1","SIK2"
1.18554888532899e-19,0.804799859354506,0.309,0.182,3.00975295518472e-15,"1","PDGFRL"
1.22375311513115e-19,0.691235856843069,0.501,0.367,3.10674203338345e-15,"1","AL355607.2"
2.09362238467506e-19,0.521779901114686,0.621,0.488,5.31507914797458e-15,"1","SLC6A6"
2.10830591312834e-19,0.887380395592078,0.289,0.167,5.35235622165891e-15,"1","SLC26A11"
2.61612959301546e-19,0.695456400633058,0.425,0.291,6.64156819778835e-15,"1","ORAI3"
2.65500210599028e-19,0.844601076815468,0.289,0.166,6.74025384647752e-15,"1","FNDC4"
3.1324403222707e-19,0.574361914417526,0.567,0.435,7.95232624614863e-15,"1","NEGR1"
5.30885580850843e-19,0.586221153868719,0.524,0.387,1.34775922410604e-14,"1","ENPP1"
6.5256806917359e-19,0.789402525725015,0.354,0.225,1.65667455721099e-14,"1","RGL1"
1.72087185653792e-18,0.929777690257519,0.278,0.163,4.36877738219282e-14,"1","MELTF"
1.7939128639615e-18,0.793460565515887,0.371,0.243,4.55420658773905e-14,"1","CA5B"
1.90858289611972e-18,0.600224474686234,0.483,0.342,4.84531939837914e-14,"1","GPRC5A"
2.19713776165568e-18,0.521265172914524,0.554,0.408,5.57787363551528e-14,"1","MIR210HG"
2.20525973431579e-18,0.540476139610393,0.615,0.492,5.5984928875075e-14,"1","MXRA5"
2.75362402518743e-18,0.509305979302672,0.582,0.445,6.99062531274332e-14,"1","HEXB"
4.80707856849877e-18,0.79725821135201,0.269,0.152,1.22037303618478e-13,"1","BARX2"
1.16774806160103e-17,0.873646025444169,0.3,0.186,2.96456200398653e-13,"1","CRYZ"
1.19419598637228e-17,0.612132480886193,0.462,0.335,3.0317053506033e-13,"1","SUMF1"
1.29854925644761e-17,0.843227811778005,0.297,0.182,3.29662699734354e-13,"1","AGA"
1.39210238670336e-17,0.529779721266046,0.548,0.416,3.53413032912383e-13,"1","PRCP"
3.81237083071325e-17,0.56673317020662,0.499,0.365,9.67846582793172e-13,"1","TGFBR2"
6.5632701891095e-17,0.662569496199112,0.419,0.292,1.66621740290923e-12,"1","ARHGAP29"
1.41158502103573e-16,0.56879071866335,0.5,0.371,3.5835908929034e-12,"1","CTSA"
2.61955200612472e-16,0.538990610253586,0.561,0.445,6.65025667794882e-12,"1","CFH"
3.74439028248697e-16,0.698203877434092,0.357,0.235,9.50588361014967e-12,"1","PRKCA"
3.89808767520406e-16,0.580803531783566,0.453,0.325,9.89607518104056e-12,"1","AC097534.2"
4.04630738511477e-16,0.528187967664068,0.595,0.485,1.02723605585909e-11,"1","CRISPLD2"
6.26882192408294e-16,0.693671707130617,0.339,0.221,1.59146582186694e-11,"1","GALNT18"
6.44505739363655e-16,1.02731740719323,0.276,0.172,1.63620672052251e-11,"1","STS"
8.19906685930951e-16,0.555129099390074,0.448,0.325,2.08149710357291e-11,"1","CCPG1"
1.26021503917211e-15,0.687884911724655,0.368,0.249,3.19930791994623e-11,"1","JAK2"
1.30339652213656e-15,0.59680929930261,0.349,0.225,3.3089327507481e-11,"1","LUCAT1"
1.45721071632981e-15,0.529529856675267,0.487,0.362,3.69942084554648e-11,"1","SGCE"
2.05763044061914e-15,0.739906517810527,0.354,0.24,5.2237063995998e-11,"1","TM7SF3"
5.56663458936316e-15,0.849678240362948,0.27,0.167,1.41320152320163e-10,"1","HSPB7"
5.93276669153294e-15,0.757654450667028,0.278,0.17,1.50615147997947e-10,"1","SLC16A4"
7.56851155894018e-15,0.594219623729144,0.461,0.343,1.92141802946814e-10,"1","MSI2"
7.72088629100138e-15,0.677846479054059,0.378,0.261,1.96010140269652e-10,"1","OLFM1"
8.92820654813918e-15,0.511279979781113,0.535,0.427,2.26660379637609e-10,"1","ALDH3A2"
1.23734506895139e-14,0.700223028956022,0.291,0.184,3.14124792654689e-10,"1","ANG"
1.3268356447158e-14,0.781900710202938,0.289,0.183,3.36843765123999e-10,"1","WFDC21P"
1.80069157747424e-14,0.768194257775076,0.277,0.172,4.57141570773384e-10,"1","GBP1P1"
5.39011252851066e-14,0.675795090029494,0.334,0.226,1.368387867613e-09,"1","HACD4"
5.66533432879086e-14,0.639771558205646,0.402,0.293,1.43825842605013e-09,"1","ARL10"
6.64415253010012e-14,0.567948160597178,0.418,0.303,1.68675100281652e-09,"1","CSPG4"
6.94625953706601e-14,0.537922644526515,0.461,0.346,1.76344690867495e-09,"1","ZNF385D"
7.61945986439008e-14,0.554502655428399,0.444,0.33,1.93435227577271e-09,"1","ALDH2"
8.31617970563768e-14,0.637224282890051,0.401,0.292,2.11122854187024e-09,"1","SLC17A5"
1.17955873864784e-13,0.512816376029713,0.466,0.346,2.99454576980528e-09,"1","C3orf58"
1.19498572480219e-13,0.535431595538263,0.439,0.321,3.03371025955532e-09,"1","JHDM1D-AS1"
1.78190984938947e-13,0.682865211323396,0.298,0.193,4.52373453464504e-09,"1","PTPRU"
2.35746948639313e-13,0.567757137917285,0.385,0.27,5.98490778510624e-09,"1","GULP1"
2.50929496150971e-13,0.528011975247346,0.598,0.505,6.3703471187847e-09,"1","ADAMTS1"
2.67332089929803e-13,0.560746119562326,0.427,0.315,6.78675976704791e-09,"1","AIG1"
3.40492012946878e-13,0.50643735821786,0.465,0.351,8.6440707326824e-09,"1","BDH2"
4.09536839959681e-13,0.584598094015143,0.562,0.47,1.03969117560564e-08,"1","PTX3"
5.26825147485325e-13,0.625019665673628,0.348,0.239,1.33745100192099e-08,"1","GPX7"
6.06110817939763e-13,0.579955778392901,0.367,0.258,1.53873353350368e-08,"1","ALDH6A1"
6.54660839455563e-13,0.537342908590075,0.487,0.381,1.66198747312584e-08,"1","C1GALT1C1"
7.64241959589592e-13,0.712706710631859,0.271,0.174,1.9401810628101e-08,"1","HIST1H2BD"
7.70073997627293e-13,0.564872904193538,0.376,0.268,1.95498685777641e-08,"1","GPR68"
1.10537535282346e-12,0.663812896855372,0.337,0.235,2.80621640821291e-08,"1","MTHFR"
1.3395649512991e-12,0.531440639156184,0.48,0.384,3.40075354186302e-08,"1","PTGFRN"
1.75090939995352e-12,0.665670814991632,0.262,0.166,4.445033693662e-08,"1","RHOU"
1.80402968429557e-12,0.620486635708624,0.341,0.239,4.57989015952116e-08,"1","RPS6KA2"
2.46845059545873e-12,0.510100704449301,0.466,0.361,6.26665552669107e-08,"1","NTPCR"
3.28581752800281e-12,0.676944238727027,0.341,0.245,8.34170495834072e-08,"1","RIDA"
3.72838124376327e-12,0.580716756663513,0.352,0.251,9.46524146354181e-08,"1","VPS13A"
3.86797722953451e-12,0.595051050422722,0.335,0.232,9.81963379261927e-08,"1","SGCD"
4.17479322579868e-12,0.535081632167469,0.405,0.296,1.05985475623351e-07,"1","PYGL"
4.65422403149526e-12,0.502969940244096,0.464,0.361,1.1815678548757e-07,"1","ANXA4"
5.2211443068678e-12,0.573262259045428,0.363,0.258,1.32549190518453e-07,"1","MET"
5.83082682467168e-12,0.631449399489827,0.265,0.17,1.4802720059794e-07,"1","IQSEC2"
6.94477964081324e-12,0.51639369919762,0.406,0.297,1.76307120741326e-07,"1","DHRS3"
1.45801080707612e-11,0.554085638410079,0.404,0.3,3.70145203592416e-07,"1","SGCA"
2.04213684972095e-11,0.644806126533368,0.262,0.17,5.18437282038658e-07,"1","SVIP"
2.45078296238342e-11,0.620481380930532,0.367,0.271,6.22180270660278e-07,"1","MMP10"
2.54982645216117e-11,0.727406936823945,0.257,0.168,6.47324441410157e-07,"1","PC"
2.89455005257421e-11,0.598788025921838,0.331,0.235,7.34839421847015e-07,"1","IL17RC"
3.02049515630048e-11,0.529153751134499,0.377,0.275,7.66813105330002e-07,"1","LRP11"
3.64508114149963e-11,0.542760455836079,0.39,0.291,9.25376749392511e-07,"1","SLC35A5"
6.72581476679267e-11,0.659300990787043,0.296,0.205,1.70748259484565e-06,"1","PLCD3"
7.05042943211583e-11,0.523345565958949,0.374,0.276,1.78989251993125e-06,"1","CHCHD7"
1.02932499398637e-10,0.531404504495876,0.374,0.278,2.6131473622332e-06,"1","SLC38A6"
1.40304458610642e-10,0.533356668283044,0.322,0.224,3.56190929074837e-06,"1","FAM174A"
1.46207032807507e-10,0.639984635343287,0.258,0.169,3.71175794188417e-06,"1","BEND6"
2.77238744354967e-10,0.536582964278229,0.353,0.255,7.03826000293955e-06,"1","PDK1"
3.07059876682065e-10,0.529069403898955,0.34,0.246,7.79532908932757e-06,"1","VWA5A"
4.02919006672116e-10,0.690753322088087,0.251,0.17,1.0228904822385e-05,"1","SPAG4"
7.1023824334297e-10,0.563342522698071,0.337,0.248,1.8030818283748e-05,"1","SLC25A23"
1.31225518071024e-09,0.587520187149228,0.294,0.208,3.33142222726909e-05,"1","GSTM4"
1.53456151800675e-09,0.628931086200108,0.377,0.292,3.89579132576374e-05,"1","ZFP36L2"
1.86563739326785e-09,0.594723784943713,0.288,0.203,4.73629365028909e-05,"1","ENPP2"
1.98856802517303e-09,0.54023718765889,0.283,0.196,5.04837764550676e-05,"1","IFT80"
2.50186042236781e-09,0.661798177759846,0.278,0.196,6.35147305426515e-05,"1","HFE"
2.90587108399176e-09,0.588222692861467,0.288,0.206,7.37713492092987e-05,"1","MAB21L2"
3.5499943308192e-09,0.595634308399349,0.278,0.199,9.0123706076507e-05,"1","DHRS1"
5.13402925889188e-09,0.55150813269066,0.294,0.213,0.000130337600795488,"1","SLC19A3"
8.57996579415379e-09,0.530541450797665,0.293,0.211,0.000217819591616182,"1","LTBP3"
1.04165110611743e-08,0.581346889414721,0.309,0.228,0.000264443966310033,"1","SIX2"
1.16213869246265e-08,0.569181478271368,0.345,0.267,0.000295032149855492,"1","SLC30A1"
1.29873258686312e-08,0.511150260356498,0.377,0.292,0.000329709241826939,"1","ATP1B1"
1.59939705681145e-08,0.537263383949937,0.306,0.228,0.000406038930812722,"1","COPZ2"
1.7921009146677e-08,0.587061458553619,0.258,0.182,0.00045496065920669,"1","AC004656.1"
1.93362826286651e-08,0.565869461884279,0.25,0.175,0.00049089020709392,"1","LRIF1"
2.14971887265974e-08,0.528575847803878,0.298,0.218,0.000545749130202128,"1","THYN1"
2.28074355779554e-08,0.589594055646416,0.267,0.192,0.000579012367017554,"1","ABHD14A"
2.29360259045115e-08,0.508878559628317,0.334,0.252,0.000582276889637834,"1","CYB5R1"
4.332442419859e-08,0.580547967332179,0.274,0.201,0.0010998771571296,"1","HDAC4"
7.50892483567666e-08,0.505416449399397,0.307,0.228,0.00190629074803323,"1","WDR11"
9.54858630908059e-08,0.625036670992631,0.258,0.19,0.00242409960628629,"1","HOXA5"
1.00277184388026e-07,0.581313272836969,0.27,0.199,0.00254573688005882,"1","DYRK4"
1.05034694632116e-07,0.627820430069923,0.252,0.18,0.00266651579262553,"1","NOVA1"
1.37902405540079e-07,0.563214595429601,0.25,0.18,0.00350092836944598,"1","MR1"
3.0494139490621e-07,0.553791753481935,0.263,0.193,0.00774154719248395,"1","C17orf58"
4.57216869337137e-07,0.559690905531319,0.256,0.189,0.0116073646618619,"1","SCPEP1"
8.19772052976009e-07,0.557699627842264,0.265,0.198,0.0208115531089019,"1","SMAD6"
1.08249204366684e-06,0.593302636943851,0.298,0.232,0.02748122551257,"1","PI3"
1.15138281197515e-06,0.594464005883862,0.302,0.241,0.0292301554476132,"1","CABLES1"
1.32524874790256e-06,0.610637070130412,0.287,0.222,0.0336440899630024,"1","RASD1"
1.88239526971006e-06,0.518727776367807,0.284,0.217,0.0477883687121293,"1","WISP2"
1.30600383205055e-264,2.10770477903072,0.825,0.311,3.31555192842674e-260,"2","GAS1"
1.88062529561371e-260,2.98293742903347,0.523,0.09,4.77434343797453e-256,"2","SCG5"
5.86751485548281e-259,1.81749686573114,0.933,0.499,1.48958599636142e-254,"2","IL11"
8.68792881914039e-248,2.88749764914181,0.504,0.086,2.20560448931517e-243,"2","RAB27B"
1.95908794512914e-208,2.19139428933298,0.625,0.173,4.97353656629935e-204,"2","CDCP1"
3.2523570598254e-200,1.04775306507984,0.969,0.693,8.25675886777875e-196,"2","GFPT2"
9.1487038661438e-190,1.03200575113278,0.962,0.711,2.32258145049793e-185,"2","PHLDA1"
1.75383995610047e-186,2.15654628112408,0.648,0.223,4.45247349655228e-182,"2","DNER"
1.73686274715477e-183,1.37355717442122,0.894,0.518,4.40937345620182e-179,"2","TMEM158"
1.49756182058281e-181,3.15329265302625,0.341,0.049,3.80186019391358e-177,"2","RAB3B"
2.18473810358076e-180,2.5994039206734,0.512,0.132,5.54639462356048e-176,"2","GREM1"
2.47198662525384e-159,1.49979410597474,0.777,0.356,6.27563244553192e-155,"2","ID1"
2.64102065717784e-158,0.881719195002687,0.95,0.743,6.70475914237738e-154,"2","ANPEP"
7.87368153818637e-156,1.40371249276922,0.834,0.431,1.99889153209937e-151,"2","COL7A1"
1.99747690476204e-155,0.842000979380408,0.939,0.741,5.07099461811938e-151,"2","COTL1"
1.00140639199389e-150,0.921618192046271,0.978,0.789,2.54227040735489e-146,"2","CXCL5"
5.28602279438076e-139,1.14351070212584,0.88,0.579,1.34196260680944e-134,"2","ID3"
3.41171582257293e-134,1.54344905096437,0.673,0.284,8.66132295876589e-130,"2","IRS1"
7.82001949190578e-132,1.10154736840954,0.864,0.522,1.98526834841012e-127,"2","IRF2BPL"
1.51920716273676e-125,1.43413780289216,0.695,0.306,3.85681122403981e-121,"2","DUSP4"
4.02089983795965e-117,1.76531319826076,0.505,0.17,1.02078584186282e-112,"2","SH2B3"
5.53548922903804e-112,1.00058357256952,0.857,0.509,1.40529465057589e-107,"2","POU2F2"
2.76660905675298e-110,0.828165300922139,0.926,0.661,7.02359041237879e-106,"2","SMOC1"
2.52756230983193e-109,0.623756414890075,0.946,0.798,6.41672243597031e-105,"2","BEX3"
1.71196139279207e-103,1.68561349213752,0.502,0.184,4.34615638788124e-99,"2","CTHRC1"
9.76947806438283e-102,1.25386529597946,0.664,0.301,2.48017739620487e-97,"2","PREX1"
2.62071015431306e-99,0.855608303720441,0.898,0.69,6.65319686875457e-95,"2","ELN"
6.86100228088099e-99,2.53453687931649,0.255,0.051,1.74180264904726e-94,"2","SLC16A6"
1.73120367138201e-98,1.49401129083671,0.632,0.312,4.3950067605375e-94,"2","FST"
3.49987648510262e-95,0.551549451819164,0.954,0.839,8.88513643273002e-91,"2","MXRA7"
4.13800499308463e-95,0.741377996548235,0.9,0.672,1.0505153275944e-90,"2","PDIA4"
3.74107831700963e-94,0.550106758018468,0.963,0.855,9.49747552339235e-90,"2","QSOX1"
6.14363732776169e-94,2.11153435724764,0.306,0.076,1.55968520839886e-89,"2","ADAMTS12"
3.77752886215608e-93,1.25406323775915,0.661,0.335,9.59001252235563e-89,"2","NQO2"
8.94594323133738e-93,1.57695070525275,0.387,0.116,2.27110660813962e-88,"2","RAC2"
1.29645675461437e-92,1.77099471714572,0.466,0.177,3.29131476293949e-88,"2","PORCN"
5.26977109943631e-87,0.971751815194562,0.779,0.488,1.33783678901389e-82,"2","IVNS1ABP"
8.76941509525742e-87,1.93371510406342,0.302,0.079,2.226291410233e-82,"2","PLAT"
4.97735266756087e-86,1.62748017699691,0.393,0.127,1.26360052171368e-81,"2","VEGFC"
1.84739869820347e-85,0.675245407983358,0.937,0.742,4.68999107512914e-81,"2","FGF2"
7.20276764901481e-85,1.09609327769986,0.689,0.355,1.82856662305539e-80,"2","TGM2"
2.77994577832007e-82,1.24212907106446,0.597,0.284,7.05744834742116e-78,"2","STEAP3"
2.44268545603071e-80,1.00034642414344,0.73,0.403,6.20124556722517e-76,"2","MIDN"
1.4194593015166e-78,1.16936951328607,0.483,0.189,3.60358132876019e-74,"2","EREG"
6.3080891848461e-78,0.927907736458345,0.749,0.453,1.60143460135688e-73,"2","SOCS3"
7.70702210743143e-78,0.833865432154013,0.819,0.507,1.95658170241362e-73,"2","TFRC"
2.12093284645986e-77,0.744883004051865,0.884,0.637,5.38441221730766e-73,"2","WNT5A"
2.24098354805149e-75,0.630003566834426,0.9,0.748,5.68918493343833e-71,"2","RAB31"
3.75708420988055e-75,1.26339972614239,0.556,0.266,9.53810968362376e-71,"2","EML1"
6.8819033595993e-75,1.81586033994367,0.306,0.09,1.74710880590148e-70,"2","POPDC3"
4.2300033692286e-73,0.836551259199025,0.826,0.584,1.07387095534606e-68,"2","AKAP12"
1.5506897034941e-72,0.81996470309116,0.803,0.558,3.93673595026048e-68,"2","FHL2"
6.39258677447846e-70,0.995072799309316,0.691,0.399,1.62288600443685e-65,"2","DBN1"
2.25727852126196e-69,1.97509700674008,0.261,0.072,5.73055298192773e-65,"2","FAM155A"
3.37941488318502e-69,1.32512182470028,0.437,0.173,8.57932056394181e-65,"2","TMEM132A"
7.82042820877096e-69,1.27431814423683,0.49,0.216,1.98537210936068e-64,"2","LIMK1"
9.16647540357363e-68,0.603993534495093,0.919,0.71,2.32709311070524e-63,"2","HMGA1"
1.69184451009798e-67,1.12790597486276,0.561,0.276,4.29508565778575e-63,"2","ABRACL"
7.14789930338999e-67,0.542786933613477,0.947,0.797,1.81463719615162e-62,"2","MT1E"
9.68559011768265e-66,0.733762021720899,0.819,0.549,2.45888076317609e-61,"2","SPCS3"
2.01185328944512e-65,0.785011257996716,0.816,0.571,5.10749194591433e-61,"2","RASSF8"
2.18204527008969e-64,1.17866034466546,0.51,0.234,5.5395583271767e-60,"2","SLC9A3R2"
9.73445714158829e-63,1.2379376126248,0.508,0.245,2.47128663453502e-58,"2","IRX3"
2.51466829529879e-62,0.605765936156765,0.927,0.704,6.38398840127503e-58,"2","C15orf48"
7.36028520858591e-61,0.899590411858758,0.693,0.413,1.86855560590371e-56,"2","CDH13"
2.27206751817333e-60,0.591172398900272,0.896,0.649,5.76809780838663e-56,"2","TNFRSF12A"
2.35557888949698e-60,1.34795727115679,0.424,0.184,5.98010812676597e-56,"2","EVA1A"
2.78674143345307e-60,0.718614444628061,0.805,0.563,7.0747004771073e-56,"2","MANF"
9.03298569689163e-59,1.03974902463724,0.602,0.337,2.29320407886988e-54,"2","C12orf75"
1.66564174899989e-58,0.919990825117785,0.603,0.318,4.22856470818601e-54,"2","PALMD"
3.05210512810246e-58,1.53426433516763,0.307,0.107,7.74837928871371e-54,"2","HAS1"
1.92560817308264e-57,0.752670814706245,0.762,0.509,4.8885414690049e-53,"2","TAF13"
3.7232805955666e-57,0.94711929182009,0.638,0.374,9.45229244796494e-53,"2","PLAU"
6.50421211225499e-57,1.09483522146778,0.554,0.294,1.65122432893817e-52,"2","ZNF827"
7.56769902057659e-57,0.500381135704533,0.966,0.856,1.92121175035378e-52,"2","ACSL4"
9.55618452078141e-57,1.480587037691,0.314,0.112,2.42602856429078e-52,"2","TSHZ3"
2.86058596003582e-55,0.535392677039797,0.907,0.757,7.26216957674293e-51,"2","CCND1"
2.14329729455696e-53,1.47994307331156,0.294,0.104,5.44118884169175e-49,"2","ARHGAP18"
2.86431514363967e-53,1.08955215684471,0.573,0.345,7.27163685515802e-49,"2","HAS2"
4.87786985115338e-53,0.661220997607915,0.796,0.579,1.23834481911231e-48,"2","PDLIM7"
6.55764243150315e-53,0.561615073728174,0.88,0.699,1.66478868408571e-48,"2","MGLL"
3.07396385820486e-52,0.70775999282209,0.745,0.493,7.80387204682467e-48,"2","CDK2AP2"
1.40178820381998e-51,0.86942455847268,0.669,0.41,3.55871971303777e-47,"2","SRPX2"
1.73804285222514e-51,0.563827984131258,0.862,0.694,4.41236938894396e-47,"2","ATP2A2"
1.80140085673909e-51,0.591800812435582,0.861,0.651,4.57321635500352e-47,"2","NAMPTP1"
7.14384762910183e-50,1.48235070325547,0.303,0.116,1.81360859760008e-45,"2","LRRN3"
4.23039106352437e-49,0.919937469909321,0.534,0.29,1.07396937929693e-44,"2","IL1B"
1.68769277289254e-47,0.887924967772101,0.54,0.294,4.28454564254229e-43,"2","SDF2L1"
4.74811931147841e-47,0.536206377515852,0.877,0.673,1.20540504960502e-42,"2","GPX8"
5.38247157902903e-47,1.21886704480441,0.403,0.189,1.3664480597681e-42,"2","ATOH8"
3.68106559376429e-46,1.20954906259156,0.427,0.213,9.3451212228894e-42,"2","CRADD"
5.12931441858725e-46,0.527726266801048,0.917,0.826,1.30217905144675e-41,"2","TFPI2"
2.26868447642168e-45,0.543398566514099,0.869,0.699,5.75950928029171e-41,"2","CYR61"
4.21732521207055e-45,0.975914402180543,0.442,0.215,1.07065235158835e-40,"2","MICAL2"
1.00272603039302e-44,0.810905857816083,0.635,0.394,2.54562057335876e-40,"2","DOK1"
2.53935146311898e-44,0.809530760970429,0.639,0.401,6.44665155942014e-40,"2","CREG1"
9.40411422023849e-44,0.940503235321203,0.473,0.244,2.38742247709195e-39,"2","CCDC71L"
6.86041837387297e-43,1.08931590384095,0.38,0.174,1.74165441257513e-38,"2","TBX2"
8.47879283591576e-43,0.862556900476279,0.532,0.295,2.15251113725393e-38,"2","BCL2L1"
1.98323752543061e-41,0.6516724361565,0.763,0.555,5.03484510581068e-37,"2","ADSS"
5.7227555056233e-41,0.754408814746705,0.647,0.418,1.45283594021259e-36,"2","HPCAL1"
6.43143705676199e-41,0.680583876576129,0.723,0.498,1.63274892560017e-36,"2","MT1L"
9.51408976051128e-41,0.891707869936864,0.529,0.299,2.415341967501e-36,"2","SLC20A1"
1.14478903554149e-40,1.21624343412414,0.303,0.126,2.90627592452919e-36,"2","FAM86DP"
2.60056825687164e-40,1.19123614726527,0.346,0.16,6.60206263372004e-36,"2","STAMBPL1"
2.77562703366435e-40,0.963000527125723,0.458,0.244,7.04648435036369e-36,"2","COMMD5"
1.37729650706791e-39,0.588480209313404,0.784,0.577,3.49654264249329e-35,"2","AHR"
1.49933817533496e-39,1.07950525924616,0.37,0.174,3.80636982572287e-35,"2","STX1A"
6.02381557440245e-39,1.18874417231758,0.38,0.192,1.52926605987355e-34,"2","SLIT2"
8.95232700517888e-39,0.606563882895669,0.757,0.536,2.27272725680476e-34,"2","MTND2P28"
9.67646065176259e-39,0.99442491173151,0.426,0.222,2.45656306566297e-34,"2","STK17A"
3.64605995098563e-38,0.903968859420275,0.481,0.268,9.25625239756721e-34,"2","WLS"
4.51012078517889e-38,1.03654419334777,0.393,0.198,1.14498436373336e-33,"2","WDFY2"
4.64072883392861e-38,0.625138026683284,0.737,0.524,1.17814182906946e-33,"2","AMOTL2"
5.2354335902273e-38,0.595783939058244,0.751,0.537,1.329119525551e-33,"2","MAP7D1"
7.09833976118869e-38,1.17028936681659,0.289,0.121,1.80205551517297e-33,"2","DNAJB5"
7.70218226609247e-38,0.720359828978053,0.64,0.408,1.95535301189289e-33,"2","PITPNM1"
1.10781164263128e-37,0.68828999779642,0.581,0.347,2.81240141714803e-33,"2","SEC11C"
1.20012111941528e-37,1.06785313151325,0.37,0.181,3.04674748585957e-33,"2","IL24"
3.54976377935699e-37,1.0617165890521,0.362,0.178,9.01178530665359e-33,"2","NT5DC2"
6.29090151431151e-37,0.624538977372768,0.715,0.483,1.59707116743826e-32,"2","DDA1"
7.5535494514146e-37,0.915867340310923,0.401,0.2,1.91761959923063e-32,"2","HMGA2"
1.28921405831578e-36,0.748322655428277,0.587,0.361,3.27292772984628e-32,"2","IL4R"
1.3885510327318e-36,0.554207466102647,0.77,0.565,3.52511450679621e-32,"2","ZC3HAV1"
1.91421140229183e-36,0.695729508672844,0.656,0.443,4.85960848699828e-32,"2","ZNF281"
2.91781652438278e-36,1.27098250061916,0.255,0.103,7.40746081045057e-32,"2","ENC1"
3.54693480353335e-36,1.01213741009128,0.365,0.178,9.00460338573011e-32,"2","ORAI1"
4.0787925853239e-36,0.769588699187365,0.537,0.317,1.03548307363618e-31,"2","PTS"
5.43454879860001e-36,0.643158182610363,0.706,0.505,1.37966890350059e-31,"2","TUBA1A"
5.67387427349598e-36,0.811003808523924,0.538,0.326,1.44042646181242e-31,"2","BIN1"
6.05294781130781e-36,0.786855994860446,0.504,0.281,1.53666186085671e-31,"2","GLRX2"
8.7270373612496e-36,0.73523255807596,0.601,0.385,2.21553297490044e-31,"2","PDHB"
3.24690450572215e-35,1.05457356694839,0.346,0.167,8.24291646867681e-31,"2","PVR"
3.80741041153057e-35,0.54607074406182,0.766,0.563,9.66587281175265e-31,"2","COX17"
6.22399693471604e-35,0.941863507187584,0.303,0.133,1.58008610181636e-30,"2","FICD"
9.43924221703542e-35,0.885391694095539,0.499,0.297,2.39634042163878e-30,"2","CLCF1"
1.19727883927999e-34,0.930859137244404,0.417,0.222,3.03953178928012e-30,"2","SLC26A2"
2.07811164129773e-34,0.812338370651584,0.481,0.272,5.27570202376254e-30,"2","LINC01588"
2.87799802884843e-34,0.614736374435255,0.701,0.488,7.3063735958375e-30,"2","RARG"
3.16459406364064e-34,0.534068341405182,0.763,0.572,8.0339549493645e-30,"2","HERPUD1"
3.41527994001875e-34,1.28358964287141,0.286,0.129,8.6703711837256e-30,"2","CCL7"
3.60658225867489e-34,0.744145275671376,0.523,0.302,9.15603038009793e-30,"2","CRELD2"
3.77796044379321e-34,0.777833625502872,0.398,0.201,9.59110817865783e-30,"2","MT1F"
5.8386854017682e-34,0.8353691894572,0.47,0.265,1.48226706294689e-29,"2","RTL6"
7.18675520194879e-34,0.867522232589999,0.437,0.239,1.82450154311874e-29,"2","MID1"
1.00398720471375e-33,0.772890058986529,0.568,0.362,2.5488223166068e-29,"2","LPXN"
1.7584269347577e-33,0.809263039158842,0.463,0.256,4.46411845926937e-29,"2","GPR68"
1.87453168678708e-33,0.741482481858327,0.583,0.378,4.75887359324635e-29,"2","LSM6"
2.39156959366427e-33,1.06716394631434,0.302,0.139,6.07147772743549e-29,"2","CCBE1"
3.01226494207494e-33,0.532774317729862,0.77,0.566,7.64723700844566e-29,"2","MLEC"
3.50306282874632e-33,0.852806914401889,0.459,0.257,8.89322560333828e-29,"2","VDR"
6.61425431339001e-33,0.574819834993616,0.784,0.632,1.67916074254032e-28,"2","STC2"
8.49940344122507e-33,0.758465632208421,0.523,0.308,2.15774355162381e-28,"2","SLC38A5"
1.23520426563948e-32,0.673237780208235,0.62,0.408,3.13581306917895e-28,"2","FKBP14"
2.17973197379319e-32,0.805727046638511,0.505,0.3,5.53368556186877e-28,"2","TLE3"
2.42189212573258e-32,0.886469981063969,0.443,0.251,6.14845753959731e-28,"2","IL7R"
2.47678283558073e-32,0.578040067141121,0.717,0.52,6.2878085846888e-28,"2","S100A16"
2.94673455085421e-32,0.589553811784334,0.698,0.485,7.48087500425357e-28,"2","SRSF2"
4.63445762800164e-32,0.589217794596277,0.68,0.474,1.17654975802078e-27,"2","TXNDC15"
5.03182962329124e-32,1.26482487111613,0.261,0.116,1.27743058646495e-27,"2","NTM"
6.22524581494246e-32,0.658510917450573,0.583,0.362,1.58040315503944e-27,"2","RFLNB"
9.02012133245546e-32,0.815576495901638,0.481,0.284,2.28993820267047e-27,"2","CYB561"
1.69806504323727e-31,0.546179902493765,0.752,0.556,4.31087772526647e-27,"2","FAM3C"
8.45965673411436e-31,0.552068945482258,0.723,0.536,2.14765305508961e-26,"2","IPO5"
9.05055192432899e-31,0.903902386534588,0.407,0.226,2.2976636170294e-26,"2","SV2A"
1.71699601949237e-30,0.689379693738418,0.579,0.372,4.35893779468527e-26,"2","FAM98A"
1.74528936127157e-30,0.512949451179801,0.772,0.598,4.43076610146012e-26,"2","MACF1"
1.75606599098676e-30,0.824102182990694,0.429,0.238,4.45812473131808e-26,"2","TUBG1"
1.9385205472363e-30,0.905153636529965,0.391,0.212,4.9213221132688e-26,"2","GPR161"
1.9582000887468e-30,0.67793272399095,0.595,0.404,4.97128256530151e-26,"2","P3H4"
3.91763479302639e-30,0.578395313128338,0.682,0.476,9.94569944905611e-26,"2","SH3KBP1"
5.23744916525563e-30,1.04960293244386,0.373,0.204,1.32963121958345e-25,"2","CPM"
5.62434926067964e-30,0.706237383032062,0.538,0.335,1.42785354680874e-25,"2","GLIPR1"
2.36678547226245e-29,0.831326717490431,0.468,0.281,6.00855827843269e-25,"2","CDR2L"
3.91443720977745e-29,0.724935059325605,0.525,0.327,9.93758174446202e-25,"2","DUSP5"
4.11371721805665e-29,0.885529186512854,0.342,0.175,1.04434939014804e-24,"2","TRIM14"
5.1055978805737e-29,0.618657448571492,0.596,0.385,1.29615813394125e-24,"2","PKD2"
5.46487197063158e-29,0.856319597135335,0.471,0.29,1.38736704718424e-24,"2","PTGS1"
1.02227315903816e-28,0.854587008265261,0.472,0.292,2.59524486885017e-24,"2","ERFE"
1.34420032323392e-28,0.771371824962188,0.45,0.262,3.41252136059395e-24,"2","PTER"
3.46486148558631e-28,0.777382876943769,0.45,0.264,8.79624385345797e-24,"2","SH3BP5L"
4.95267890674538e-28,0.544002614421063,0.659,0.448,1.25733659405545e-23,"2","HNRNPAB"
5.22080258873183e-28,0.563539349286093,0.685,0.489,1.32540515320135e-23,"2","OAS1"
6.77568537621013e-28,0.746350142955093,0.45,0.261,1.72014324645847e-23,"2","SEMA4C"
8.06627551930322e-28,0.758428273251824,0.473,0.287,2.04778536608551e-23,"2","COL16A1"
1.43757777594954e-27,0.545444234639426,0.731,0.558,3.6495786998031e-23,"2","MPZL1"
3.35619627923589e-27,0.821410381592399,0.386,0.214,8.52037549409615e-23,"2","FAM214B"
3.74192932599272e-27,0.81073488427975,0.353,0.187,9.49963597989772e-23,"2","EPB41L3"
3.95406992833507e-27,0.503858183830693,0.751,0.563,1.00381973270643e-22,"2","IL1R1"
1.02660665662059e-26,0.715486662158288,0.447,0.263,2.60624631916268e-22,"2","FAH"
1.04626048741839e-26,0.566077683264545,0.659,0.48,2.65614149940907e-22,"2","KANK2"
1.29583124740487e-26,0.580696271617461,0.568,0.37,3.28972678778675e-22,"2","SLC35B1"
1.41576394978469e-26,0.6934086672058,0.484,0.298,3.5941999393184e-22,"2","CRELD1"
1.43457511544219e-26,0.702645729781495,0.496,0.307,3.64195584557309e-22,"2","FTSJ1"
1.88248178791684e-26,0.650007160564505,0.508,0.318,4.77905651498449e-22,"2","HIPK2"
2.61957054154546e-26,0.771554864832089,0.296,0.145,6.65030373382145e-22,"2","HBEGF"
3.54636406466522e-26,0.539025515690533,0.665,0.458,9.0031544509656e-22,"2","PRRC1"
4.55299262239004e-26,1.03298247646641,0.259,0.123,1.15586823704616e-21,"2","ERCC2"
9.01147800033545e-26,0.824421041181638,0.361,0.199,2.28774391994516e-21,"2","KLF16"
1.02560304267665e-25,0.546690096960255,0.609,0.403,2.60369844444321e-21,"2","SLC16A7"
1.04442893684625e-25,0.98129059095681,0.298,0.152,2.65149174197158e-21,"2","RGMB"
1.06884772257321e-25,0.595407470754279,0.57,0.369,2.7134837132966e-21,"2","ALDH3B1"
1.34780142884594e-25,0.980522395420643,0.328,0.179,3.4216634874112e-21,"2","WFDC21P"
1.65016202960392e-25,0.882866464867946,0.366,0.206,4.18926634455547e-21,"2","ITGA2"
2.39331670432425e-25,0.553493348596593,0.673,0.498,6.07591311726798e-21,"2","COL8A1"
2.66524258288549e-25,0.840367536090507,0.329,0.172,6.7662513451714e-21,"2","WFS1"
3.48430778507488e-25,0.779469997816388,0.403,0.235,8.84561217396961e-21,"2","SH3BP4"
5.49561220476613e-25,0.774535551897398,0.34,0.179,1.39517107042398e-20,"2","ABCC3"
8.88520249854861e-25,0.76040559258093,0.516,0.354,2.25568635830654e-20,"2","PGF"
1.30729275626756e-24,0.772432090007019,0.351,0.19,3.31882412033644e-20,"2","H2AFY2"
1.79524412721357e-24,0.60022917935233,0.567,0.376,4.55758626575708e-20,"2","LAMB1"
1.87724288064189e-24,0.709738427521216,0.496,0.319,4.76575650108557e-20,"2","CEP170"
1.96454979195911e-24,0.647215952742598,0.491,0.307,4.9874025568466e-20,"2","TRMT10C"
1.97969847518342e-24,0.850372200415829,0.342,0.187,5.02586051894815e-20,"2","SLC35B4"
7.24307498952611e-24,0.601203480488006,0.504,0.317,1.83879944759099e-19,"2","MTHFD2L"
7.71694692932788e-24,0.514702245264296,0.705,0.528,1.95910131694847e-19,"2","IGSF8"
1.5495872080314e-23,0.568226721636036,0.609,0.441,3.93393704502931e-19,"2","MFF"
1.95380215905945e-23,0.56298784748436,0.603,0.416,4.96011754120422e-19,"2","FURIN"
3.57791749619052e-23,0.581799950745917,0.518,0.33,9.08325914757888e-19,"2","EMG1"
3.90152873621635e-23,0.719156847527397,0.404,0.237,9.90481100263246e-19,"2","RIDA"
4.04921182425304e-23,0.574848750375758,0.523,0.341,1.02797340582312e-18,"2","GTF3C6"
4.3934509268241e-23,0.510112329643004,0.675,0.501,1.11536538679283e-18,"2","ZBTB38"
5.18546799970582e-23,0.61311144120269,0.508,0.326,1.31643476108532e-18,"2","TTYH3"
9.58853912930836e-23,0.627472229736057,0.479,0.305,2.43424242875751e-18,"2","REST"
1.12334691045897e-22,0.820313713746835,0.371,0.217,2.85184080158219e-18,"2","TWF2"
1.13179602940675e-22,0.650337880902625,0.473,0.303,2.87329057985492e-18,"2","ANTXR2"
1.16175066715796e-22,0.825124156249081,0.303,0.161,2.94933641871392e-18,"2","KLF13"
1.27430530303879e-22,0.589917868952484,0.528,0.344,3.23507887282457e-18,"2","ASAP1"
1.34796951513454e-22,0.600879384237978,0.55,0.371,3.42209020807205e-18,"2","ADI1"
3.90392070291628e-22,1.0619475293955,0.276,0.147,9.91088348849357e-18,"2","MSX1"
5.05772309929894e-22,0.628737400239022,0.457,0.285,1.28400416321902e-17,"2","PHF23"
5.29705326248665e-22,0.787749869198799,0.366,0.217,1.34476291174749e-17,"2","NEK6"
5.31667508219409e-22,0.90055144648269,0.296,0.158,1.34974430311661e-17,"2","NTN1"
7.34399033892881e-22,0.538194000302708,0.542,0.36,1.86441882734386e-17,"2","SAMD9"
7.87475108695515e-22,0.592409554173213,0.534,0.357,1.9991630584453e-17,"2","TCAF1"
1.02748983339581e-21,0.54594594124599,0.532,0.354,2.60848844004193e-17,"2","DNAJB11"
1.27281293010653e-21,0.860159393610306,0.289,0.156,3.23129018566145e-17,"2","SERINC2"
1.43923688983345e-21,0.890632746379039,0.301,0.165,3.65379069222017e-17,"2","SBSN"
1.44233014228977e-21,0.527200319709942,0.596,0.408,3.66164353223103e-17,"2","ARPC5L"
1.55851309890555e-21,0.968656668436264,0.275,0.145,3.95659720419151e-17,"2","FOXO1"
1.69754582564717e-21,0.506167299607258,0.567,0.38,4.30955958757048e-17,"2","SPRY2"
1.97028764795526e-21,0.59178557994973,0.509,0.336,5.00196925186402e-17,"2","HEG1"
2.2570706632384e-21,0.632590925272272,0.472,0.303,5.73002529276333e-17,"2","LRIG1"
3.7343086441263e-21,0.67047390126132,0.419,0.258,9.48028935484345e-17,"2","LYPLA1"
4.04508702288367e-21,0.681220213282331,0.38,0.226,1.02692624249948e-16,"2","PIK3R1"
4.52019631077208e-21,0.662302461204461,0.44,0.275,1.14754223741571e-16,"2","PPP1R14C"
6.19226859833688e-21,0.61297505988648,0.45,0.283,1.57203122905978e-16,"2","SMIM12"
1.00731356593479e-20,0.550883537622392,0.506,0.334,2.55726694983865e-16,"2","GMPPA"
1.68813558757497e-20,0.795272185274411,0.26,0.134,4.28566981617657e-16,"2","C3"
2.71381615346516e-20,0.919685432000183,0.276,0.148,6.88956506880201e-16,"2","PACSIN3"
4.28890378216614e-20,0.658916387892985,0.4,0.246,1.08882400317852e-15,"2","NCS1"
4.74249513143453e-20,0.624332256280336,0.443,0.281,1.20397723901729e-15,"2","SLC33A1"
5.237156989781e-20,0.501332638601209,0.589,0.417,1.3295570449957e-15,"2","SRP19"
5.71857585956019e-20,0.593315979221134,0.499,0.331,1.45177485346654e-15,"2","HSPB11"
5.99207376560017e-20,0.608392052015292,0.407,0.25,1.52120776687292e-15,"2","SVIL"
7.15429839632386e-20,0.778056690081263,0.394,0.252,1.81626173387474e-15,"2","CMKLR1"
1.31669374026024e-19,0.558835710000688,0.45,0.288,3.34269039839867e-15,"2","POP7"
1.72845833189936e-19,0.543602448669667,0.517,0.342,4.38803716719291e-15,"2","SRF"
2.41677556625027e-19,0.571389077311528,0.429,0.269,6.13546813003956e-15,"2","SKAP2"
3.73281530636529e-19,0.812693819754571,0.353,0.217,9.47649821826957e-15,"2","MMP13"
4.35402022367609e-19,0.635979632916651,0.463,0.307,1.10535511418465e-14,"2","SGK1"
5.55551197782534e-19,0.669629371819835,0.315,0.179,1.41037782581052e-14,"2","C12orf49"
5.91709894457136e-19,0.651062354797019,0.351,0.207,1.50217390905833e-14,"2","ARSD"
7.20635250958065e-19,0.51896706190575,0.545,0.384,1.82947671160724e-14,"2","SLC4A7"
1.37646512209162e-18,0.540430026601786,0.535,0.377,3.494432005454e-14,"2","AGFG1"
1.71814330844246e-18,0.638412805627919,0.358,0.214,4.36185041714286e-14,"2","PYGO2"
1.96995060662548e-18,0.573179185229523,0.39,0.237,5.0011136050401e-14,"2","GRB10"
2.23622515861597e-18,0.532426177725469,0.431,0.27,5.67710481017835e-14,"2","NUDT2"
2.37166448307072e-18,0.654067120065583,0.401,0.255,6.02094462317163e-14,"2","FHOD1"
3.76535137176065e-18,0.55506554882694,0.494,0.334,9.55909752748877e-14,"2","MPHOSPH6"
3.80851458485457e-18,0.614990022684209,0.426,0.279,9.6686759765703e-14,"2","TMEM70"
4.45037123394682e-18,0.599861200562999,0.373,0.226,1.12981574516208e-13,"2","MRAS"
6.01725336966506e-18,0.658698744239333,0.315,0.183,1.52760011295687e-13,"2","OSTF1"
6.53868908723923e-18,0.744632288874066,0.3,0.172,1.65997699857742e-13,"2","GAS2L1"
7.31318311576294e-18,0.672956514356617,0.273,0.15,1.85659779759874e-13,"2","ACSL1"
8.2044271499425e-18,0.729667654081097,0.314,0.183,2.0828579205559e-13,"2","GLE1"
8.58089883171923e-18,0.523956763623686,0.536,0.378,2.17843278640856e-13,"2","ITGA1"
1.21340672418022e-17,0.605456968414968,0.406,0.26,3.08047565067633e-13,"2","PRICKLE2"
1.49350424591428e-17,0.80451091513672,0.259,0.142,3.79155922910258e-13,"2","L3HYPDH"
1.57178342903179e-17,0.645773112216166,0.375,0.236,3.99028659128301e-13,"2","LDLRAP1"
1.66380094589907e-17,0.713528908480759,0.342,0.206,4.22389146135396e-13,"2","SLC19A3"
2.04695162024328e-17,0.528001171400625,0.506,0.346,5.19659607831163e-13,"2","PARP1"
2.17765463862019e-17,0.689274394442398,0.316,0.188,5.52841183106507e-13,"2","PREB"
2.47805740653422e-17,0.828347234998064,0.28,0.161,6.29104433796841e-13,"2","NAT14"
2.56739849420324e-17,0.780174617811797,0.279,0.159,6.51785455723378e-13,"2","EPHB2"
3.19434488082419e-17,0.621523789472538,0.383,0.239,8.10948334894838e-13,"2","IGF2BP2"
3.57117996961506e-17,0.701677492722665,0.3,0.175,9.06615458886175e-13,"2","FZD2"
3.59689595911736e-17,0.526843072894569,0.482,0.325,9.13143977141125e-13,"2","CTSO"
3.66334531947471e-17,0.513694612921122,0.581,0.43,9.30013476255044e-13,"2","CAMK2N1"
4.5431235337997e-17,0.759974370612981,0.274,0.156,1.15336277152573e-12,"2","CBX4"
4.75762631160296e-17,0.780328063336848,0.28,0.161,1.20781859172664e-12,"2","C10orf90"
5.16045065060051e-17,0.675647163581017,0.338,0.204,1.31008360666795e-12,"2","ATRN"
5.72289855900256e-17,0.598029025578825,0.36,0.218,1.45287225717398e-12,"2","PDE8A"
1.01783703417909e-16,0.691197802089828,0.289,0.168,2.58398287867046e-12,"2","MLKL"
1.10930401816804e-16,0.716046465291149,0.255,0.14,2.81619011092319e-12,"2","TBC1D9"
1.13470689905541e-16,0.749376801476572,0.302,0.181,2.88068040463198e-12,"2","SNTB1"
1.24175694104764e-16,0.693370076201659,0.266,0.148,3.15244834623764e-12,"2","MOB1B"
1.25841215258213e-16,0.518872285983091,0.478,0.328,3.19473093176025e-12,"2","AC116347.1"
1.34953475644642e-16,0.717334683753491,0.301,0.177,3.42606388619053e-12,"2","IFT27"
2.20715724402251e-16,0.541363420931742,0.492,0.339,5.60331009539996e-12,"2","MAGEF1"
2.57525069871686e-16,0.621668638398952,0.348,0.216,6.5377889488325e-12,"2","KLHL42"
2.58254870658915e-16,0.598359108065906,0.446,0.306,6.55631640141787e-12,"2","KDELR3"
3.54463012693637e-16,0.562018477372006,0.364,0.229,8.99875250325335e-12,"2","HNMT"
3.88385538257694e-16,0.611812947520956,0.406,0.272,9.85994365974807e-12,"2","SLC52A2"
5.12292906345157e-16,0.607799000605728,0.272,0.154,1.30055800133845e-11,"2","GMPPB"
5.29747304827611e-16,0.507758151827152,0.433,0.282,1.34486948276586e-11,"2","PLEKHA3"
5.35407484601859e-16,0.627917144494743,0.309,0.185,1.35923898115874e-11,"2","C1orf216"
5.75213201845857e-16,0.644554152359753,0.341,0.214,1.46029375552608e-11,"2","DPP4"
6.24853969537292e-16,0.834437469780075,0.255,0.145,1.58631677246432e-11,"2","SOCS6"
6.58252626613342e-16,0.506548969255233,0.484,0.331,1.67110594318329e-11,"2","CHST14"
8.28348615600332e-16,0.50628168505963,0.407,0.264,2.10292863042456e-11,"2","TRIM27"
9.77648777181395e-16,0.580455998051782,0.361,0.228,2.48195695063041e-11,"2","SYVN1"
9.93908404701989e-16,0.54202867607157,0.419,0.275,2.52323526701694e-11,"2","CERK"
9.99037648164885e-16,0.525745391138094,0.468,0.325,2.53625687739619e-11,"2","LEPROTL1"
1.50814045625037e-15,0.651246833876215,0.28,0.163,3.82871617628282e-11,"2","TUSC1"
1.53462988513794e-15,0.508127852263124,0.484,0.341,3.89596488939969e-11,"2","APEH"
1.59457578667038e-15,0.670874883409658,0.282,0.165,4.0481495496201e-11,"2","EPG5"
1.81786923982736e-15,0.680948031596227,0.267,0.154,4.61502463914971e-11,"2","SNHG9"
1.99474309969181e-15,0.503094684979303,0.496,0.351,5.06405430718759e-11,"2","ISOC2"
2.35289825349206e-15,0.673887863281071,0.29,0.171,5.97330279614028e-11,"2","LINC01184"
2.71445416926801e-15,0.598755900834598,0.359,0.227,6.89118479952070e-11,"2","AGO1"
2.79937794331688e-15,0.603487488147558,0.404,0.269,7.10678078469857e-11,"2","MRPL15"
2.84716833766862e-15,0.617759001830998,0.348,0.221,7.22810625883933e-11,"2","CYB5R2"
3.30344921948964e-15,0.511255615220727,0.459,0.314,8.38646653351834e-11,"2","HTATSF1"
3.70615210627767e-15,0.680324294676209,0.285,0.17,9.40880835220711e-11,"2","FAM89A"
4.16371771356387e-15,0.520487814305971,0.481,0.336,1.05704301594246e-10,"2","SLC35A2"
4.523729367544e-15,0.581528651533636,0.383,0.248,1.14843917453839e-10,"2","ABCF3"
4.75131680960374e-15,0.631180662571445,0.257,0.146,1.2062167984541e-10,"2","CPPED1"
5.17442181608264e-15,0.592539291272967,0.397,0.264,1.3136304664489e-10,"2","TMEM87B"
5.26218465031513e-15,0.540375895128266,0.406,0.271,1.3359108171755e-10,"2","MAGEH1"
5.51121860887934e-15,0.736094158722817,0.266,0.155,1.3991330682362e-10,"2","TEAD3"
6.21504544744258e-15,0.535687994768692,0.411,0.272,1.57781358774225e-10,"2","TAF10"
6.58300111339019e-15,0.532884961277407,0.339,0.21,1.67122649265637e-10,"2","WDR12"
7.4805742156944e-15,0.634759800774764,0.273,0.158,1.89909337613834e-10,"2","TKFC"
8.92798216870178e-15,0.614822904859584,0.388,0.258,2.26654683316832e-10,"2","FRG1CP"
9.32953057689016e-15,0.692631732463667,0.26,0.152,2.3684879275551e-10,"2","CBL"
9.57611658471275e-15,0.578105364616993,0.486,0.364,2.43108871736103e-10,"2","SFRP2"
9.81051669669192e-15,0.654470296030475,0.305,0.187,2.49059587378918e-10,"2","PDCL3"
1.06354859834814e-14,0.642449714660934,0.273,0.16,2.70003082662641e-10,"2","SELENOI"
1.26858656406729e-14,0.614955900697707,0.327,0.203,3.22056071019763e-10,"2","TSPAN17"
1.49320167497307e-14,0.660301322790443,0.282,0.169,3.79079109225414e-10,"2","TPST2"
1.7946710685462e-14,0.520893170957846,0.341,0.213,4.55613144171824e-10,"2","BTBD7"
1.96241956660492e-14,0.649918257132178,0.322,0.205,4.9819945537399e-10,"2","TAOK2"
2.17887840157509e-14,0.56111879831282,0.346,0.219,5.53151859807867e-10,"2","COG6"
2.44248028505104e-14,0.582391299179806,0.335,0.212,6.20072469965907e-10,"2","MTURN"
2.56806050282528e-14,0.571596238698913,0.292,0.175,6.51953519852253e-10,"2","PNP"
2.92091740394029e-14,0.597750155217495,0.259,0.15,7.41533301338322e-10,"2","AC073869.1"
3.1920433966466e-14,0.567175254473693,0.326,0.205,8.10364057106671e-10,"2","RTTN"
3.33695415297286e-14,0.518878457904393,0.411,0.282,8.47152550815221e-10,"2","RBBP4"
3.49666086807195e-14,0.532505590245605,0.365,0.236,8.87697294577426e-10,"2","ORAI2"
3.57227489119635e-14,0.507446909684201,0.385,0.253,9.06893426628018e-10,"2","SERPINB8"
4.31731666124855e-14,0.520095524605216,0.38,0.247,1.09603718079117e-09,"2","ADAMTS6"
4.51330679210411e-14,0.600139813716487,0.276,0.164,1.14579319531147e-09,"2","EVI5"
4.55098709721401e-14,0.644352713048141,0.344,0.224,1.15535909436972e-09,"2","TPST1"
5.14388681008619e-14,0.605690441195441,0.257,0.151,1.30587854447658e-09,"2","RSBN1L"
5.27469399510919e-14,0.53750034827694,0.419,0.289,1.33908656453837e-09,"2","CNDP2"
5.58594774689392e-14,0.563414314378415,0.347,0.225,1.41810455450396e-09,"2","ZNF275"
5.79783213689677e-14,0.522056809256112,0.373,0.242,1.47189564459398e-09,"2","LRBA"
6.37747538039818e-14,0.510104191079632,0.396,0.263,1.61904967482169e-09,"2","CHCHD5"
7.34198501740986e-14,0.581667525764577,0.321,0.204,1.86390973636984e-09,"2","MOGS"
7.45136330345328e-14,0.506630113689099,0.387,0.257,1.89167760184768e-09,"2","CPSF6"
8.33214856993778e-14,0.56457274377873,0.346,0.223,2.11528255745011e-09,"2","MARCKSL1"
9.4257216870592e-14,0.589800983752792,0.307,0.193,2.39290796469372e-09,"2","SMAD6"
9.5143608260723e-14,0.509905660907444,0.388,0.255,2.41541078291498e-09,"2","PDIA3P1"
1.12322521888792e-13,0.546286986382469,0.345,0.22,2.85153186319076e-09,"2","VARS"
1.42230701417268e-13,0.53947030306796,0.255,0.148,3.61081081688018e-09,"2","POLR1C"
1.50588595343492e-13,0.66953043812765,0.287,0.177,3.82299266998522e-09,"2","SLC30A5"
1.51176493161794e-13,0.559411220484198,0.312,0.195,3.83791763189845e-09,"2","HMGXB3"
1.78307592654276e-13,0.503546856528102,0.523,0.393,4.5266948547141e-09,"2","SFRP1"
2.68540206165736e-13,0.558150132405814,0.364,0.239,6.81743021392955e-09,"2","AL359918.1"
2.72247056306347e-13,0.661988996191585,0.305,0.192,6.91153601844922e-09,"2","KLF12"
3.33692912019289e-13,0.685776682562479,0.25,0.148,8.47146195743368e-09,"2","NUDT16L1"
4.57358476055425e-13,0.5180989323523,0.419,0.29,1.16109596316191e-08,"2","RHBDF1"
7.35749613179365e-13,0.653675961414835,0.27,0.166,1.86784754297845e-08,"2","MINPP1"
7.42636214674175e-13,0.64261325065039,0.299,0.193,1.88533055819333e-08,"2","CSTF3"
8.50089296992574e-13,0.587867730399631,0.3,0.19,2.15812169827505e-08,"2","C11orf84"
1.10265117397164e-12,0.614647581151682,0.263,0.16,2.7993005353618e-08,"2","NCKAP5L"
1.27256210675159e-12,0.622580134019318,0.283,0.177,3.23065342041027e-08,"2","ZHX3"
1.29928467665837e-12,0.708795012036907,0.254,0.155,3.2984940086326e-08,"2","MMD"
1.65455717791587e-12,0.55504770589816,0.309,0.198,4.20042430757501e-08,"2","CASP3"
2.17650134525619e-12,0.556299095385118,0.419,0.302,5.52548396520189e-08,"2","IL13RA2"
2.57403079153036e-12,0.531316185485778,0.32,0.208,6.53469197045812e-08,"2","GOLGA5"
4.10500054855014e-12,0.531380215331687,0.295,0.186,1.04213648926042e-07,"2","PNKP"
4.49265443763613e-12,0.576570201841649,0.322,0.214,1.14055018208269e-07,"2","ASB1"
5.51400788407928e-12,0.513262535980176,0.274,0.17,1.39984118153121e-07,"2","QSOX2"
6.06227527510466e-12,0.587420800185864,0.314,0.205,1.53902982409082e-07,"2","WIPI1"
7.21128107859748e-12,0.517052572508563,0.326,0.214,1.83072792742354e-07,"2","CEBPG"
7.79297432082464e-12,0.507960193460644,0.307,0.198,1.97840239082775e-07,"2","TUSC2"
9.88616828140163e-12,0.564105458160378,0.256,0.158,2.50980154159943e-07,"2","AC098614.1"
1.19713900550971e-11,0.610860865752049,0.272,0.173,3.0391767932875e-07,"2","ELMOD2"
1.24734936563404e-11,0.549191411834242,0.327,0.219,3.16664583453515e-07,"2","C1orf131"
1.44203216449449e-11,0.562227980719648,0.331,0.221,3.66088705600217e-07,"2","DTX3"
1.46375808019131e-11,0.52985487093129,0.335,0.225,3.71604263818169e-07,"2","ZNF217"
1.6416827864382e-11,0.57086268371642,0.274,0.173,4.16774008993065e-07,"2","RPRD1A"
1.75104553840326e-11,0.609529193181993,0.264,0.165,4.44537930834436e-07,"2","DOCK5"
2.7808588040096e-11,0.528895883527519,0.287,0.184,7.05976624573916e-07,"2","ADO"
3.80195850458681e-11,0.532470757795878,0.257,0.161,9.65203205559455e-07,"2","NSDHL"
4.13678731217718e-11,0.51598948018792,0.322,0.217,1.05020619494242e-06,"2","XRCC1"
4.52798371905184e-11,0.532928315289859,0.281,0.18,1.14951922675569e-06,"2","EEF1AKMT1"
5.21168314368174e-11,0.637687994830296,0.259,0.166,1.32308999968648e-06,"2","MAP9"
5.84106256110195e-11,0.546673006307466,0.292,0.191,1.48287055238695e-06,"2","DGKZ"
6.27337198976975e-11,0.500374490893607,0.316,0.211,1.59262094704285e-06,"2","ATAD3A"
1.03930198250336e-10,0.529875603287231,0.307,0.205,2.63847594298129e-06,"2","AIFM1"
1.09862254344572e-10,0.524685812087285,0.283,0.184,2.78907305104565e-06,"2","LARP1B"
2.21396720289946e-10,0.505056125905348,0.25,0.157,5.62059853800085e-06,"2","FAM35A"
2.77930142745991e-10,0.558958847655364,0.273,0.178,7.05581253389247e-06,"2","RPAP3"
4.33692430631847e-10,0.512451655575765,0.303,0.206,1.10101497364507e-05,"2","TGS1"
4.71762210664239e-10,0.596875528956581,0.273,0.181,1.1976627242133e-05,"2","XXYLT1"
5.50226236073295e-10,0.567076970623853,0.268,0.176,1.39685934551928e-05,"2","SLC35C1"
8.07248954917871e-10,0.503997697833874,0.25,0.159,2.04936292185e-05,"2","GSTZ1"
1.01879347262255e-09,0.504325504952537,0.269,0.177,2.58641098894686e-05,"2","LINC00467"
1.65848342714912e-09,0.523591340530591,0.262,0.175,4.21039187650346e-05,"2","AL390039.1"
2.32230837588609e-09,0.548108316265991,0.267,0.18,5.89564427386201e-05,"2","DLAT"
2.39300135041649e-09,0.634396269656526,0.283,0.199,6.07511252830236e-05,"2","PTPRN"
2.49036870819811e-09,0.570847492810819,0.279,0.187,6.32229903950254e-05,"2","SLC25A17"
2.57495394822126e-09,0.545326462315334,0.279,0.19,6.53703558834933e-05,"2","EXOSC4"
2.70946612558141e-09,0.518879545249293,0.334,0.237,6.87852165301353e-05,"2","GALNT5"
2.9964671577591e-09,0.527981461840459,0.266,0.177,7.60713117340303e-05,"2","PSME2P2"
5.76079168098449e-09,0.503176469297016,0.272,0.183,0.000146249218405153,"2","MEX3D"
5.79811183909113e-09,0.531029355594285,0.275,0.187,0.000147196665259007,"2","ERAP2"
1.14614604047178e-08,0.534823908700071,0.263,0.178,0.00029097209529457,"2","C6orf203"
5.987915101605e-222,0.590896717302892,1,0.991,1.52015200684446e-217,"3","HSP90AA1"
2.41302496099608e-187,0.904313592022591,0.967,0.883,6.12594646848075e-183,"3","HSPD1"
2.65461542237105e-178,1.31505205031361,0.944,0.724,6.7392721727734e-174,"3","FOSL1"
5.85194249559772e-175,1.44470429196592,0.928,0.63,1.48563264135739e-170,"3","HSPH1"
1.33414351348761e-171,0.581625642239056,0.998,0.983,3.386990137691e-167,"3","ANXA5"
7.16796949709153e-171,2.20029288304403,0.751,0.303,1.81973241622663e-166,"3","GPATCH4"
4.8179657372291e-158,1.17139702342062,0.933,0.719,1.22313696171035e-153,"3","HMGA1"
9.74464378271045e-156,1.18489253823556,0.926,0.744,2.4738727171167e-151,"3","DDX21"
2.19348864656609e-155,1.11192845142402,0.978,0.808,5.56860962703733e-151,"3","PPP1R15A"
1.56203392244941e-146,1.08457928039648,0.913,0.71,3.96553551892231e-142,"3","CCT6A"
8.50923842088107e-142,1.16574972403571,0.924,0.659,2.16024035790908e-137,"3","TNFRSF12A"
2.99725532893102e-138,0.585458598015243,0.993,0.948,7.60913210355717e-134,"3","ATF4"
1.0252436513576e-134,0.628776471110393,0.978,0.934,2.60278605770155e-130,"3","NCL"
1.67905325121752e-134,1.05317950370433,0.911,0.761,4.26261248886592e-130,"3","RSL1D1"
6.15746102551581e-134,0.554086597019421,0.991,0.945,1.5631946305477e-129,"3","RAN"
3.48037759144591e-123,0.62624926783254,0.957,0.911,8.83563459140372e-119,"3","SERBP1"
9.81212329202907e-120,1.87011535954328,0.716,0.371,2.49100374014742e-115,"3","FAM180A"
3.72038295653196e-117,0.940414424697805,0.928,0.78,9.44493621174768e-113,"3","SLC43A3"
1.11093101939477e-112,0.744521182110922,0.942,0.845,2.8203205789375e-108,"3","NPM1P27"
9.97523975419236e-112,1.2414237798961,0.874,0.662,2.53241411639681e-107,"3","BMP2"
1.67732154642278e-109,0.918484230651669,0.891,0.747,4.25821620990351e-105,"3","CCT2"
4.32247777858241e-108,1.25969955272219,0.827,0.563,1.09734743364872e-103,"3","STIP1"
2.55241046687547e-107,1.5914022441843,0.751,0.439,6.47980445225676e-103,"3","NOLC1"
2.08078397439158e-106,1.62578109637663,0.727,0.407,5.2824862757879e-102,"3","BCCIP"
2.89304135203459e-106,1.67422110338514,0.735,0.416,7.34456408041021e-102,"3","WDR43"
3.3915298049872e-106,0.877965503265277,0.935,0.817,8.61007671592099e-102,"3","SLC3A2"
9.77191322038534e-105,1.75565846375062,0.705,0.371,2.48079560925923e-100,"3","ODC1"
5.69475513105688e-102,1.73803072394471,0.707,0.387,1.44572748512141e-97,"3","RCC1"
1.37910674120371e-101,1.09037576104878,0.839,0.599,3.50113828389386e-97,"3","NME1"
1.21612880127668e-99,0.512595770523042,0.994,0.961,3.08738618780111e-95,"3","ADM"
9.0618282069675e-98,0.536387527892682,0.957,0.914,2.30052632690284e-93,"3","KPNB1"
4.93646224287216e-96,1.54017021101114,0.77,0.466,1.25321966959796e-91,"3","KDM6B"
9.81268853027973e-96,0.819268220050467,0.907,0.759,2.49114723718211e-91,"3","EIF1AX"
1.57130224129654e-95,0.885288898475253,0.885,0.739,3.98906499997953e-91,"3","RPL7L1"
2.38632081166803e-95,0.568075228296857,0.944,0.91,6.05815264458164e-91,"3","HNRNPU"
7.78549446258947e-92,0.955106186120165,0.866,0.708,1.97650347921759e-87,"3","HSPA9"
9.90860444401196e-92,2.76890713132354,0.319,0.069,2.51549741020132e-87,"3","GPAT3"
9.27323163714976e-91,1.21062210322581,0.807,0.524,2.35419531572321e-86,"3","TFRC"
8.49392601321672e-90,1.42872970676549,0.718,0.454,2.15635299697533e-85,"3","EIF4A1P10"
1.67640944825177e-89,0.829849209293066,0.885,0.78,4.25590066627677e-85,"3","LRRFIP1"
2.3077496740574e-89,0.584648412084046,0.959,0.917,5.85868409752952e-85,"3","GSTO1"
6.47166516243604e-88,0.664508752468436,0.935,0.836,1.64296163478764e-83,"3","FUS"
5.93596878570024e-87,1.43958819837528,0.709,0.431,1.50696439562572e-82,"3","FKBP4"
9.35307301155907e-87,0.55152767682631,0.944,0.905,2.3744646454445e-82,"3","SET"
4.26627395881815e-86,1.58865103548849,0.679,0.363,1.08307896992516e-81,"3","IRAK2"
3.98194207731531e-84,1.87087289327173,0.568,0.252,1.01089563516804e-79,"3","NOP16"
7.60040152647536e-84,1.0307765800645,0.816,0.623,1.9295139355263e-79,"3","SNRPD1"
2.51495779222578e-83,1.85138872837998,0.586,0.275,6.3847233471236e-79,"3","CHORDC1"
5.81906510207323e-83,0.664924829318632,0.97,0.931,1.47728605746333e-78,"3","CXCL2"
1.59461448655453e-82,1.14373347588345,0.787,0.59,4.04824779701599e-78,"3","EIF3J"
1.76400653800368e-79,0.620747267001099,0.917,0.846,4.47828339802994e-75,"3","G3BP1"
3.65701536867696e-79,0.776411594021138,0.931,0.82,9.28406491646021e-75,"3","ATP2B1"
4.21529791550933e-79,0.724516890241261,0.891,0.785,1.07013768181035e-74,"3","HNRNPA3"
1.33514464276205e-78,0.800369048191515,0.911,0.781,3.38953170458e-74,"3","ERRFI1"
5.65981334543038e-78,0.754234895519803,0.865,0.755,1.43685681400441e-73,"3","PTBP1"
2.78257682698667e-77,0.822621297503361,0.857,0.714,7.06412779067105e-73,"3","CYCS"
4.65209879822937e-76,0.833493317766282,0.859,0.716,1.18102832190649e-71,"3","SNRPB"
7.11427486563406e-76,0.844851049604032,0.859,0.702,1.80610096013852e-71,"3","EIF4G1"
1.58581149534832e-75,0.889031666235615,0.835,0.659,4.02589964324078e-71,"3","NOL7"
1.67858588390893e-75,0.882687087295461,0.837,0.677,4.26142598347959e-71,"3","SFPQ"
2.09351149314861e-75,0.666535628076274,0.883,0.803,5.31479762765637e-71,"3","SYNCRIP"
2.7080833996608e-74,0.703678556815458,0.881,0.782,6.87501132671888e-70,"3","PSMB7"
4.19078089416843e-73,1.19571154806967,0.753,0.505,1.06391354560254e-68,"3","AGO2"
3.93439664882729e-72,0.546608216740806,0.928,0.868,9.98825277237785e-68,"3","EIF5A"
1.20825653021683e-71,1.11113369041042,0.75,0.538,3.06740085326146e-67,"3","CCT5"
1.67379509726797e-71,0.791968651298857,0.863,0.753,4.2492636134342e-67,"3","EIF3A"
7.45252140553652e-71,1.32236373172237,0.714,0.48,1.89197160922356e-66,"3","DKC1"
8.42769702919439e-71,0.688861682127042,0.909,0.816,2.13953944480158e-66,"3","PRRC2C"
1.30876330770624e-70,0.878466160811039,0.816,0.673,3.32255740927384e-66,"3","CCT7"
1.41624101615757e-69,1.29752886404568,0.712,0.491,3.59541106771922e-65,"3","GTPBP4"
1.96306492496561e-69,1.90566936877552,0.518,0.239,4.9836329250102e-65,"3","TBX3"
3.47741499742105e-68,0.737941554230115,0.827,0.742,8.82811345395282e-64,"3","HSPE1"
1.07069140192589e-67,0.654376163838242,0.926,0.837,2.71816426206925e-63,"3","DNAJA1"
1.25566726193247e-67,0.569265288243882,0.931,0.861,3.18776247786796e-63,"3","RPL24P4"
2.64316826446502e-67,0.748827806725691,0.842,0.737,6.71021127299734e-63,"3","HNRNPD"
5.56562529601574e-67,1.24173262327995,0.701,0.486,1.41294529389952e-62,"3","NOP58"
1.10467054322789e-66,0.70292925842763,0.846,0.765,2.80442710809265e-62,"3","PA2G4"
2.33732221516954e-66,0.750987110696521,0.852,0.728,5.93375990765092e-62,"3","EIF5B"
2.27031391738868e-65,0.814513447429547,0.82,0.692,5.76364594207463e-61,"3","MRPL52"
5.64856288987435e-65,1.15416564962271,0.722,0.521,1.4340006608524e-60,"3","RPF2"
8.92943218211331e-65,1.3065006021132,0.668,0.425,2.26691494807311e-60,"3","RPF1"
1.78751734198443e-63,1.52073210538997,0.599,0.351,4.53797027609588e-59,"3","MRTO4"
7.5153314245247e-63,0.698607826877127,0.844,0.74,1.90791718874408e-58,"3","CCT3"
1.04145853851989e-62,0.965914350794293,0.82,0.65,2.64395079174044e-58,"3","BIRC3"
1.31572518272217e-62,0.781663829375175,0.866,0.775,3.34023152137678e-58,"3","EIF5"
3.49068394014397e-62,1.0976006571797,0.738,0.511,8.8617993188435e-58,"3","ETS1"
4.5765129376915e-62,0.806259467146698,0.813,0.704,1.16183933949174e-57,"3","SSRP1"
3.80134537746201e-61,0.975314193903512,0.761,0.582,9.6504755097628e-57,"3","FUBP1"
1.25369024714288e-60,0.74716596321578,0.824,0.721,3.18274343042163e-56,"3","CCT8"
1.66892699947008e-60,0.786956395989038,0.835,0.702,4.2369049735547e-56,"3","KCNMA1"
3.51520220838572e-60,1.88902040194457,0.481,0.221,8.92404384642882e-56,"3","AEN"
1.25636947459509e-59,0.502650268676509,0.929,0.86,3.18954518515456e-55,"3","PRDX1"
1.82525260465752e-59,1.70666190416938,0.529,0.264,4.63376878744405e-55,"3","GADD45A"
2.05651459174903e-59,1.83852092391734,0.468,0.208,5.22087359407327e-55,"3","SLC38A1"
3.58632382107654e-59,1.18135292476236,0.692,0.458,9.10460028456702e-55,"3","ABCE1"
3.74791840423776e-59,1.1492447220148,0.738,0.552,9.51484045283839e-55,"3","ABL2"
5.16594690399859e-59,0.738047633750206,0.839,0.724,1.31147894051812e-54,"3","HNRNPM"
5.71628986552237e-59,0.717175732572808,0.833,0.729,1.45119450816016e-54,"3","SRSF3"
1.00336861791847e-57,0.639662806777145,0.878,0.813,2.54725191030963e-53,"3","HSPA8"
6.93025859999231e-57,1.44295976439221,0.596,0.359,1.75938475078005e-52,"3","CDK6"
2.31244576790732e-56,1.2658581525731,0.653,0.434,5.8706060709863e-52,"3","NFKBIB"
1.12367432480142e-55,1.5656737157184,0.536,0.292,2.85267200837337e-51,"3","LYAR"
2.02223233790662e-55,1.06612536231457,0.699,0.504,5.13384123624353e-51,"3","CCT4"
3.25697229382583e-55,1.76732485064615,0.479,0.233,8.26847556233564e-51,"3","PNO1"
1.20217131761081e-54,1.4832833507772,0.553,0.311,3.05195232401856e-50,"3","TOMM40"
1.29316288831018e-54,1.17185068396758,0.679,0.496,3.28295262455304e-50,"3","ELK3"
2.50151983993066e-54,0.61205678303187,0.844,0.774,6.35060841763198e-50,"3","TRIM28"
1.12465077357965e-53,0.781526473600426,0.77,0.655,2.85515091888665e-49,"3","SLIRP"
1.17526953472575e-53,1.12208679574148,0.692,0.472,2.98365676780826e-49,"3","KDM7A"
1.86509397365137e-53,1.07298411308339,0.698,0.509,4.73491407090873e-49,"3","EIF3B"
1.88210661314237e-53,1.03233282821965,0.707,0.513,4.77810405878453e-49,"3","PSMD14"
2.12518394678223e-53,1.37124091983178,0.609,0.386,5.39520448569605e-49,"3","SPRY2"
4.70379418966802e-53,0.637280055455959,0.835,0.763,1.19415223093102e-48,"3","EIF3I"
7.97480861621719e-53,0.850043902013787,0.761,0.621,2.02456466339906e-48,"3","EIF1AXP1"
7.43536470977363e-52,1.10009053455724,0.675,0.475,1.88761603887023e-47,"3","EBNA1BP2"
8.69264324842421e-52,1.29016023698725,0.605,0.387,2.20680134147745e-47,"3","NIFK"
1.37829657808702e-51,0.577000781505152,0.848,0.779,3.49908152278953e-47,"3","FBL"
1.45169934246642e-51,1.29737984152562,0.614,0.391,3.68542912071951e-47,"3","TCERG1"
2.92749243681276e-51,0.569518849963859,0.866,0.815,7.43202504933655e-47,"3","SRP72"
8.12769948226302e-51,0.696076114555751,0.814,0.714,2.06337906756211e-46,"3","ZC3H15"
1.01919042435389e-50,0.952890604644064,0.718,0.546,2.58741873030722e-46,"3","GRPEL1"
1.2020062306887e-50,1.3580756120006,0.573,0.344,3.0515332178494e-46,"3","HSP90AA2P"
2.23634546236058e-50,0.799502139515536,0.774,0.656,5.6774102252948e-46,"3","ILF3"
1.05473359496534e-49,0.761810431813405,0.805,0.667,2.6776521775385e-45,"3","HK2"
1.60907630564364e-49,1.60770118533129,0.464,0.231,4.0849620171375e-45,"3","BRIX1"
1.95305038885964e-49,0.973060034229023,0.731,0.551,4.95820902219797e-45,"3","TMEM158"
5.24291606208022e-49,1.31626476869944,0.584,0.374,1.33101910068031e-44,"3","PFDN2"
5.47516191890589e-49,1.36871423187257,0.57,0.348,1.38997935635264e-44,"3","PUM3"
5.99824951213408e-49,0.675738769967567,0.857,0.775,1.52277560364548e-44,"3","FOXP1"
1.950870682474e-48,1.0033920344693,0.692,0.508,4.95267540159676e-44,"3","HSP90AB3P"
2.5549201960541e-48,0.996035591563301,0.681,0.504,6.48617590172254e-44,"3","TOMM22"
4.11665955335927e-48,1.21163665052842,0.633,0.436,1.04509636081132e-43,"3","NOP56"
4.58660395982928e-48,0.508682421306249,0.87,0.823,1.16440114728186e-43,"3","RPL35P5"
5.01397329787057e-48,1.22348148742859,0.601,0.391,1.2728974011304e-43,"3","MRPL47"
6.70617888101903e-48,0.50858016486394,0.863,0.827,1.7024976325243e-43,"3","RPS7P1"
7.61906432855458e-48,0.763351320098423,0.768,0.658,1.93425186109015e-43,"3","PRMT1"
1.73918868710208e-47,1.81496901899132,0.388,0.165,4.41527831994606e-43,"3","RRP9"
2.17254108587978e-47,0.569061647760242,0.833,0.773,5.515430054723e-43,"3","SNRPC"
2.64076798186914e-47,0.525711347857836,0.876,0.819,6.70411767557119e-43,"3","PTGES3"
6.02059315278117e-47,1.19739107293849,0.618,0.405,1.52844798369655e-42,"3","KPNA4"
6.7733285949369e-47,1.3384895935364,0.583,0.37,1.71954493039663e-42,"3","C8orf33"
7.98535668344181e-47,1.64130192112825,0.438,0.207,2.02724250122537e-42,"3","HMGA2"
2.05922014085119e-46,1.3355339647957,0.57,0.351,5.22774217157891e-42,"3","TNFRSF10D"
3.10319805515342e-46,0.659884840779875,0.863,0.784,7.87808890261798e-42,"3","BRD2"
5.36227920220439e-46,1.41236675485484,0.532,0.308,1.36132182106363e-41,"3","EHD1"
1.04544666112148e-45,1.33939205073232,0.577,0.371,2.65407543858911e-41,"3","TFAM"
1.27930183637442e-45,1.05046535559931,0.688,0.527,3.24776357200373e-41,"3","ITPRIP"
1.68798290654905e-45,0.614159115698349,0.861,0.803,4.28528220485608e-41,"3","SON"
2.89483473307119e-45,1.62515742531269,0.462,0.246,7.34911693684784e-41,"3","EIF4A1P2"
5.6010761105528e-45,0.57380499241063,0.826,0.764,1.42194519218604e-40,"3","XRCC6"
1.13881597255965e-44,0.889204618766396,0.701,0.557,2.89111210953718e-40,"3","HSPA4"
1.98603125393832e-44,0.973404652918653,0.679,0.531,5.04193754437322e-40,"3","TCP1"
2.32803617316981e-44,1.04251944506147,0.653,0.477,5.91018543282619e-40,"3","NUP58"
2.80288390662093e-44,1.54806399957911,0.471,0.257,7.11568137373855e-40,"3","HSPD1P1"
3.20895817142938e-44,1.92422960637688,0.336,0.133,8.14658210980777e-40,"3","SMN2"
8.31907420953365e-44,0.959155913248907,0.672,0.518,2.11196336957431e-39,"3","NUDC"
3.16730534149349e-43,0.522233952795579,0.863,0.803,8.04083807044952e-39,"3","AL161909.1"
3.26003220296939e-43,1.20987606254243,0.579,0.373,8.27624375367839e-39,"3","GAR1"
5.5918875062993e-43,1.93941281993252,0.356,0.155,1.4196124812242e-38,"3","NOP2"
5.83557191720032e-43,1.40107791326111,0.512,0.296,1.48147664261965e-38,"3","DCAF13"
6.50293812097094e-43,0.844356371030167,0.712,0.586,1.65090090077089e-38,"3","DDX18"
1.66135753030968e-42,1.34831837243963,0.549,0.344,4.21768836219718e-38,"3","GPRC5A"
1.90857772466485e-42,1.09014599401942,0.622,0.435,4.84530626960666e-38,"3","EIF2S1"
1.12014675511313e-41,0.61939247701215,0.831,0.751,2.84371656720569e-37,"3","SF1"
2.67017026982872e-41,0.721577003284417,0.757,0.647,6.77876126401417e-37,"3","SNRPF"
3.22018751629521e-41,0.600533779874965,0.844,0.776,8.17509004761864e-37,"3","DDX3X"
3.81359559064389e-41,0.614091302337263,0.785,0.698,9.68157512596764e-37,"3","NDUFS6"
4.43214577578395e-41,0.566093665984857,0.818,0.764,1.12518884809827e-36,"3","HNRNPR"
8.20229409840202e-41,1.09167995190048,0.631,0.449,2.08231640276132e-36,"3","PPP2R2A"
1.90564386343768e-40,0.697160857102341,0.79,0.683,4.83785807610923e-36,"3","KDM5C"
3.18944999425535e-40,0.613425293996889,0.798,0.723,8.09705670041606e-36,"3","RAD23B"
3.19905196335589e-40,1.10289995286354,0.596,0.406,8.12143321937159e-36,"3","DDX52"
3.56103127453951e-40,0.879452086312622,0.681,0.548,9.04039009667345e-36,"3","STRAP"
3.86563270650663e-40,1.33951935310887,0.525,0.336,9.81368175200838e-36,"3","TIMM50"
4.30777589954882e-40,1.16821272079682,0.592,0.388,1.09361506761846e-35,"3","SLC4A7"
5.68087584648525e-40,0.542571810534382,0.827,0.753,1.44220395114721e-35,"3","TRMT112"
1.36119986392306e-39,0.523572466155125,0.833,0.771,3.45567809454147e-35,"3","SNRPG"
2.01705807711276e-39,2.03790824529796,0.295,0.115,5.12070534036616e-35,"3","AP000919.1"
2.27115292495555e-39,1.38678793126521,0.516,0.319,5.76577593058465e-35,"3","GNPDA1"
3.85544837693899e-39,0.926886930017808,0.664,0.508,9.78782679453502e-35,"3","DHX9"
3.95421894994503e-39,1.28795093854298,0.538,0.328,1.00385756482254e-34,"3","TES"
4.38622829107533e-39,0.989779946559839,0.633,0.461,1.11353177625529e-34,"3","HNRNPAB"
5.05889513197479e-39,0.808270423006926,0.709,0.567,1.28430170715444e-34,"3","PSMD11"
8.93179837939134e-39,0.679802318419934,0.764,0.672,2.26751565457608e-34,"3","EIF6"
1.92089392350426e-38,0.606283663107143,0.807,0.714,4.87657340360026e-34,"3","MGLL"
2.19911412577923e-38,1.41232838112284,0.492,0.292,5.58289103111572e-34,"3","NIP7"
2.26248417344079e-38,0.586096789987011,0.87,0.805,5.74376857111413e-34,"3","LIF"
3.10291900832634e-38,1.09739558757664,0.601,0.419,7.87738048643808e-34,"3","DCP1A"
4.83981011679065e-38,0.557399710059198,0.801,0.739,1.22868259434964e-33,"3","PSMA3"
5.9531019864521e-38,0.70179849722888,0.744,0.644,1.5113140013006e-33,"3","WDR45B"
7.56773281977071e-38,1.89640061876872,0.299,0.119,1.92122033095519e-33,"3","RRP12"
9.21606858119905e-38,1.34061860820177,0.51,0.318,2.339683330709e-33,"3","RRP15"
9.23015649120698e-38,1.24275434309352,0.532,0.339,2.34325982842272e-33,"3","C1QBP"
1.24047478706106e-37,1.34580770727339,0.492,0.294,3.1491933419119e-33,"3","EIF4E"
1.81282112184662e-37,0.695474518319537,0.755,0.65,4.602208982032e-33,"3","TOP1"
2.0799876490261e-37,0.700391047741712,0.738,0.631,5.28046464458256e-33,"3","DAZAP1"
2.8871913957897e-37,1.29756904121849,0.51,0.319,7.32971279649132e-33,"3","FARSB"
3.78991545726262e-37,0.85578753742562,0.685,0.543,9.62145837135261e-33,"3","AHSA1"
3.9218416004022e-37,0.794913696980146,0.701,0.605,9.95637927094107e-33,"3","CCDC59"
6.75685513987392e-37,0.536777662117301,0.816,0.777,1.71536281435979e-32,"3","PAPOLA"
7.85905622572613e-37,0.538184535338963,0.824,0.766,1.99517860402509e-32,"3","RSL24D1"
1.63720303722788e-36,0.585880963438807,0.788,0.74,4.15636735061042e-32,"3","RBM8A"
2.85761196961932e-36,1.1641202056055,0.566,0.395,7.25461950727257e-32,"3","HSPBP1"
3.00198797439869e-36,1.43541276887799,0.451,0.253,7.62114687060596e-32,"3","LSG1"
4.89355257675451e-36,0.555602306901172,0.779,0.724,1.24232619266067e-31,"3","POLR2L"
1.61953650016433e-35,1.65184497911263,0.36,0.171,4.11151731296718e-31,"3","BOP1"
1.73032218892432e-35,0.596286785050772,0.77,0.703,4.39276894102216e-31,"3","NDUFB9"
3.22907758366017e-35,1.91696138930327,0.321,0.142,8.19765926163808e-31,"3","TRAF1"
3.90144681898396e-35,0.811465110592551,0.705,0.591,9.90460303935457e-31,"3","CDV3"
5.86725007520248e-35,1.58496135210362,0.399,0.207,1.48951877659165e-30,"3","CCDC137"
7.94332761400478e-35,1.13277081468231,0.553,0.377,2.01657258136739e-30,"3","LRRC59"
9.76269168708196e-35,1.06443884616825,0.573,0.41,2.4784545385995e-30,"3","RUVBL1"
1.09828176728907e-34,0.544499535079234,0.787,0.753,2.78820792261676e-30,"3","PRPF40A"
1.65899684490554e-34,0.884658865945457,0.649,0.494,4.2116952901617e-30,"3","MTHFD2"
1.83881185570995e-34,0.893391595849542,0.655,0.53,4.66819165809085e-30,"3","KARS"
2.22976892339563e-34,1.04468175469717,0.594,0.428,5.66071436582448e-30,"3","GLRX3"
2.55368429092521e-34,0.753992205587886,0.768,0.667,6.48303830937183e-30,"3","TNFAIP8"
4.16419699216917e-34,0.551445453039061,0.801,0.747,1.05716469040199e-29,"3","PSMD8"
2.18807597732001e-33,0.97039598901365,0.627,0.47,5.55486848362232e-29,"3","PPIF"
2.22969362471132e-33,0.793931937410128,0.69,0.599,5.66052320505463e-29,"3","NAA50"
2.52350035808781e-33,1.62257268855309,0.343,0.162,6.40641035907751e-29,"3","PGAM5"
2.57683040815628e-33,1.52675972041802,0.367,0.18,6.54179935718635e-29,"3","SMG5"
3.9376471172847e-33,0.871961989196968,0.662,0.53,9.99650473665066e-29,"3","PSMD12"
5.54398103629848e-33,0.624867443337889,0.764,0.709,1.4074504656851e-28,"3","NOTCH2"
1.09914968323326e-32,0.604324075459928,0.772,0.688,2.79041130082429e-28,"3","PSMD2"
1.26919471331143e-32,1.45954166675981,0.423,0.236,3.22210461868373e-28,"3","NOL11"
2.10214777920217e-32,0.889603248179669,0.635,0.506,5.33672256706056e-28,"3","MRPL3"
2.45969397341238e-32,1.11432575363681,0.532,0.362,6.244425090302e-28,"3","CMSS1"
3.42461259027585e-32,1.26771176332035,0.579,0.403,8.69406398293329e-28,"3","CSF3"
4.06690736733833e-32,1.62145092210189,0.36,0.182,1.03246577334618e-27,"3","YRDC"
5.08256573691631e-32,1.62207420996166,0.356,0.181,1.29031096363094e-27,"3","CLUH"
7.16095298796191e-32,0.553971844312567,0.777,0.709,1.81795113505389e-27,"3","RPL7P9"
7.91571126131389e-32,0.826367318587738,0.675,0.561,2.00956161790976e-27,"3","RNPS1"
8.47135903908564e-32,1.70170772484309,0.328,0.156,2.15062391925267e-27,"3","ZNF697"
1.28696980193881e-31,0.83552311477848,0.642,0.513,3.26723023618206e-27,"3","MRPS10"
2.00213676375251e-31,1.72724562963846,0.323,0.153,5.08282460213849e-27,"3","SRFBP1"
2.46531781856716e-31,0.882202352395694,0.633,0.493,6.25870234599645e-27,"3","SF3A3"
3.795057309503e-31,0.9254382966694,0.612,0.475,9.63451199163527e-27,"3","HSPE1P3"
4.09880567522114e-31,0.804677394296564,0.655,0.537,1.04056379676839e-26,"3","SNRPE"
5.02870379936834e-31,1.02680699831067,0.568,0.42,1.27663703354564e-26,"3","LSM7"
6.21358550562935e-31,1.07509109388204,0.544,0.377,1.57744295231412e-26,"3","FMNL2"
7.08196610201347e-31,0.910835270063498,0.627,0.493,1.79789873431816e-26,"3","PUF60"
1.33378066091548e-30,1.52644349517219,0.382,0.209,3.38606896386614e-26,"3","RPIA"
1.67598941992314e-30,0.606898176916528,0.742,0.68,4.25483434035887e-26,"3","MYO1B"
1.98633757370326e-30,0.890216979928188,0.636,0.482,5.04271519836047e-26,"3","MSC"
2.07025781322918e-30,1.37752923599863,0.419,0.241,5.25576351044493e-26,"3","NAA15"
2.29563596377155e-30,0.710305499246885,0.701,0.609,5.82793102122684e-26,"3","ACIN1"
2.39922474648105e-30,1.42487726832851,0.401,0.222,6.09091186389144e-26,"3","GRWD1"
2.77625564072306e-30,1.33895882542421,0.429,0.249,7.04808019510363e-26,"3","TRMT6"
2.80337453435322e-30,1.03583449277795,0.57,0.428,7.11692693036252e-26,"3","NPM1P39"
2.92449583281955e-30,0.805480203641201,0.66,0.552,7.42441757077898e-26,"3","SRPRB"
3.4262603167141e-30,0.614695263489316,0.768,0.672,8.6982470660421e-26,"3","SRPRA"
3.65804687383509e-30,0.528457041101944,0.77,0.724,9.28668359860515e-26,"3","ATP5G1"
4.18693771726887e-30,0.823817148106447,0.655,0.548,1.06293787828305e-25,"3","ETF1"
4.36241218628886e-30,1.73274302762444,0.304,0.141,1.10748558173315e-25,"3","SINHCAF"
4.71730737317591e-30,1.41519722400638,0.393,0.217,1.19758282282817e-25,"3","RBM28"
8.6238403215259e-30,0.779979449719306,0.662,0.555,2.18933434242578e-25,"3","TIMM17A"
1.25094635270131e-29,0.908646848100544,0.609,0.484,3.17577750560282e-25,"3","NCBP2"
1.71171936216843e-29,0.705930516886454,0.672,0.599,4.34554194473699e-25,"3","CYC1"
1.98559192242995e-29,1.63594985042402,0.338,0.171,5.04082221347292e-25,"3","GJC1"
2.46631276904916e-29,0.52137374151957,0.768,0.726,6.26122822678511e-25,"3","CDC37"
3.31296094324473e-29,0.662945672833868,0.718,0.637,8.41061394661541e-25,"3","ATP1B3"
4.20153151408091e-29,1.04802505505023,0.558,0.416,1.06664280547972e-24,"3","TMEM33"
5.64829818061786e-29,0.696905905127812,0.701,0.616,1.43393345911346e-24,"3","ILF2"
1.36821702394807e-28,0.901420283293329,0.596,0.467,3.47349255869698e-24,"3","PRKDC"
1.69750171097809e-28,0.515036477592743,0.766,0.733,4.30944759366007e-24,"3","PDAP1"
2.04859516067959e-28,0.515387129166865,0.772,0.735,5.20076853441728e-24,"3","PABPN1"
2.3120053436568e-28,0.811613382042127,0.644,0.532,5.86948796594151e-24,"3","AC007969.1"
2.38108387234688e-28,0.574283994889019,0.744,0.679,6.04485762672703e-24,"3","PDLIM4"
3.3300885915275e-28,1.63759877140654,0.347,0.184,8.45409590731086e-24,"3","SACS"
5.87178935785816e-28,1.38225842213875,0.403,0.238,1.49067116427945e-23,"3","PAK1IP1"
6.80312139620775e-28,1.39463353923489,0.403,0.239,1.72710842885526e-23,"3","GNPNAT1"
1.25195080862604e-27,1.07945458148492,0.521,0.368,3.17832751785892e-23,"3","AATF"
1.34494445670316e-27,0.566273917622013,0.746,0.687,3.4144104922323e-23,"3","DNAJC8"
1.81031991157094e-27,1.71891605740592,0.282,0.128,4.59585915950515e-23,"3","MFSD2A"
1.81868061550047e-27,1.48697804171292,0.353,0.186,4.61708447857105e-23,"3","SESN2"
2.111713887905e-27,0.770408572704929,0.646,0.523,5.36100804722442e-23,"3","TMX2"
2.24401965634515e-27,0.793136706679554,0.651,0.544,5.69689270156344e-23,"3","MIR4435-2HG"
2.44370813369446e-27,0.581061071772637,0.737,0.68,6.20384183901012e-23,"3","RPS7P11"
2.79255804113066e-27,0.615333618562041,0.735,0.652,7.08946709901842e-23,"3","ANKRD11"
3.56002607699057e-27,0.685748681103553,0.709,0.621,9.03783820165595e-23,"3","ATP13A3"
5.23813566921502e-27,0.567300244184978,0.761,0.71,1.32980550234362e-22,"3","CELF1"
5.45775636414981e-27,0.655228662256041,0.699,0.626,1.38556060816671e-22,"3","RAD23A"
5.93427351142575e-27,1.29032649133932,0.427,0.267,1.50653401634566e-22,"3","GNL2"
7.27503937334381e-27,1.66999312605633,0.325,0.17,1.84691424571079e-22,"3","RRS1"
7.35735385188428e-27,0.721984989211959,0.664,0.559,1.86781142237786e-22,"3","AC007182.2"
7.44214044292104e-27,1.4695443842634,0.336,0.172,1.88933619424437e-22,"3","REXO4"
7.60973310296945e-27,0.831196758126243,0.612,0.496,1.93188294285086e-22,"3","PSMD3"
8.84539977306719e-27,0.557327910735457,0.755,0.698,2.24558164038857e-22,"3","PSMD1"
1.05868505996117e-26,0.525437951171059,0.796,0.764,2.68768376172343e-22,"3","FGF2"
2.16110777911132e-26,1.51164533574684,0.341,0.182,5.48640431882991e-22,"3","PDCD11"
2.65636760856086e-26,0.950350632504089,0.573,0.452,6.74372044785346e-22,"3","DNTTIP2"
2.8307587072538e-26,0.892215554534011,0.583,0.455,7.18644713010522e-22,"3","PSMD6"
3.81563550027335e-26,0.519166389248685,0.761,0.718,9.68675384454394e-22,"3","KIRREL1"
4.35017896520963e-26,1.12220960720526,0.499,0.349,1.10437993389777e-21,"3","RAE1"
4.57576371541463e-26,0.700552829316382,0.67,0.59,1.16164913443231e-21,"3","GNL3"
5.71343486742148e-26,1.41570770846807,0.36,0.198,1.45046970979229e-21,"3","WDR3"
6.16865173094252e-26,1.01823362127504,0.503,0.339,1.56603561493438e-21,"3","TWISTNB"
6.24732996311209e-26,1.5348775407169,0.31,0.153,1.58600965773527e-21,"3","RBM19"
6.47560985393248e-26,0.587296078031278,0.707,0.631,1.64396307361784e-21,"3","HDAC2"
8.37479252568407e-26,0.537190083257143,0.779,0.742,2.12610857849541e-21,"3","CNBP"
9.23518162306831e-26,0.911046170826194,0.571,0.447,2.34453555864835e-21,"3","SF3B4"
1.07004917874288e-25,1.11721006730348,0.501,0.348,2.71653385007455e-21,"3","BAZ1A"
1.57282271238506e-25,0.594461183772663,0.738,0.668,3.99292501993196e-21,"3","EWSR1"
1.64462600028038e-25,0.955037895621135,0.538,0.393,4.17521202691181e-21,"3","CPSF2"
1.71228676480301e-25,1.74362826100855,0.308,0.156,4.34698240980541e-21,"3","SNHG15"
1.96444314777475e-25,0.704631119372294,0.647,0.555,4.98713181925577e-21,"3","AUP1"
2.09227125591762e-25,0.816525819816983,0.614,0.519,5.31164903739806e-21,"3","PSMC4"
3.02630306031103e-25,0.653511710923526,0.698,0.626,7.68287557921162e-21,"3","CHIC2"
3.5099173940392e-25,0.532214802313387,0.735,0.681,8.91062728824731e-21,"3","SNRPD3"
4.15247849389829e-25,1.1270193693021,0.481,0.335,1.05418971524596e-20,"3","IMP4"
4.73503655104992e-25,1.2138846112535,0.419,0.259,1.20208372921504e-20,"3","METTL2B"
5.52268462844331e-25,1.16680203459295,0.443,0.285,1.4020439466229e-20,"3","TCOF1"
1.44489422386953e-24,1.39297341828722,0.362,0.206,3.66815296613756e-20,"3","STK40"
2.24824768644874e-24,0.947779058714493,0.549,0.405,5.70762640158741e-20,"3","DDX46"
2.46300530750668e-24,1.30792850054377,0.401,0.247,6.25283157416722e-20,"3","DNAJC2"
3.25508724496638e-24,1.02064279098125,0.499,0.36,8.26368998879614e-20,"3","AL445189.2"
4.23298909309206e-24,0.631610265909841,0.698,0.625,1.07462894106328e-19,"3","SLC16A1"
4.32681384500733e-24,1.16835639844561,0.447,0.29,1.09844823083201e-19,"3","GMEB1"
4.34210502851958e-24,1.43921583432603,0.365,0.213,1.10233020359027e-19,"3","EXOSC5"
5.27366575726349e-24,1.08903398349962,0.481,0.338,1.33882552579648e-19,"3","NAT10"
7.37982145997578e-24,1.17953363530317,0.453,0.305,1.87351527404405e-19,"3","KLHL21"
1.0482303001027e-23,1.46623241979673,0.332,0.181,2.66114226287072e-19,"3","FBXO45"
1.05704734957152e-23,0.657169870123389,0.69,0.636,2.68352610635721e-19,"3","RBM25"
2.97667068417817e-23,0.508615565976852,0.766,0.708,7.55687386592312e-19,"3","GOLGA4"
2.98803204758291e-23,0.551467436602727,0.742,0.697,7.58571695919872e-19,"3","BRD4"
3.03364713414773e-23,0.945527391308523,0.545,0.409,7.70151997946084e-19,"3","SQSTM1"
3.08527774889574e-23,0.857285128879208,0.571,0.454,7.83259462112162e-19,"3","YBX1P1"
3.18512918041421e-23,0.612411151855982,0.673,0.603,8.08608745031756e-19,"3","PPP2CA"
3.98102313234451e-23,0.686933787542341,0.64,0.551,1.0106623426083e-18,"3","RARS"
4.18405702750964e-23,1.23546294606896,0.416,0.27,1.06220655757387e-18,"3","SURF6"
5.75283632301405e-23,0.867173007994271,0.564,0.447,1.46047255732358e-18,"3","STOML2"
9.03168694438771e-23,0.636822910964882,0.659,0.607,2.29287436457171e-18,"3","SNRPEP4"
1.05371234774828e-22,1.23081408863717,0.412,0.264,2.67505953722855e-18,"3","SRGAP1"
1.46205825144159e-22,1.10818399258675,0.455,0.312,3.71172728293476e-18,"3","NOC3L"
2.2206544603714e-22,1.33077356471888,0.336,0.186,5.63757547854487e-18,"3","TRMT1"
3.39628921215525e-22,0.705183295516251,0.629,0.555,8.62215942289853e-18,"3","PTPN11"
3.46549184866156e-22,0.569887126492076,0.727,0.664,8.79784415619709e-18,"3","BTG3"
3.54052526487902e-22,0.735341208941698,0.657,0.569,8.98833148994837e-18,"3","ATP6V1B2"
4.21138360516117e-22,0.658169797465312,0.655,0.571,1.06914395584227e-17,"3","SNW1"
4.62088779491827e-22,0.65767812618648,0.646,0.575,1.1731047844959e-17,"3","ABCF1"
5.0970349664903e-22,0.683773777632628,0.651,0.579,1.29398426694289e-17,"3","LARS"
6.34356794103663e-22,1.05773292570554,0.456,0.318,1.61044159319097e-17,"3","PRPF19"
6.38925103966442e-22,0.684287893616391,0.633,0.536,1.62203916143961e-17,"3","RPL7P1"
7.36418535590232e-22,0.755997168398781,0.597,0.497,1.86954573630292e-17,"3","YARS"
7.60148635031321e-22,1.11717475311799,0.456,0.311,1.92978933975401e-17,"3","DDX39A"
9.74634236470213e-22,1.0821996634049,0.451,0.309,2.47430393612693e-17,"3","LONP1"
1.23279191521656e-21,0.983628836579111,0.481,0.343,3.12968883516027e-17,"3","ABCF2"
1.44384607643775e-21,0.69149603949004,0.69,0.625,3.66549203425251e-17,"3","DSE"
1.5337535024577e-21,0.83646041716927,0.571,0.458,3.89374001668935e-17,"3","ESF1"
1.85073731845632e-21,0.656179642862832,0.644,0.569,4.69846683036507e-17,"3","LAPTM4B"
2.21914325681977e-21,0.677693322856246,0.657,0.583,5.63373898608835e-17,"3","GLS"
2.51785825426609e-21,0.967237558820576,0.508,0.38,6.39208675010533e-17,"3","RFLNB"
2.66030281198253e-21,0.880470045425315,0.555,0.432,6.75371074878006e-17,"3","HIVEP2"
5.26008997064597e-21,1.00350202471399,0.488,0.36,1.33537904084789e-16,"3","PES1"
5.38112407951071e-21,0.691561770346211,0.633,0.552,1.36610597006538e-16,"3","SUPT16H"
6.06952817820964e-21,1.21795637871934,0.351,0.204,1.54087111860208e-16,"3","SLIT2"
6.31889034761135e-21,1.42460692550403,0.288,0.151,1.60417669254809e-16,"3","SLC25A22"
7.33920596148785e-21,0.649861277887211,0.633,0.568,1.86320421744292e-16,"3","CORO1C"
8.82259195505659e-21,0.878119836580708,0.568,0.459,2.23979141963022e-16,"3","BAG3"
8.8327985271782e-21,0.554988046333306,0.703,0.645,2.24238256209473e-16,"3","LSM14A"
9.30306243639617e-21,0.992520817452281,0.499,0.377,2.3617684607279e-16,"3","LRPPRC"
1.22477499462637e-20,0.628306991486751,0.664,0.599,3.10933627885797e-16,"3","NARS"
1.2399546757096e-20,0.684665014686943,0.64,0.552,3.14787293522397e-16,"3","IPO5"
1.34027969118115e-20,0.766298865907011,0.581,0.486,3.40256805200159e-16,"3","CDC123"
1.7327486288104e-20,0.705054841373722,0.62,0.523,4.39892894396095e-16,"3","SF3A1"
1.97445305863003e-20,1.35208287946343,0.321,0.179,5.01254397994406e-16,"3","ZNF562"
2.28485224095242e-20,1.3565323573316,0.345,0.208,5.80055438410591e-16,"3","TSR1"
3.05554899702912e-20,1.47403822172943,0.278,0.145,7.75712223875783e-16,"3","NOL6"
3.56630668824573e-20,0.574723124063728,0.677,0.605,9.05378278944943e-16,"3","DHX36"
3.76844425277967e-20,0.955539658390052,0.499,0.377,9.56694942453175e-16,"3","TRIO"
3.79488491617097e-20,1.30779082536352,0.328,0.186,9.63407433668325e-16,"3","ERN1"
5.64916332466698e-20,0.732612460070041,0.622,0.531,1.43415309323321e-15,"3","DDX6"
6.16936975148697e-20,0.904828321716577,0.518,0.411,1.56621789881e-15,"3","ALG3"
9.40879677218842e-20,0.976091638377901,0.503,0.38,2.38861123655547e-15,"3","TXNRD1"
9.87489785697444e-20,0.502470283522398,0.751,0.709,2.5069403189501e-15,"3","XBP1"
1.0098526464148e-19,0.831376110782596,0.553,0.445,2.56371291345325e-15,"3","DDX27"
1.87869349762026e-19,0.793371165960499,0.555,0.456,4.76943918240856e-15,"3","DAP3"
1.94504508870732e-19,0.886658343307866,0.519,0.411,4.93788596670127e-15,"3","ATIC"
1.97039215000057e-19,1.16185639908295,0.397,0.261,5.00223455120645e-15,"3","MET"
3.06307397175028e-19,1.33440861432565,0.319,0.185,7.77622589208244e-15,"3","NOP14"
3.40726431246442e-19,1.3128416715553,0.323,0.186,8.65002191005342e-15,"3","NUDCD1"
3.63556111063652e-19,1.36282624198554,0.334,0.2,9.22959899157293e-15,"3","LTV1"
3.69599045125855e-19,0.756284005317978,0.575,0.499,9.38301095861009e-15,"3","MAGOH"
3.89851143705888e-19,0.685278701386377,0.583,0.5,9.89715098526139e-15,"3","DENR"
4.08400083935353e-19,0.914170647231548,0.512,0.409,1.03680529308668e-14,"3","POLE3"
4.1091327775236e-19,1.00048583382938,0.468,0.344,1.04318553822992e-14,"3","TOMM34"
4.57288749586572e-19,0.511660456452842,0.716,0.68,1.16091894857543e-14,"3","EIF3D"
4.93508688538234e-19,0.632881848724812,0.612,0.545,1.25287050759202e-14,"3","IMPDH2"
7.0197609145535e-19,1.25179704943866,0.328,0.194,1.7821067033777e-14,"3","XPO5"
7.21231928043366e-19,0.522023942498484,0.688,0.65,1.83099149572369e-14,"3","GSPT1"
8.57282551105377e-19,0.723339895885448,0.577,0.478,2.17638321249122e-14,"3","SNRPGP10"
9.3046227600736e-19,0.662231544195894,0.601,0.529,2.36216458009988e-14,"3","NDUFAF2"
1.03582909696433e-18,1.39361441182225,0.295,0.167,2.62965932846335e-14,"3","SLC16A2"
1.09331766374551e-18,0.768025139114992,0.551,0.435,2.77560555295071e-14,"3","SMC1A"
1.2883557554435e-18,1.06607446282468,0.436,0.316,3.27074875634442e-14,"3","WDR75"
1.32426589858339e-18,0.705244973149092,0.588,0.486,3.36191383673364e-14,"3","PPP4R3B"
1.81836003313005e-18,0.681381341664349,0.618,0.541,4.61627061610725e-14,"3","SLTM"
1.83938688007541e-18,1.11959867747679,0.412,0.289,4.66965147244744e-14,"3","GART"
2.10091666291735e-18,0.609744315362495,0.659,0.605,5.33359713214829e-14,"3","NSRP1"
2.25364487706342e-18,0.65312023629491,0.623,0.566,5.7213282494009e-14,"3","COA4"
2.59981598892309e-18,0.747185830881907,0.553,0.45,6.60015285107904e-14,"3","CACYBP"
2.63198138759726e-18,0.706610991021538,0.583,0.485,6.68181114869315e-14,"3","IRAK1"
2.63287600700902e-18,0.807800907576802,0.538,0.44,6.68408231899381e-14,"3","PURB"
3.09566636214585e-18,0.768788801527496,0.562,0.474,7.85896819357967e-14,"3","PRPF38B"
3.22923390274055e-18,0.633193796514678,0.629,0.539,8.19805610888744e-14,"3","PSMC3"
4.12301019037451e-18,1.01757359644194,0.451,0.336,1.04670859703038e-13,"3","MRPL1"
4.52576961017916e-18,0.523811948179937,0.694,0.648,1.14895713093618e-13,"3","ZFP91"
4.56005336762841e-18,1.36549650662939,0.273,0.148,1.15766074843983e-13,"3","NOL9"
4.64279929847293e-18,0.554390054878043,0.673,0.614,1.17866745790332e-13,"3","THOC2"
6.61525573885074e-18,0.873344274270786,0.505,0.398,1.67941497442204e-13,"3","GATAD2A"
6.90235825321964e-18,0.970429961530314,0.443,0.326,1.75230168974487e-13,"3","TMEM11"
7.39714883671782e-18,0.988069198404701,0.442,0.324,1.87791417517755e-13,"3","RPP30"
1.2751920094327e-17,0.581193143312923,0.664,0.579,3.23732995434679e-13,"3","TRA2B"
1.31055223764003e-17,0.710167740420434,0.581,0.458,3.32709896569673e-13,"3","GEM"
1.51156466012295e-17,0.841133925454954,0.506,0.4,3.83740920265413e-13,"3","SRRT"
1.76439011629285e-17,1.08216552779838,0.406,0.284,4.47925718823265e-13,"3","NGDN"
2.91179458659258e-17,0.965217270566942,0.455,0.33,7.39217291698259e-13,"3","MTHFD2L"
3.1368069327357e-17,0.873767657074031,0.49,0.379,7.96341176013613e-13,"3","PSMD7"
5.1415207454372e-17,0.964108333777796,0.44,0.316,1.30527787164414e-12,"3","RLF"
6.65002710595321e-17,1.04121805254519,0.458,0.342,1.68824238138834e-12,"3","SNHG1"
9.66691205864028e-17,0.846679146677343,0.497,0.392,2.45413896432701e-12,"3","PTCD3"
1.22337976867154e-16,1.134045954023,0.317,0.191,3.10579421872645e-12,"3","NABP1"
1.2289595826156e-16,1.32184782737803,0.263,0.144,3.11995969238623e-12,"3","MAK16"
1.31266940619099e-16,0.805086059738348,0.529,0.435,3.33247382149707e-12,"3","NOB1"
1.58668501236494e-16,0.653028063568794,0.633,0.573,4.02811724089088e-12,"3","SLC11A2"
1.89706870442102e-16,0.518683633157641,0.657,0.611,4.81608831991365e-12,"3","PSMB3"
1.9019272989738e-16,1.46860097517837,0.254,0.139,4.82842283390477e-12,"3","EXOSC2"
2.50882517826873e-16,1.46283299429452,0.26,0.144,6.36915448007083e-12,"3","BYSL"
2.64394396200586e-16,1.0644060198008,0.399,0.276,6.71218053634429e-12,"3","CHD1"
2.79040741228939e-16,0.515213939239669,0.696,0.655,7.08400729757907e-12,"3","ZFR"
3.12734057765807e-16,0.817205895101841,0.512,0.419,7.93937952450054e-12,"3","FARSA"
3.62603177729758e-16,1.44600294601608,0.256,0.141,9.20540687302537e-12,"3","NOM1"
3.93091100580119e-16,0.552485043749344,0.666,0.608,9.97940377042748e-12,"3","SERP1"
4.09272238177225e-16,0.680607547522069,0.583,0.51,1.03901943106052e-11,"3","ABHD2"
4.4720572263603e-16,0.831877356157896,0.494,0.393,1.13532116805609e-11,"3","MRPL42"
4.48010787035242e-16,0.72332907075967,0.547,0.459,1.13736498504637e-11,"3","ALYREF"
5.12095455424976e-16,1.08073709554283,0.397,0.283,1.30005673268739e-11,"3","NSUN2"
5.91412047600412e-16,0.919850888926897,0.462,0.35,1.50141776524317e-11,"3","AMD1"
8.59060144582246e-16,0.723939239490255,0.54,0.445,2.18089598905095e-11,"3","DNAJB6"
9.26508587009765e-16,1.01935239882618,0.41,0.288,2.35212734984169e-11,"3","OTUD4"
9.97017714793641e-16,0.66641581388819,0.583,0.513,2.53112887254662e-11,"3","WBP11"
1.02439829553685e-15,1.06921467996634,0.391,0.276,2.60063995287941e-11,"3","RRP7A"
1.04385495174706e-15,0.763670095556731,0.527,0.443,2.65003456600025e-11,"3","ECHDC1"
1.085897525912e-15,0.51182421391376,0.798,0.81,2.75676804903278e-11,"3","CCL20"
1.7711852029226e-15,0.914746516727983,0.447,0.334,4.49650787465961e-11,"3","IFRD1"
1.80799174759549e-15,0.98828413769262,0.423,0.313,4.58994864962066e-11,"3","ZNF787"
1.91092032131053e-15,0.531133695266882,0.664,0.614,4.85125341971103e-11,"3","PRPF8"
1.99835684394489e-15,0.872137128023862,0.469,0.374,5.07322851972289e-11,"3","SNRPEP2"
2.07668457842414e-15,0.66121446011443,0.564,0.484,5.27207913924535e-11,"3","MAPRE1"
2.353523051115e-15,0.813119013798007,0.497,0.409,5.97488896986564e-11,"3","CCDC124"
2.93413680380388e-15,0.611440131044783,0.579,0.517,7.4488931038169e-11,"3","SNRPGP2"
3.11603793946709e-15,1.31201608693166,0.269,0.155,7.91068551692511e-11,"3","DIEXF"
3.22396351468301e-15,0.945559504075049,0.434,0.326,8.18467617472577e-11,"3","DYNC1LI1"
3.52826848571245e-15,0.550448284082064,0.657,0.629,8.95721520467819e-11,"3","WDR82"
3.66654440155061e-15,0.661366136851366,0.592,0.524,9.30825627221654e-11,"3","DHX15"
4.1900092732313e-15,0.803072971298723,0.49,0.399,1.06371765419523e-10,"3","RBM8B"
4.31968432814632e-15,0.591948768856584,0.614,0.549,1.09663826038651e-10,"3","TMEM87A"
5.76207987871712e-15,1.19144756461178,0.312,0.197,1.46281921880992e-10,"3","DHX33"
5.77631715244858e-15,1.22599861601123,0.319,0.205,1.46643363549212e-10,"3","CCDC58"
5.90079497784336e-15,1.38380769477726,0.265,0.153,1.49803482102509e-10,"3","PINX1"
6.03631277632879e-15,1.04461180443429,0.395,0.282,1.53243872452659e-10,"3","MRPS35"
6.14349140767965e-15,0.621875904266359,0.59,0.524,1.55964816366763e-10,"3","RBM22"
6.54529179991772e-15,1.2039798053433,0.302,0.186,1.66165322924511e-10,"3","WDR36"
6.81182063588486e-15,0.836554756807345,0.49,0.391,1.72931690483209e-10,"3","YES1"
6.96020723985544e-15,0.661268329482721,0.566,0.503,1.7669878119821e-10,"3","PITPNB"
7.08638622026599e-15,0.703048639934279,0.545,0.463,1.79902086973893e-10,"3","ZNF281"
1.17912330410012e-14,1.08181924057501,0.365,0.253,2.99344033211898e-10,"3","SRPK1"
1.47298765262848e-14,0.88351886813764,0.462,0.37,3.73947375372793e-10,"3","SAFB"
1.50422323159838e-14,0.800814111914287,0.508,0.418,3.8187715180588e-10,"3","PPTC7"
2.45849654181866e-14,0.892813247848813,0.451,0.348,6.24138517071502e-10,"3","PARL"
2.67381264808299e-14,0.878157848684957,0.458,0.361,6.78800816968828e-10,"3","SRA1"
2.76910236598444e-14,0.90275474999521,0.438,0.33,7.0299201765247e-10,"3","BMS1"
3.2334993641249e-14,0.675885130457804,0.592,0.525,8.20888483570388e-10,"3","IRF1"
3.31273138918437e-14,0.657879083865755,0.583,0.522,8.41003117772236e-10,"3","BCL2A1"
4.83425561538161e-14,0.640733023559309,0.566,0.507,1.22727247307693e-09,"3","PSMC1P1"
6.1070980575666e-14,0.88443352666271,0.456,0.36,1.55040898387443e-09,"3","GPR176"
6.19780357582207e-14,1.01702771094039,0.356,0.244,1.57343639379395e-09,"3","DDX56"
6.5628807414835e-14,1.0297871713888,0.36,0.251,1.66611853384042e-09,"3","SCO1"
6.82708602929096e-14,0.897005013801588,0.408,0.3,1.7331923302561e-09,"3","SKIV2L2"
7.05659941688912e-14,0.536472678398997,0.627,0.577,1.79145889396564e-09,"3","AAMP"
7.19374624820971e-14,0.522331879435748,0.633,0.581,1.826276360033e-09,"3","YKT6"
7.39953761323074e-14,1.19795875360123,0.314,0.205,1.87852061387089e-09,"3","MRPL9"
7.65533410779877e-14,1.16915795072934,0.301,0.188,1.94345966994687e-09,"3","MFHAS1"
8.69730561226405e-14,1.23613006168905,0.291,0.185,2.20798497578547e-09,"3","HSPE1P2"
9.03143337470868e-14,0.986553598680417,0.397,0.291,2.29280999083729e-09,"3","CTNNBL1"
9.98514642652507e-14,0.644656558576432,0.551,0.487,2.53492912330192e-09,"3","POLD2"
1.40286518491789e-13,0.827627863096176,0.471,0.38,3.56145384495105e-09,"3","LPXN"
1.48549414137505e-13,1.18692560795568,0.295,0.186,3.77122397670883e-09,"3","MDN1"
1.52738002927501e-13,0.534786206503831,0.67,0.634,3.87755968032047e-09,"3","ARL8B"
1.72250332583116e-13,0.855943396695066,0.438,0.346,4.37291919328757e-09,"3","EMG1"
1.93986493814481e-13,1.09290666268895,0.315,0.205,4.92473511846823e-09,"3","AHCTF1"
1.99660462880276e-13,1.01132812031588,0.393,0.297,5.06878017114158e-09,"3","MT1A"
2.21066402060698e-13,0.947477972653755,0.404,0.302,5.61221274911494e-09,"3","RRN3"
2.23233757903086e-13,0.66555235369152,0.577,0.523,5.66723541188565e-09,"3","PNPLA8"
2.46779457554602e-13,0.867596789304691,0.471,0.386,6.26499008893867e-09,"3","SAFB2"
2.96500173756687e-13,0.834721741363478,0.46,0.38,7.52724991116101e-09,"3","EFTUD2"
3.10169768034375e-13,0.879693213675029,0.417,0.319,7.87427990108867e-09,"3","NPM3"
3.30419202621853e-13,0.892939055640068,0.427,0.329,8.38835229696097e-09,"3","ZC3H18"
3.40210627119181e-13,1.12849402225859,0.321,0.219,8.63692719067464e-09,"3","SERBP1P1"
3.82741754174618e-13,0.934244303168169,0.39,0.284,9.71666491323102e-09,"3","RFK"
4.06002457595947e-13,0.503225237474249,0.633,0.605,1.03071843909883e-08,"3","MRPS18B"
4.53934629345175e-13,0.814035069515788,0.449,0.357,1.15240384351859e-08,"3","EIF3M"
4.63623217912954e-13,0.641746613093041,0.544,0.502,1.17700026331562e-08,"3","PSME3"
4.87700005669512e-13,0.609247643920406,0.579,0.533,1.23812400439319e-08,"3","CNOT9"
5.06495120694754e-13,0.562812245347055,0.625,0.558,1.28583916290777e-08,"3","NFKB1"
6.39299970788778e-13,0.640288003430647,0.544,0.486,1.62299083584147e-08,"3","PSMC6"
7.26987286585266e-13,1.05874032517326,0.315,0.208,1.84560262445401e-08,"3","NUP205"
7.78447427351288e-13,0.693134007329759,0.525,0.45,1.97624448381671e-08,"3","SRP68"
8.96673579376645e-13,0.775882968615113,0.468,0.38,2.27638521596349e-08,"3","TMA16"
9.59656627645342e-13,0.911378930265909,0.39,0.285,2.43628028060323e-08,"3","NCLN"
1.05749671430003e-12,0.800086871103724,0.468,0.391,2.68466690859348e-08,"3","DFFA"
1.13905642484018e-12,0.607093050667957,0.568,0.513,2.89172254574175e-08,"3","PPP2CB"
1.43810803375245e-12,1.03822268173712,0.319,0.216,3.65092486528734e-08,"3","AL109618.1"
1.46062216625612e-12,1.00637260717466,0.334,0.231,3.7080814934744e-08,"3","PHB"
1.94791535556407e-12,0.966583367830737,0.345,0.239,4.94517271317051e-08,"3","NUP88"
2.11129913897131e-12,0.879444424872992,0.425,0.33,5.35995512410648e-08,"3","TSR2"
2.23027979446927e-12,0.891670576374199,0.41,0.322,5.66201131421914e-08,"3","KRR1"
2.41407094011152e-12,0.76482727572526,0.497,0.436,6.12860189566113e-08,"3","PNN"
2.53891265157666e-12,0.895874803628805,0.412,0.318,6.44553754855767e-08,"3","CEBPZ"
2.63172494874065e-12,1.20817204170006,0.256,0.157,6.68116012736789e-08,"3","PUS7"
2.63983732575066e-12,1.01862837412775,0.397,0.303,6.70175501888319e-08,"3","FAM129A"
3.44573837141786e-12,0.666276599079756,0.536,0.487,8.74769600351852e-08,"3","TIPRL"
3.99254220951111e-12,0.739257652537502,0.484,0.418,1.01358669072859e-07,"3","FAM168B"
4.16367704440652e-12,1.09780300665439,0.319,0.218,1.05703269126348e-07,"3","TP53BP2"
4.39650132398215e-12,0.664692713085031,0.505,0.43,1.11613979111935e-07,"3","SLC7A1"
4.6905956902786e-12,1.14845722746737,0.312,0.213,1.19080152789103e-07,"3","LAS1L"
5.13065057689904e-12,1.28129492189951,0.271,0.174,1.30251826195736e-07,"3","CAPN15"
5.37938928927314e-12,1.06195968328771,0.321,0.22,1.36566555886777e-07,"3","CEBPG"
5.96865976725738e-12,0.815672078812877,0.44,0.345,1.51526365511363e-07,"3","MTA2"
6.0019689581018e-12,1.02339179849655,0.315,0.213,1.5237198593933e-07,"3","POLR3A"
6.54028814387364e-12,0.558045342771918,0.588,0.545,1.6603829510852e-07,"3","EIF4A3"
6.88749881270198e-12,1.27299248320777,0.252,0.157,1.74852932358065e-07,"3","PRMT3"
1.0612951700071e-11,1.01234314481486,0.301,0.194,2.69431004809702e-07,"3","DOT1L"
1.07401804325976e-11,0.815768484341708,0.41,0.311,2.72660960642355e-07,"3","FASN"
1.18008826240974e-11,0.571942611555276,0.596,0.55,2.9958900717796e-07,"3","RBBP6"
1.40346404256445e-11,0.666603320507889,0.506,0.436,3.56297416485838e-07,"3","MAP1B"
1.41665454715372e-11,1.08640522652802,0.308,0.211,3.59646089885914e-07,"3","ADRM1"
1.45454441851083e-11,0.998379342553636,0.356,0.264,3.69265191527346e-07,"3","MRPS30"
1.5921253889667e-11,0.921986840895114,0.31,0.202,4.04192872496977e-07,"3","TRIB1"
1.59287457835181e-11,1.01379512401285,0.306,0.208,4.04383069206175e-07,"3","AGPAT5"
1.61944366276007e-11,1.06239877882691,0.312,0.214,4.11128162664898e-07,"3","METTL16"
1.72289702786079e-11,0.707184653985396,0.468,0.387,4.37391868463019e-07,"3","TPRKB"
2.02217905315202e-11,1.02030402808266,0.336,0.247,5.13370596223702e-07,"3","SERBP1P5"
2.09113188983615e-11,0.572191597419983,0.594,0.548,5.30875652872702e-07,"3","TNFRSF10B"
2.52936349697838e-11,1.05238132774902,0.295,0.197,6.42129510977901e-07,"3","RPAP1"
2.77324792723687e-11,1.0622100521407,0.267,0.169,7.04044451287625e-07,"3","CAD"
2.83052670716536e-11,0.67681134954581,0.503,0.427,7.1858581514807e-07,"3","SSSCA1"
2.87140862727707e-11,0.82786548706351,0.425,0.34,7.28964508206831e-07,"3","STK4"
4.02788731600106e-11,0.738243360944052,0.451,0.371,1.02255975291319e-06,"3","SMG1"
4.07697008360216e-11,0.562195861573676,0.564,0.522,1.03502039512408e-06,"3","RTRAF"
4.24753815890890e-11,0.933403793682112,0.375,0.287,1.0783225124022e-06,"3","TTLL12"
4.3910664345663e-11,0.578692919938298,0.571,0.537,1.11476003574335e-06,"3","PLEKHB2"
4.48170862957783e-11,1.09350724197157,0.302,0.207,1.13777136979092e-06,"3","DUSP16"
4.6310873147834e-11,0.808823366553691,0.41,0.318,1.17569413660406e-06,"3","PHF14"
4.65458640167259e-11,0.50675095410417,0.581,0.541,1.18165984979262e-06,"3","EIF2S2P4"
4.84195309997399e-11,0.720631585567613,0.488,0.416,1.2292266334904e-06,"3","PPP4R2"
4.86890348895126e-11,0.528078703049436,0.571,0.531,1.23606852874006e-06,"3","RBM17"
5.02312875120007e-11,0.65687619701182,0.512,0.438,1.27522169606716e-06,"3","BUD23"
5.02870572461994e-11,0.547901490621952,0.588,0.557,1.27663752230927e-06,"3","RPS6KA3"
5.32035344836453e-11,1.02133604256653,0.353,0.267,1.3506781299363e-06,"3","NDUFAF4"
6.67436360320228e-11,0.638570686459809,0.512,0.458,1.69442068794496e-06,"3","PHAX"
6.68169394336263e-11,1.03905668041404,0.299,0.205,1.69628164140147e-06,"3","NPM1P6"
6.99780648135508e-11,0.666989317693167,0.54,0.484,1.77653313142161e-06,"3","MAFG"
7.01683113534321e-11,1.07111377673992,0.317,0.226,1.78136292032958e-06,"3","CCT8P1"
7.31601080596063e-11,0.59359714476699,0.519,0.451,1.85731566330923e-06,"3","CWC27"
7.92176008832425e-11,0.845637653281058,0.399,0.317,2.01109723362288e-06,"3","WDR18"
8.06217755885038e-11,0.979589741088138,0.371,0.291,2.04674501686535e-06,"3","SART3"
9.39008509387379e-11,1.16722055934099,0.256,0.162,2.38386090278174e-06,"3","KITLG"
9.6166354376543e-11,0.750391357568919,0.469,0.411,2.4413752385573e-06,"3","PLRG1"
1.04126099708282e-10,0.772693742520198,0.419,0.33,2.64344929329414e-06,"3","JMJD6"
1.04576686654713e-10,0.977732324518817,0.323,0.229,2.6548883441032e-06,"3","LETM1"
1.06327821215837e-10,0.54384298809817,0.579,0.541,2.69934439720645e-06,"3","DRAM1"
1.09219577519291e-10,0.536288940629904,0.566,0.526,2.77275741448223e-06,"3","SDHB"
1.42716592184008e-10,0.78264930498579,0.377,0.28,3.6231461257754e-06,"3","MRPL39"
1.42953817577674e-10,0.566143177048964,0.575,0.536,3.62916856684441e-06,"3","ZC3H13"
1.45709482761806e-10,0.508439879186292,0.623,0.599,3.69912663887396e-06,"3","RYBP"
1.56898420329238e-10,0.832631644449088,0.406,0.332,3.98318019689836e-06,"3","NELFCD"
1.57084080979734e-10,1.09976545019904,0.254,0.162,3.98789356383251e-06,"3","METTL2A"
1.59159889370285e-10,0.993220036928279,0.338,0.248,4.04059211144344e-06,"3","GTF2H1"
1.61486246595456e-10,0.555056744733642,0.558,0.521,4.09965134231883e-06,"3","GTF2F2"
1.92229757491451e-10,1.1518872803736,0.267,0.178,4.88013685343546e-06,"3","FAM208B"
1.93817162700028e-10,0.774415565469698,0.416,0.337,4.92043630946562e-06,"3","RPA2"
2.10991929081648e-10,0.739391904987569,0.473,0.414,5.35645210359581e-06,"3","MRPL32"
2.14415148824849e-10,0.733159207320078,0.427,0.348,5.44335738321645e-06,"3","MPHOSPH6"
2.15022097098009e-10,0.982407589750517,0.347,0.265,5.45876597902716e-06,"3","GATC"
2.17753543129647e-10,0.715284011284613,0.469,0.394,5.52810919943235e-06,"3","SPHK1"
2.21275107081695e-10,0.777072950354351,0.406,0.32,5.61751114348298e-06,"3","FAM98B"
2.48499790682838e-10,0.805163072038902,0.404,0.322,6.30866418606521e-06,"3","TBRG4"
2.6193760682219e-10,0.922637871972672,0.34,0.25,6.64981002439493e-06,"3","SMG7"
2.62327413168682e-10,0.502893583658777,0.596,0.572,6.65970603811332e-06,"3","PAK2"
2.65111247457743e-10,0.926487887649713,0.332,0.237,6.73037923920971e-06,"3","OTUD7B"
2.72913631779569e-10,0.789489933555894,0.399,0.31,6.92845836998791e-06,"3","POLE4"
2.88962414564164e-10,0.788505245072952,0.438,0.374,7.33588881854043e-06,"3","POLR3D"
3.00891248496477e-10,0.589721764363037,0.512,0.468,7.63872612558005e-06,"3","SRM"
3.07323555014341e-10,1.07268458431994,0.275,0.184,7.80202309114908e-06,"3","EXOSC3"
3.36912394308177e-10,1.08802710390139,0.269,0.179,8.5531949543017e-06,"3","DUSP12"
3.65380962431552e-10,0.57055171745651,0.564,0.523,9.2759264932498e-06,"3","MAP2K3"
4.18183602548514e-10,0.806783363673442,0.406,0.323,1.06164271178991e-05,"3","CWC22"
4.44549407263635e-10,0.631130632446897,0.488,0.427,1.12857758022019e-05,"3","ARPC5L"
5.06045613998453e-10,0.910067410495373,0.317,0.224,1.28469800025787e-05,"3","GOLGA8A"
5.4678518422939e-10,1.04271183913481,0.284,0.195,1.38812354720315e-05,"3","SEH1L"
5.82151546712559e-10,1.14734053308077,0.252,0.164,1.47790813163917e-05,"3","PM20D2"
6.56823843526724e-10,0.981829461710036,0.299,0.208,1.66747869156129e-05,"3","COX19"
7.69981687598683e-10,1.16586957508486,0.254,0.17,1.95475251030678e-05,"3","HNRNPUP1"
9.6451818349537e-10,0.580486162012471,0.523,0.464,2.4486223124397e-05,"3","SDAD1"
9.93395035244514e-10,0.517033312725759,0.575,0.546,2.52193197597525e-05,"3","PSMA5"
1.06035012477324e-09,0.824749725496605,0.38,0.294,2.69191086176181e-05,"3","NUP50"
1.09733880111701e-09,0.594896729945477,0.534,0.478,2.78581401439575e-05,"3","CHTOP"
1.18126038009283e-09,0.816159595356765,0.401,0.315,2.99886572694166e-05,"3","CLCF1"
1.21428756887065e-09,0.884955889292049,0.347,0.261,3.08271185109192e-05,"3","IPMK"
1.37675268568403e-09,0.692736354331321,0.46,0.4,3.49516204314604e-05,"3","XPOT"
1.40485304590424e-09,0.848307599564932,0.38,0.299,3.56650042763709e-05,"3","NUP153"
1.53224191662963e-09,0.743690297324792,0.429,0.367,3.88990255374763e-05,"3","BZW2"
1.62445778080068e-09,0.632774089025903,0.464,0.4,4.1240109681187e-05,"3","RANBP1"
2.04972946394544e-09,0.562858686460103,0.534,0.483,5.20364819011829e-05,"3","RNMT"
2.05130015971854e-09,0.588587580854788,0.527,0.491,5.20763571547747e-05,"3","SF3B3"
2.07273731320357e-09,0.694354661358345,0.481,0.424,5.26205821702991e-05,"3","HCFC1"
2.12170393630519e-09,0.618777196166128,0.501,0.453,5.38636978309798e-05,"3","LRRFIP2"
2.14660409375807e-09,0.55908436559376,0.529,0.477,5.44958381282362e-05,"3","SMC3"
2.42628914419636e-09,0.607830848554897,0.503,0.44,6.15962025037129e-05,"3","ANKRD17"
2.70948412584246e-09,0.773261123719165,0.406,0.343,6.87856735027624e-05,"3","SNRPA1"
2.97865403223509e-09,0.932464900991131,0.312,0.228,7.56190899163522e-05,"3","NHP2"
3.38566813803943e-09,0.644329279026967,0.46,0.396,8.5951957020407e-05,"3","MPHOSPH10"
3.83482980659415e-09,0.76000190385555,0.414,0.339,9.73548243000056e-05,"3","CSK"
3.97557903076031e-09,0.692597276392105,0.456,0.395,0.000100928024853912,"3","MED1"
4.26790725064819e-09,0.763406381248137,0.371,0.29,0.000108349361372206,"3","PPP1R14C"
4.91649598748543e-09,0.986410312917222,0.299,0.215,0.000124815083634293,"3","SART1"
5.86697974095812e-09,1.00140442496092,0.256,0.173,0.000148945014683704,"3","NSUN5"
5.88486035721786e-09,0.967049146254921,0.276,0.193,0.00014939894988869,"3","ECSIT"
6.17619322950429e-09,0.767858651901741,0.39,0.312,0.000156795017517426,"3","FOXK1"
7.17501250085160e-09,0.515327687271428,0.544,0.511,0.000182152042359119,"3","DCBLD2"
7.22291007684817e-09,0.508069209442632,0.532,0.482,0.000183368018120945,"3","SRSF1"
7.906209768064e-09,0.950557997955682,0.317,0.24,0.000200714947381841,"3","MRPL58"
8.17234906160308e-09,0.735614685580558,0.406,0.337,0.000207471425626917,"3","CHCHD3"
8.48382319624674e-09,0.953622326925252,0.282,0.198,0.000215378819483116,"3","SPOUT1"
9.25977273109478e-09,1.04698944088411,0.288,0.21,0.000235077850324303,"3","MARS"
9.69638439970102e-09,0.868953590271162,0.353,0.276,0.00024616211075521,"3","PRPS1"
9.79801571239685e-09,0.553968330229346,0.547,0.52,0.000248742224890619,"3","RABGGTB"
1.07575760154991e-08,0.602514853125618,0.479,0.424,0.000273102582305475,"3","SPCS2P4"
1.1211179417562e-08,0.706421273250132,0.447,0.389,0.000284618211873646,"3","GCN1"
1.29431748040109e-08,1.03521484180921,0.271,0.191,0.000328588378749424,"3","RANP1"
1.33372832720723e-08,0.519991411235739,0.525,0.479,0.0003385936104281,"3","SNRNP200"
1.37482972854903e-08,0.917275404634935,0.301,0.219,0.000349028023186741,"3","WDR12"
1.5375541982424e-08,0.933292527203702,0.299,0.22,0.000390338884307798,"3","AL035458.1"
1.81871609385228e-08,0.843944937465625,0.375,0.307,0.000461717454746277,"3","AKIRIN2"
1.88301505915584e-08,0.620427877736398,0.49,0.429,0.000478041033067894,"3","CREB5"
1.88482848137236e-08,0.692262400782493,0.39,0.313,0.000478501406566001,"3","CRKL"
2.0540355196693e-08,0.736721063496286,0.395,0.324,0.000521457997378445,"3","IARS"
2.07251238165264e-08,0.946074326160527,0.282,0.202,0.000526148718330156,"3","C12orf45"
2.36305864178768e-08,1.01248285955958,0.262,0.184,0.000599909697390639,"3","PNP"
2.3917835657026e-08,0.825676285763526,0.354,0.277,0.000607202093824919,"3","PPP4R3A"
2.43644559227991e-08,0.721561611700136,0.43,0.376,0.000618540442512101,"3","RSBN1"
2.44183015434453e-08,0.520584080646307,0.51,0.457,0.000619907421283446,"3","CCND2"
2.8842686983207e-08,0.791786346382973,0.362,0.286,0.000732229294442677,"3","PPP1R8"
2.96579336087727e-08,0.651089229873066,0.401,0.322,0.000752925960525912,"3","SLC20A1"
3.03356373283606e-08,0.525189549168692,0.536,0.502,0.00077013082485509,"3","TRIM44"
3.57664282535304e-08,0.628012912705222,0.46,0.397,0.000908002314072377,"3","ETS2"
4.08676128820869e-08,0.805547658374179,0.347,0.269,0.00103750608823754,"3","IL7R"
4.2486038848228e-08,0.706299536290762,0.438,0.368,0.00107859306823997,"3","HAS2"
4.26522318074442e-08,0.638998150419954,0.462,0.406,0.00108281220889558,"3","EXOSC6"
4.26745989505841e-08,0.746935664454686,0.406,0.348,0.00108338004355848,"3","MIEF1"
4.63222661544498e-08,0.561809774954322,0.501,0.458,0.00117598337086302,"3","SMARCC1"
6.24655749053851e-08,0.545498193707439,0.49,0.435,0.00158581355012301,"3","SRP19"
6.53507509894574e-08,0.819813511211761,0.341,0.269,0.00165905951536935,"3","DCUN1D5"
6.71748258491093e-08,0.988282439293367,0.291,0.217,0.00170536730383134,"3","RBM14"
6.90574524517812e-08,0.724227907377645,0.391,0.322,0.00175316154539337,"3","TERF2"
7.59919564722895e-08,0.680401639380142,0.395,0.323,0.00192920779896201,"3","RBM10"
7.96180764987542e-08,0.735312664185756,0.384,0.321,0.00202126410807387,"3","LLPH"
8.13304152566804e-08,0.785938120230689,0.364,0.289,0.00206473525212135,"3","WWC2"
8.50339007064211e-08,0.619855151437736,0.481,0.444,0.00215875563723391,"3","FAF2"
9.86150573208627e-08,0.848723924455164,0.328,0.253,0.00250354046020474,"3","PPP1R15B"
1.00152049755308e-07,0.772350452659385,0.362,0.283,0.002542560087138,"3","DDX54"
1.1826019288107e-07,0.836289967794016,0.323,0.25,0.00300227151667172,"3","SMPD4"
1.24230212517299e-07,0.918459057014125,0.273,0.197,0.00315383240517667,"3","ELL"
1.25328517598202e-07,1.00709475186954,0.262,0.188,0.00318171507626555,"3","SNIP1"
1.57041982258775e-07,0.582911821487045,0.49,0.458,0.00398682480360352,"3","MRPS15"
1.70805094527339e-07,0.74018997074396,0.341,0.269,0.00433622893476554,"3","RRAS2"
1.87440079916375e-07,1.01222364593373,0.262,0.19,0.00475854130883701,"3","ABRAXAS2"
1.87460183787179e-07,0.574429603225565,0.477,0.441,0.00475905168580512,"3","PFDN6"
1.92255277287914e-07,0.597668425881123,0.486,0.443,0.00488078472450827,"3","YTHDC1"
1.97884917248044e-07,0.615451127826855,0.443,0.387,0.0050237043941761,"3","CHRAC1"
2.00398527820013e-07,0.714332685654985,0.401,0.341,0.00508751742576666,"3","NUS1"
2.04565758504968e-07,0.544906478265929,0.466,0.413,0.00519331091116562,"3","VASP"
2.07242344625569e-07,0.534826545724292,0.495,0.454,0.00526126140300933,"3","HNRNPA1P48"
2.09294628693615e-07,0.837125885684978,0.323,0.251,0.00531336273864481,"3","ZCCHC3"
2.34810640310893e-07,0.6315833616201,0.447,0.4,0.00596113772557264,"3","SNHG3"
2.4663998726688e-07,0.736934250964089,0.351,0.286,0.00626144935674428,"3","STX6"
2.56174369678717e-07,0.832288032472642,0.33,0.26,0.00650349872303358,"3","SEC23IP"
2.61305999034838e-07,0.530981319075338,0.473,0.426,0.00663377539749744,"3","GOSR1"
2.99078871901301e-07,1.09168446299022,0.254,0.186,0.00759271532095833,"3","ABTB2"
3.13242151368608e-07,0.819376238294955,0.325,0.257,0.00795227849679485,"3","MRRF"
3.16018828195372e-07,0.614046607706762,0.451,0.402,0.00802276999139591,"3","MDM2"
3.24626777514588e-07,0.858334257543684,0.338,0.271,0.00824130000076285,"3","MED6"
3.25147103602497e-07,0.912350532388984,0.308,0.241,0.00825450951915658,"3","TATDN1"
3.30351534864064e-07,0.700836766299899,0.382,0.318,0.00838663441559399,"3","CSE1L"
3.32220994109775e-07,0.555985164695227,0.484,0.453,0.00843409437746485,"3","TYW3"
3.54795265870538e-07,0.708064901814491,0.406,0.363,0.00900718741465534,"3","PEF1"
3.61380111587954e-07,0.677740111337454,0.395,0.331,0.00917435689288339,"3","JHDM1D-AS1"
3.61656179996298e-07,0.676521457224982,0.395,0.333,0.00918136544156601,"3","VTA1"
3.70993853665707e-07,0.732756157059219,0.371,0.315,0.0094184209630113,"3","PDCD2"
3.75740220260141e-07,0.791434417505068,0.317,0.248,0.00953891697174421,"3","PRPF3"
3.86093196042362e-07,0.613569788377079,0.416,0.356,0.00980174796792745,"3","ELOA"
4.30804715644563e-07,0.655289536185944,0.438,0.395,0.0109368393160685,"3","RIF1"
4.52702801954158e-07,0.500683990467575,0.494,0.451,0.0114927660332102,"3","IWS1"
4.53467557587151e-07,0.506392408538082,0.505,0.483,0.011512180884465,"3","PRKAR2A"
5.08866641504962e-07,0.74769828346422,0.353,0.29,0.0129185974278865,"3","TIMM21"
6.25816778109556e-07,0.653087537552949,0.408,0.353,0.0158876105458673,"3","TBRG1"
6.44123099035885e-07,0.714707079088978,0.382,0.322,0.016352353115224,"3","DPP9"
6.48553414881747e-07,0.610647000647607,0.412,0.351,0.0164648255436029,"3","TRMT112P6"
6.9114659821044e-07,0.821709914492675,0.321,0.257,0.0175461386887684,"3","DNAJC7"
6.97082366254363e-07,0.591871463129912,0.464,0.437,0.0176968300320995,"3","FAM204A"
7.1185207716144e-07,0.805527989447226,0.341,0.28,0.0180717886828975,"3","ETNK1"
7.56426559352144e-07,0.538834926356211,0.488,0.454,0.0192034010622729,"3","FCF1"
8.10155012228954e-07,0.638188472629192,0.421,0.377,0.0205674052954565,"3","SBNO1"
8.76640264229207e-07,0.850229975104098,0.289,0.222,0.0222552663879869,"3","CDK11B"
9.89486717776913e-07,0.71678233221824,0.367,0.307,0.0251200993042025,"3","PLPBP"
1.07153266835872e-06,0.812586956208362,0.321,0.258,0.0272029998516228,"3","SMARCD1"
1.07590016917747e-06,0.759909859200144,0.388,0.335,0.0273138775949085,"3","IER5"
1.09018460893944e-06,0.627736318173501,0.41,0.357,0.0276765166671456,"3","MTF1"
1.13509197843636e-06,0.923721703461057,0.306,0.246,0.0288165800565639,"3","NELFA"
1.17762468412527e-06,0.769540941059076,0.356,0.3,0.0298963578558881,"3","LIN7C"
1.1776758967768e-06,0.951983028063867,0.25,0.184,0.0298976579914726,"3","HAUS2"
1.1900568077073e-06,0.694528215216496,0.341,0.278,0.0302119721772653,"3","INTS13"
1.19701883036001e-06,0.565049255674147,0.458,0.413,0.0303887170463496,"3","ZNF146"
1.23493769968528e-06,0.647462230746773,0.41,0.357,0.0313513633819102,"3","CDK12"
1.23925985100584e-06,0.749209553731733,0.391,0.347,0.0314610898374853,"3","LUC7L"
1.33589214739058e-06,0.541104322856678,0.449,0.392,0.0339142939458047,"3","AGFG1"
1.35044993839565e-06,0.802043234209065,0.295,0.23,0.0342838725860502,"3","DNTTIP1"
1.42271274854102e-06,0.805831010506921,0.315,0.258,0.0361184085472108,"3","HNRNPA3P6"
1.46399418480903e-06,0.891787573024074,0.297,0.234,0.0371664203697468,"3","AL596087.1"
1.64404768739651e-06,0.751570673627607,0.334,0.275,0.0417374386399353,"3","PANK3"
1.69837948226048e-06,0.652812522164595,0.388,0.332,0.0431167599161467,"3","CTR9"
1.71244878348309e-06,0.725122089525271,0.347,0.284,0.0434739372662851,"3","KRAS"
1.77854660006018e-06,0.790590477846393,0.291,0.226,0.0451519625357277,"3","POLR3K"
1.7808239379904e-06,0.598228814015552,0.43,0.39,0.0452097773137623,"3","MRPS27"
2.22042945531226e-06,0.892345590462957,0.269,0.205,0.0563700425820123,"3","AAGAB"
2.34187975439395e-06,0.566543581822368,0.479,0.44,0.0594533013247991,"3","CSRNP1"
2.40535107519586e-06,0.723151813021638,0.34,0.275,0.0610646477459972,"3","FAM210A"
2.49600803142295e-06,0.684898950757255,0.371,0.315,0.0633661558937343,"3","FTSJ3"
2.54752535271454e-06,0.680839880500725,0.375,0.332,0.0646740261293639,"3","ERCC1"
2.5826451888901e-06,0.525797383766378,0.475,0.445,0.065565613410353,"3","ZNF706"
2.62599485615093e-06,0.532269128853658,0.477,0.446,0.0666661314131035,"3","RUVBL2"
3.040574967263e-06,0.600768972256179,0.417,0.374,0.0771910766939059,"3","RBM26"
3.05867536860829e-06,0.786638274028193,0.291,0.227,0.0776505915828587,"3","RABGEF1"
3.09144700802909e-06,0.678395397178956,0.384,0.335,0.0784825651928344,"3","PSME4"
3.31237845393841e-06,0.597382107764834,0.414,0.37,0.0840913518101345,"3","MAPK6"
3.40811309535045e-06,0.526176762702424,0.46,0.427,0.0865217671516619,"3","PFDN1"
3.53421343384602e-06,0.64243753116463,0.404,0.355,0.0897230764450488,"3","ASNA1"
3.57815027852795e-06,0.597540244683073,0.416,0.37,0.090838501120989,"3","FAM57A"
3.81814780568656e-06,0.804170637837491,0.312,0.253,0.0969313183429646,"3","DNAAF5"
3.86779872119712e-06,0.822696935464402,0.293,0.233,0.0981918061350312,"3","ZCCHC10"
4.11869114303679e-06,0.764880321958948,0.345,0.289,0.104561212048275,"3","MED27"
4.19326063861264e-06,0.678637608282426,0.378,0.329,0.106454307832459,"3","AKIRIN1"
4.24932104692871e-06,0.519202954260384,0.44,0.388,0.107877513418379,"3","SLC6A8"
4.25635619378456e-06,0.609404572925909,0.41,0.364,0.108056114691609,"3","RBM42"
4.41733961486898e-06,0.542192975821423,0.477,0.464,0.112143000802679,"3","CHMP1A"
4.58643220569733e-06,0.855278402449413,0.286,0.226,0.116435754406038,"3","EXOSC9"
4.90047076768018e-06,0.931038451864057,0.25,0.191,0.124408251379097,"3","NOL10"
5.19752446424348e-06,0.578593094906971,0.421,0.377,0.131949553573749,"3","RNF220"
5.36196054835363e-06,0.749678404666478,0.341,0.289,0.136124092441054,"3","PTGES2"
5.37923277564031e-06,0.501327184701643,0.479,0.443,0.13656258247518,"3","NCOR1"
5.7171117993501e-06,0.66903489676456,0.371,0.32,0.145140317250101,"3","TMEM183A"
5.79904245698099e-06,0.592670680969547,0.436,0.404,0.147220290855376,"3","ALG2"
6.06662439992483e-06,0.841184496015449,0.284,0.223,0.154013393640892,"3","ZBTB43"
6.97763543876466e-06,0.642230064728722,0.404,0.361,0.177141230883918,"3","SRF"
6.98717923693723e-06,0.659462194507985,0.358,0.305,0.177383519288125,"3","GLRX2"
7.72745603796938e-06,0.665105440608178,0.365,0.316,0.196176926435929,"3","ZPR1"
7.87500127061022e-06,0.866334438624562,0.256,0.196,0.199922657256982,"3","WDR46"
7.97815545624682e-06,0.873400738998075,0.25,0.19,0.202541432567738,"3","MGA"
8.16489880548167e-06,0.602169852944361,0.395,0.337,0.207282285974763,"3","HIPK2"
1.04523210358401e-05,0.812417925983099,0.288,0.231,0.265353074136873,"3","VARS"
1.1249214127263e-05,0.701821189942152,0.314,0.256,0.285583799048826,"3","HBS1L"
1.19626787945277e-05,0.633739923807511,0.395,0.348,0.303696526556674,"3","DUSP5"
1.23784838208394e-05,0.667888914081699,0.386,0.35,0.31425256875965,"3","TERF1"
1.25361563405145e-05,0.602558549744394,0.404,0.367,0.318255401016642,"3","KPNA3"
1.28746969007976e-05,0.691987882916604,0.349,0.3,0.326849930220549,"3","SERTAD1"
1.34096018886012e-05,0.808415979067788,0.301,0.25,0.34042956314592,"3","DNAJA3"
1.34922892727173e-05,0.65640182017362,0.323,0.264,0.342528747766475,"3","SPSB1"
1.39282998239986e-05,0.829724837209136,0.263,0.205,0.353597747631853,"3","FASTKD2"
1.63896365175277e-05,0.592965848921699,0.408,0.367,0.416083702270475,"3","MEAF6"
1.7152316943541e-05,0.556276724573251,0.438,0.397,0.435445870245675,"3","ATF5"
1.85320802612104e-05,0.624013482161271,0.386,0.348,0.470473921591348,"3","PRPF4"
1.90260759866165e-05,0.800238878157614,0.286,0.231,0.483014991072232,"3","RCC1L"
2.12157326715715e-05,0.773679478654871,0.308,0.261,0.538603805333187,"3","MPDU1"
2.65185844253373e-05,0.767883916718597,0.262,0.205,0.673227302806039,"3","ME2"
2.67613394604269e-05,0.771686794688278,0.297,0.243,0.679390124881857,"3","ZNF622"
3.22430312364052e-05,0.734592463630792,0.282,0.224,0.81855383399862,"3","DMAC2"
3.30470483028237e-05,0.538618634775012,0.43,0.413,0.838965415263786,"3","TWF1"
3.50631702890692e-05,0.751711119593714,0.299,0.25,0.890148704128599,"3","KHDC4"
3.62091491900339e-05,0.732117468865405,0.306,0.254,0.919241670487391,"3","EMC8"
3.66981281749585e-05,0.503617738240326,0.425,0.388,0.931655379977672,"3","SMARCA4"
3.75861971452606e-05,0.64523912212393,0.341,0.294,0.954200786926731,"3","ARIH2"
3.77324868552134e-05,0.784304481631737,0.31,0.265,0.957914643793304,"3","E2F4"
3.93888000073023e-05,0.741708704734341,0.299,0.247,0.999963465785383,"3","ASCC3"
4.02462030511562e-05,0.612380201668473,0.384,0.348,1,"3","KDM3A"
4.45694748649189e-05,0.747022359536078,0.28,0.228,1,"3","ABT1"
4.4602242527204e-05,0.636084887811986,0.371,0.333,1,"3","MED19"
5.07186768115181e-05,0.53638415291122,0.395,0.351,1,"3","ZBTB21"
5.28558661013468e-05,0.766873029520262,0.315,0.269,1,"3","JMJD1C"
5.44328910617071e-05,0.528256504899203,0.445,0.42,1,"3","MAPKAP1"
5.61546799787607e-05,0.673386052895913,0.343,0.301,1,"3","MED10"
5.66240957230684e-05,0.524065037057735,0.44,0.425,1,"3","FRG1"
5.87393814053357e-05,0.530218695953802,0.412,0.377,1,"3","SLAIN2"
6.16525299153335e-05,0.555663183014496,0.414,0.383,1,"3","WBP4"
6.47580341984935e-05,0.74046597492879,0.308,0.262,1,"3","NCS1"
6.72249421001885e-05,0.624024573575296,0.364,0.322,1,"3","MED13"
6.90790383302602e-05,0.553648321109637,0.378,0.338,1,"3","RICTOR"
6.91869193421454e-05,0.572442192186179,0.364,0.324,1,"3","KAT6A"
6.95199559486475e-05,0.751963269148322,0.278,0.226,1,"3","TAF2"
7.27018966839973e-05,0.507514876412333,0.408,0.372,1,"3","MTIF2"
7.96525061579943e-05,0.62719873177878,0.321,0.272,1,"3","SLC29A1"
8.12233075865671e-05,0.633893794025694,0.349,0.308,1,"3","SAP30BP"
8.83406626836777e-05,0.588020890012036,0.365,0.321,1,"3","COPS5"
9.09466372871434e-05,0.790270017263209,0.332,0.298,1,"3","ANKRD10"
9.65018792156924e-05,0.564321845370608,0.416,0.391,1,"3","MRPL22"
9.7633176678531e-05,0.714040669419773,0.302,0.259,1,"3","CCDC43"
9.83678567650998e-05,0.835562433254689,0.25,0.199,1,"3","MDM4"
0.000101733917969908,0.752788105023719,0.284,0.233,1,"3","ETV3"
0.00010310699976248,0.615990795964737,0.388,0.359,1,"3","SMU1"
0.000110085201419858,0.52193816314805,0.44,0.424,1,"3","TNPO3"
0.000115160485951794,0.576825909278232,0.377,0.334,1,"3","ATG4B"
0.000115345479079189,0.582894296084491,0.358,0.314,1,"3","PBDC1"
0.000116294312909009,0.511044275855512,0.473,0.472,1,"3","GCH1"
0.000117181306324614,0.635872110999681,0.288,0.236,1,"3","PPWD1"
0.000117320792167559,0.69116212161905,0.271,0.218,1,"3","ZCCHC2"
0.000120541394856585,0.708453739695613,0.321,0.278,1,"3","PRPF38A"
0.000120730028549774,0.679561850579102,0.325,0.284,1,"3","DPAGT1"
0.000124035375941431,0.624786933521946,0.349,0.305,1,"3","POP7"
0.000125273964970571,0.70358965066896,0.265,0.214,1,"3","RIOK1"
0.000139656049322834,0.672547160101151,0.325,0.28,1,"3","ASXL2"
0.000144764822845218,0.76290983347349,0.25,0.203,1,"3","GTF3C5"
0.000145232602871091,0.545205090688049,0.397,0.365,1,"3","CREBBP"
0.000155769284717661,0.785999429501547,0.252,0.203,1,"3","THOP1"
0.000168665657557403,0.523244023450623,0.395,0.356,1,"3","ELMSAN1"
0.00017548346308862,0.559233595057894,0.408,0.381,1,"3","PLAGL1"
0.000184916716058449,0.684256796262421,0.297,0.252,1,"3","MRPS22"
0.000187774310930701,0.553461399697204,0.308,0.253,1,"3","IGF2BP2"
0.000192783008874939,0.615264630290482,0.364,0.331,1,"3","OGFOD1"
0.000209498287283232,0.724459817601169,0.297,0.253,1,"3","COIL"
0.000211971629129092,0.719049546053792,0.302,0.262,1,"3","DPH3"
0.000215886001814643,0.541666576568411,0.404,0.379,1,"3","DDX23"
0.000221725129323826,0.513340139297376,0.404,0.372,1,"3","TFE3"
0.000222405807666784,0.576747254254718,0.358,0.32,1,"3","PIP5K1A"
0.00022379167048676,0.545129728546205,0.382,0.35,1,"3","ZNF609"
0.000241349686105438,0.541532522864916,0.391,0.365,1,"3","ASAP1"
0.000260848338545317,0.604344040078623,0.36,0.329,1,"3","SGTA"
0.000265085413889837,0.514354582147404,0.421,0.411,1,"3","MRPS2"
0.000283192462484263,0.740250801525317,0.256,0.209,1,"3","CCDC93"
0.000302426893370974,0.725693870971069,0.254,0.207,1,"3","MRPS18C"
0.000303434903897502,0.694895814999977,0.284,0.238,1,"3","LUCAT1"
0.00032096180162687,0.523077530766574,0.364,0.322,1,"3","TLE3"
0.000351918192187861,0.563454738289663,0.393,0.367,1,"3","PGM3"
0.00035633245850144,0.549122434952048,0.414,0.387,1,"3","NAV2"
0.000368444470354944,0.653315437305095,0.328,0.289,1,"3","WDR5"
0.000374022550886122,0.655791072780927,0.299,0.255,1,"3","BRWD1"
0.000381469057257798,0.67787528249809,0.302,0.264,1,"3","CBWD1"
0.000388926731837573,0.777552272836788,0.291,0.259,1,"3","LARP4"
0.000431423389006912,0.688952774242422,0.31,0.272,1,"3","PTGES3P1"
0.000471582927322706,0.7084821989993,0.273,0.23,1,"3","MTMR9"
0.000480311784360511,0.741190633909328,0.262,0.218,1,"3","TMEM5"
0.00048795988259137,0.745760274739673,0.275,0.236,1,"3","AC012065.5"
0.00048925914403595,0.525886263927182,0.377,0.347,1,"3","MBD3"
0.000507295110802275,0.536710642914688,0.365,0.333,1,"3","PPIH"
0.000538789974797198,0.762097173227815,0.25,0.206,1,"3","ATAD2"
0.000546133486508581,0.601385488429304,0.334,0.3,1,"3","NECAP1"
0.000582809081210545,0.514196343982071,0.401,0.383,1,"3","SNRPA"
0.000593731058999247,0.683709824431268,0.269,0.229,1,"3","MTAP"
0.000657918658366461,0.718145550125668,0.262,0.221,1,"3","FBXO22"
0.000664645566469616,0.650836095794085,0.341,0.318,1,"3","TRIAP1"
0.000666440357733529,0.760338886598366,0.275,0.24,1,"3","NHP2P1"
0.000688019965695923,0.675273938902505,0.293,0.255,1,"3","TAF3"
0.000710988543252322,0.771578658336152,0.269,0.234,1,"3","TEX10"
0.000720657300020899,0.579448660539853,0.353,0.323,1,"3","PPP6R3"
0.000776844433285137,0.571087029431315,0.378,0.359,1,"3","LRRC47"
0.000798895709187999,0.729161040118411,0.26,0.219,1,"3","NLN"
0.000824690819722836,0.555905140520994,0.336,0.3,1,"3","WAPL"
0.000829713424134415,0.506888047228085,0.375,0.346,1,"3","PMPCA"
0.000852821597001039,0.642167117354746,0.312,0.28,1,"3","RPS7P10"
0.000895344869906347,0.536512416420394,0.365,0.339,1,"3","MAP4K5"
0.000904841740687344,0.682235291485034,0.265,0.226,1,"3","BTBD7"
0.000908709915824688,0.72058835106904,0.273,0.235,1,"3","CDYL"
0.00095976644847466,0.609481273324078,0.286,0.244,1,"3","IMPDH1"
0.000961784320435873,0.609925762343124,0.299,0.26,1,"3","MKNK2"
0.000975308605269957,0.555084975517041,0.362,0.339,1,"3","PPIE"
0.00104934695822021,0.738675426818266,0.262,0.226,1,"3","RAB11FIP2"
0.00105356309392022,0.584858413840526,0.332,0.3,1,"3","THUMPD1"
0.00106237670651069,0.526025525403436,0.382,0.363,1,"3","TIMM10"
0.00110776859984505,0.705699861218892,0.256,0.217,1,"3","RTTN"
0.00115961028331589,0.519981075011692,0.367,0.345,1,"3","ISG20L2"
0.00116999873143746,0.644943908352967,0.312,0.282,1,"3","SDCCAG3"
0.00134305305678853,0.698400047131009,0.269,0.234,1,"3","C20orf27"
0.00134946207412306,0.646159106071313,0.319,0.294,1,"3","COQ10B"
0.00136043213793241,0.553644721512672,0.369,0.35,1,"3","DIMT1"
0.00143510500421841,0.712212127387971,0.267,0.233,1,"3","ZNF330"
0.00145414986306992,0.634764456518051,0.308,0.277,1,"3","FAM216A"
0.00147998929493911,0.701133864754808,0.263,0.228,1,"3","SLC30A7"
0.00148349240851057,0.599144489677779,0.33,0.299,1,"3","COPS3"
0.00156621461906173,0.61794197029611,0.302,0.273,1,"3","KIN"
0.0016720903952652,0.510897599375983,0.34,0.31,1,"3","ZCCHC9"
0.00177648844578867,0.651447002019707,0.269,0.235,1,"3","AL445433.1"
0.00178793428387348,0.531131052263634,0.336,0.312,1,"3","CENPX"
0.00185776097259132,0.514322451184101,0.354,0.331,1,"3","ZNF271P"
0.00191041582519251,0.644024529014357,0.262,0.226,1,"3","FBRSL1"
0.00197539758476994,0.614557955087519,0.262,0.223,1,"3","ITGA2"
0.00202434815466527,0.546830230764881,0.364,0.347,1,"3","TMEM39A"
0.00213613517064795,0.508307373007283,0.312,0.277,1,"3","TMEM126A"
0.00213772489280376,0.518527404029144,0.349,0.323,1,"3","SYMPK"
0.00229265892242469,0.729926099071976,0.25,0.215,1,"3","HCCS"
0.00235708102282724,0.540028724053522,0.347,0.323,1,"3","BMI1"
0.00248915413733841,0.540385528784743,0.33,0.3,1,"3","ADPRHL2"
0.00249317656191311,0.664199307301641,0.262,0.227,1,"3","RPP14"
0.00251152747758406,0.545290091679634,0.328,0.294,1,"3","MCM7"
0.00260366315622674,0.715409452565919,0.263,0.227,1,"3","ZNF267"
0.00274506168784818,0.642737252990232,0.291,0.261,1,"3","MRPL12"
0.00308083425844215,0.563546845509203,0.336,0.319,1,"3","MRPL11"
0.00310864454172723,0.554013249512648,0.332,0.31,1,"3","DIS3"
0.00329893980935804,0.628930297280311,0.282,0.253,1,"3","AL359918.1"
0.00349688473736758,0.514753878431899,0.397,0.394,1,"3","FNBP4"
0.00388611704853284,0.64815841629655,0.289,0.266,1,"3","KXD1"
0.00391021155864141,0.557892450413243,0.28,0.245,1,"3","CHST11"
0.00391380141924767,0.580652392334832,0.258,0.22,1,"3","MRPL46"
0.0039431600748266,0.635453427196,0.26,0.226,1,"3","PARD3"
0.00421656509457342,0.685798788973531,0.267,0.24,1,"3","AC113935.1"
0.00425321294667104,0.565839026124541,0.323,0.301,1,"3","CCDC82"
0.00434281729586333,0.601282800492322,0.302,0.276,1,"3","AK6"
0.00452109199359305,0.598959067748127,0.297,0.271,1,"3","EXOSC7"
0.00469460604969637,0.681493907133565,0.256,0.227,1,"3","DDI2"
0.00488010321751735,0.596590423653199,0.306,0.281,1,"3","PAX8-AS1"
0.00520484233453503,0.587299066452397,0.262,0.232,1,"3","PEX14"
0.00526695081837469,0.582211285422418,0.295,0.27,1,"3","AL354714.2"
0.00569618885423999,0.654030339077491,0.262,0.231,1,"3","DANCR"
0.00607704812371427,0.506692288465298,0.334,0.312,1,"3","PANX1"
0.00631310474578965,0.599842512409626,0.263,0.232,1,"3","LTN1"
0.00682342436282187,0.576998409509868,0.25,0.223,1,"3","PPID"
0.00715548030801004,0.56047186825537,0.314,0.293,1,"3","CTTNBP2NL"
0.00763541736593131,0.584037604386453,0.325,0.312,1,"3","CDK7"
0.00764385634011324,0.550536685940177,0.301,0.278,1,"3","CTCF"
0.00797360011818833,0.514925112660359,0.325,0.305,1,"3","ZNF37A"
0.00816836468937601,0.574993643184085,0.288,0.266,1,"3","HSD17B10"
0.00827018078036583,0.524208731339664,0.295,0.266,1,"3","ZNHIT6"
0.00896589303260708,0.587121208140094,0.299,0.278,1,"3","NT5C3A"
0.00918153901978446,0.517304136145189,0.295,0.27,1,"3","DCUN1D1"
0.00940906760795922,0.600643228231382,0.267,0.243,1,"3","ALAS1"
0.00953224938052369,0.601491008769623,0.26,0.231,1,"3","BRMS1"
0.0097655582200729,0.580878759315358,0.299,0.282,1,"3","ZNF644"
1.07662500922116e-200,2.41703652040622,0.793,0.241,2.73322791090976e-196,"4","OLFM2"
4.28073478706013e-179,1.76072773991876,0.926,0.408,1.08675014039095e-174,"4","FBLN2"
1.28869614657277e-164,0.519634069620177,1,0.993,3.2716129073043e-160,"4","COL1A1"
5.35733012735113e-159,0.553454241416359,1,0.976,1.36006539943063e-154,"4","SPARC"
1.07582509716398e-155,2.10958581629859,0.777,0.285,2.73119717417019e-151,"4","MFAP5"
3.27945002829467e-147,1.67745591470108,0.883,0.38,8.32553978683168e-143,"4","COL14A1"
5.45636692881749e-146,1.21589826427121,0.967,0.644,1.3852078722189e-141,"4","EFEMP1"
1.98296722735226e-145,2.4370723958561,0.632,0.183,5.03415890007917e-141,"4","IGFBP2"
1.29557697525539e-143,1.49237936358972,0.92,0.5,3.28908126708086e-139,"4","CRLF1"
3.18703923256812e-139,1.69346461138503,0.849,0.365,8.0909364997207e-135,"4","NOTCH3"
2.31505096247288e-131,1.27876175587495,0.955,0.562,5.8772198784299e-127,"4","COL4A1"
1.75561951081289e-124,1.80892432054142,0.726,0.268,4.4569912521007e-120,"4","LGALS3BP"
1.69729797598231e-119,1.20959178864946,0.926,0.62,4.30893037162628e-115,"4","THY1"
2.23858879269303e-117,2.19763105640572,0.54,0.146,5.6831053680098e-113,"4","LRRC32"
2.72942659701739e-115,0.708330008671632,0.996,0.89,6.92919530184804e-111,"4","CALD1"
3.20599970382156e-114,1.13947604594966,0.949,0.63,8.13907144809179e-110,"4","CYGB"
7.48982570967236e-114,2.22716905031688,0.487,0.12,1.90144205291452e-109,"4","CD248"
5.71270619198414e-111,1.43564606654837,0.857,0.459,1.45028472095901e-106,"4","PAPPA"
9.40689785769714e-110,1.79417704450528,0.669,0.235,2.38812915913357e-105,"4","HTR2A"
1.34038543789092e-109,0.570904804750684,1,0.93,3.40283651117367e-105,"4","BGN"
4.6161434330624e-109,2.00519632811224,0.581,0.178,1.17190033335155e-104,"4","SCG2"
2.50836245919488e-107,1.57797418183022,0.787,0.389,6.36797977515805e-103,"4","ITGA11"
1.48959825385428e-103,0.962420840481983,0.971,0.721,3.78164308705987e-99,"4","VCAN"
6.98921691999996e-99,0.91654294913125,0.975,0.713,1.77435249948039e-94,"4","COL4A2"
1.06403637092103e-97,0.677966385574016,0.99,0.868,2.70126913485721e-93,"4","IGFBP7"
7.18914285732821e-96,1.01925756919725,0.941,0.664,1.82510769718991e-91,"4","FGF7"
3.37457722837663e-95,0.619278036713406,0.988,0.873,8.56703920967975e-91,"4","COL5A1"
1.92152196836307e-93,1.76826147054174,0.72,0.352,4.87816782108334e-89,"4","SFRP2"
2.30330720625115e-92,2.05984808256462,0.476,0.137,5.84740600450979e-88,"4","SYTL2"
7.15029701583596e-92,1.54768308373705,0.802,0.457,1.81524590341028e-87,"4","CTGF"
4.22297450819692e-91,1.47405773863054,0.751,0.362,1.07208653839595e-86,"4","COL5A3"
7.89542212374931e-91,2.14988120470869,0.399,0.097,2.00441081455624e-86,"4","TAGLN"
5.05988622459512e-88,2.1097208685448,0.442,0.124,1.28455331583796e-83,"4","CFD"
2.26614294926427e-87,1.66299029163848,0.734,0.378,5.75305710529721e-83,"4","SFRP4"
5.35266397919047e-86,1.85612965594287,0.583,0.222,1.35888080439709e-81,"4","OLFML2B"
1.09055767453116e-85,1.124155836745,0.879,0.549,2.76859876833226e-81,"4","PDGFRB"
9.93054688313592e-85,1.63122519513221,0.624,0.247,2.52106793722172e-80,"4","TMEM119"
2.155689415405e-81,1.09259251144318,0.906,0.601,5.47264871888867e-77,"4","THBS1"
1.58001724497133e-80,1.29104295016586,0.783,0.42,4.01118977980872e-76,"4","NREP"
9.80074419123661e-80,0.741752915929604,0.969,0.785,2.48811492782924e-75,"4","MFGE8"
2.08368858250993e-78,1.15328280692379,0.812,0.477,5.28986020441796e-74,"4","SPON1"
2.55381834861784e-78,1.27850864393922,0.765,0.384,6.48337864163612e-74,"4","FILIP1L"
3.00796965640548e-78,2.20066456032814,0.397,0.111,7.63633256671658e-74,"4","KRT7"
1.59358041785531e-77,1.29832547389383,0.779,0.453,4.04562260680927e-73,"4","THBS2"
2.21444431462206e-74,0.881460523710762,0.906,0.657,5.62180978153103e-70,"4","SDC2"
3.49775486562313e-74,1.94461055868864,0.407,0.118,8.87975027735744e-70,"4","VGLL3"
1.11998446935513e-71,0.937184741135039,0.9,0.594,2.84330457235187e-67,"4","LAMA4"
1.37133350941267e-71,1.55800357692038,0.638,0.297,3.48140438034594e-67,"4","NR2F2"
6.85484478947495e-71,0.53496650205658,0.984,0.873,1.74023944670401e-66,"4","IFITM1"
2.50574290546849e-70,0.81937185468474,0.955,0.747,6.36132951411286e-66,"4","IGFBP5"
1.4166463119842e-68,1.30488360745904,0.701,0.357,3.59643999223429e-64,"4","TFPI"
1.94195565531844e-68,2.2259302284619,0.323,0.082,4.93004282215693e-64,"4","MASP1"
1.48241403792128e-66,2.06589044135498,0.342,0.094,3.76340451807076e-62,"4","PALM"
8.40417220578673e-66,0.579164026153095,0.98,0.841,2.13356719788308e-61,"4","LOXL2"
9.35464481607163e-65,1.76886763428256,0.444,0.157,2.3748636794561e-60,"4","TMEM59L"
2.42747020276519e-63,0.967309239030487,0.847,0.547,6.16261860375999e-59,"4","MYL9"
4.23539294931631e-62,0.924589007872552,0.847,0.574,1.07523920804293e-57,"4","ADAMTS2"
8.65554003817548e-62,1.00066414441465,0.826,0.525,2.19738194949161e-57,"4","CRYAB"
3.02298864975583e-61,0.551400970781542,0.986,0.833,7.67446128513513e-57,"4","SNHG5"
2.42095203658822e-60,1.49620901107064,0.503,0.197,6.1460709352865e-56,"4","COL18A1"
4.31218633017614e-59,2.3872466313445,0.286,0.075,1.09473474364182e-54,"4","LINC01615"
1.42708659790517e-58,0.825821779298159,0.894,0.707,3.62294474610186e-54,"4","CYR61"
1.64316163003439e-58,1.35364794451601,0.603,0.284,4.17149443016831e-54,"4","PBX1"
1.92504649355317e-58,1.26169598819968,0.663,0.348,4.88711553318343e-54,"4","TRIB2"
2.15946058926178e-58,0.739056401526342,0.904,0.666,5.48222259795889e-54,"4","MXRA8"
1.21014835675157e-57,0.8710243236,0.861,0.56,3.0722036332852e-53,"4","KCNE4"
3.00068939072865e-57,0.791422353637415,0.918,0.7,7.61785015624282e-53,"4","ELN"
5.25048858164246e-57,0.584340121225159,0.971,0.831,1.33294153622157e-52,"4","TNFAIP3"
1.56938945086692e-55,1.51069353012818,0.434,0.157,3.98420899891584e-51,"4","CXCL12"
1.14684659513272e-54,0.979887013295813,0.777,0.483,2.91149945106342e-50,"4","EBF1"
3.7799290047529e-54,1.10576049348779,0.697,0.377,9.59610576436618e-50,"4","LAMB1"
2.78174606249171e-53,1.3939966764444,0.536,0.24,7.06201872884771e-49,"4","PDE3A"
7.94979229720033e-53,0.940674602611388,0.787,0.493,2.01821377049025e-48,"4","CDH11"
1.98544437346998e-52,1.63349226051412,0.47,0.198,5.04044763092824e-48,"4","LMCD1"
2.44017594181317e-52,1.02517101235451,0.753,0.453,6.19487466348108e-48,"4","COL15A1"
6.38749862110412e-51,1.32147099258508,0.577,0.285,1.6215942749397e-46,"4","ANGPT1"
1.67862123305644e-49,1.51079380848593,0.483,0.212,4.26151572436039e-45,"4","SPON2"
1.02574284191108e-48,1.07592648990017,0.689,0.431,2.60405335275967e-44,"4","SH3PXD2A"
1.28778091443393e-48,1.98270915854931,0.262,0.071,3.26928940747343e-44,"4","HR"
6.45129802810549e-48,0.676117282413984,0.898,0.716,1.63779103039514e-43,"4","KLF9"
7.66659342967847e-48,1.5599895372047,0.429,0.174,1.94631807399247e-43,"4","FGF10"
9.42343041849634e-47,1.26094340075015,0.591,0.323,2.39232628034367e-42,"4","STK17B"
1.40664680857979e-45,1.85511800519052,0.315,0.105,3.57105425294151e-41,"4","NPR3"
2.6095925751854e-44,1.00035126242128,0.671,0.376,6.62497267062316e-40,"4","GGT5"
4.31299576127197e-44,1.09767979406492,0.638,0.361,1.09494023391411e-39,"4","MME"
1.25003182118713e-43,0.688219266033794,0.888,0.722,3.17345578444777e-39,"4","GALNT1"
3.6858644576885e-42,1.43369755715343,0.45,0.204,9.3573040987338e-38,"4","FNDC1"
5.25005775816224e-42,1.73730035801902,0.339,0.126,1.33283216306465e-37,"4","ID4"
1.30917081822339e-39,1.75794638548278,0.282,0.095,3.32359195622373e-35,"4","FGD4"
2.03000935217711e-39,0.8757334022918,0.699,0.423,5.15358474237203e-35,"4","HSD11B1"
3.48308925726592e-39,1.4237496586526,0.436,0.201,8.84251869742098e-35,"4","CDKN1C"
3.72048205728343e-39,0.501063780295921,0.955,0.783,9.44518779882544e-35,"4","SERPING1"
3.94425488300502e-39,0.769594646021576,0.789,0.557,1.00132798714848e-34,"4","GSN"
2.48033840868273e-38,1.04990237248981,0.571,0.299,6.29683511812285e-34,"4","PAG1"
7.6826810971562e-38,0.929004711388377,0.646,0.379,1.95040225013505e-33,"4","CTSF"
8.15844455224656e-38,1.79575505846201,0.292,0.105,2.07118431847883e-33,"4","LINC01503"
3.475509165855e-37,1.33029056321431,0.413,0.183,8.8232751193561e-33,"4","ECM2"
3.79801519164439e-37,0.972746308500254,0.648,0.423,9.64202116702762e-33,"4","FHL1"
4.29205226735666e-37,0.668273776976327,0.853,0.622,1.08962330911384e-32,"4","REV3L"
5.9400193678325e-37,1.09802597302971,0.519,0.265,1.50799271691164e-32,"4","SERPINF1"
1.21781189574321e-36,1.0219235716249,0.595,0.346,3.09165905972328e-32,"4","EPDR1"
1.46152280882354e-36,1.06830806340056,0.575,0.325,3.71036795476033e-32,"4","FBLN5"
3.3142781546165e-36,1.2529281851812,0.452,0.217,8.41395795112491e-32,"4","PTGER4"
3.78037806033337e-36,1.62486400230262,0.313,0.12,9.59724578176833e-32,"4","NTM"
4.70563360889329e-36,1.18374787357577,0.46,0.219,1.19461920428974e-31,"4","TSHZ2"
5.12701246081327e-36,0.688456292386099,0.812,0.587,1.30159465342666e-31,"4","AHR"
2.0242129243747e-35,0.631962866685319,0.843,0.638,5.13886935111005e-31,"4","ANGPTL2"
7.00628583423705e-35,1.36712923369442,0.329,0.13,1.77868578473776e-30,"4","EMILIN2"
1.18617404935919e-34,1.01603948036775,0.519,0.265,3.01134005910819e-30,"4","NID1"
1.47457948935445e-34,0.949100573263352,0.656,0.42,3.74351494962414e-30,"4","NR4A2"
2.38685369484698e-34,1.47449223196341,0.37,0.166,6.05950547510802e-30,"4","DAB2IP"
9.25282150186751e-34,1.03753979281348,0.507,0.266,2.3490137946791e-29,"4","TCF7L1"
9.97101133998564e-34,0.979179839816799,0.575,0.327,2.53134064888216e-29,"4","ALDH2"
1.16815209126804e-33,0.867050595182829,0.65,0.398,2.96558771410217e-29,"4","NRP1"
2.19096274227665e-33,1.10587016501428,0.464,0.23,5.56219711381772e-29,"4","C1orf54"
4.56149541775346e-33,1.33056479409638,0.415,0.198,1.15802684170507e-28,"4","HPD"
2.29863722848124e-32,0.738968486392419,0.781,0.575,5.83555033194531e-28,"4","SULF1"
3.55606379327766e-32,0.656539201858371,0.798,0.583,9.02777915199398e-28,"4","LAMB2"
3.80699983964716e-32,0.708334973226393,0.753,0.531,9.66483049291225e-28,"4","ENG"
4.00503855773368e-32,1.28915708380529,0.417,0.203,1.01675913865185e-27,"4","LBP"
4.06120131078424e-32,1.44222758930886,0.297,0.114,1.03101717676879e-27,"4","EDNRA"
5.94166496005632e-32,0.896754022900957,0.63,0.393,1.5084104834095e-27,"4","RSPO3"
6.88464198168095e-32,0.816587895685906,0.673,0.444,1.74780405988934e-27,"4","CFH"
8.60517021281385e-32,0.579193275110624,0.857,0.695,2.18459456192705e-27,"4","LIMA1"
2.86696545181562e-31,0.639260629448197,0.818,0.628,7.27836519252431e-27,"4","TPM1"
5.27061782219551e-31,0.601814232939182,0.845,0.646,1.33805174652077e-26,"4","SOD3"
5.82603132889576e-31,0.824611418221473,0.697,0.465,1.47905457346677e-26,"4","PTX3"
7.47163156289016e-31,1.38555296735289,0.44,0.228,1.89682310487093e-26,"4","POSTN"
5.9339182258121e-30,0.860327816022913,0.616,0.387,1.50644381998692e-25,"4","FOSB"
1.53569768730538e-29,0.657175767491734,0.845,0.715,3.89867571876218e-25,"4","COMP"
2.10749218685347e-29,0.721860005595979,0.706,0.473,5.3502904147649e-25,"4","SPOCK1"
2.66359130305795e-29,0.987030868344994,0.534,0.314,6.76205924107323e-25,"4","BACE1"
1.03162379002966e-28,0.575940708798031,0.838,0.634,2.61898331574829e-24,"4","SLC2A3"
1.60613309448312e-28,1.38882455993155,0.264,0.101,4.07749008696429e-24,"4","ADAMTS10"
1.63386689789123e-28,0.624687243305352,0.781,0.572,4.14789789367647e-24,"4","MYOF"
1.94358100434668e-28,0.630327143374242,0.775,0.544,4.93416909573492e-24,"4","NFATC4"
2.32491334632593e-28,0.90755767202913,0.548,0.32,5.90225751231765e-24,"4","MAF"
3.69735819317021e-28,0.99136071038065,0.521,0.312,9.38648324500122e-24,"4","EPHX1"
7.37875625929922e-28,1.26646228784875,0.378,0.186,1.87324485154829e-23,"4","PDE7B"
1.37275137546817e-27,0.647301629714303,0.759,0.547,3.48500391690105e-23,"4","EPB41L4A-AS1"
1.91736773473361e-27,1.06145225026576,0.444,0.241,4.86762146816823e-23,"4","PRKAB2"
1.94520538512052e-27,0.685627255894456,0.74,0.536,4.93829291120545e-23,"4","AMOTL2"
5.72027839143393e-27,1.18162888293673,0.352,0.163,1.45220707523333e-22,"4","GPM6B"
1.2709459171744e-26,0.859402411662609,0.56,0.344,3.22655039993065e-22,"4","PLTP"
2.03326148578203e-26,0.731667597794745,0.663,0.451,5.16184093395483e-22,"4","PDLIM2"
3.21813936495492e-26,0.75832653350864,0.642,0.434,8.16989040581104e-22,"4","CAMK2N1"
1.09625017199483e-25,1.16927720070182,0.401,0.21,2.78305031164327e-21,"4","PLSCR4"
1.11994533629582e-25,1.05713496799369,0.436,0.237,2.84320522525421e-21,"4","HAPLN3"
1.61655696028592e-25,0.687374206494133,0.689,0.486,4.10395315507785e-21,"4","LGMN"
2.30600737564892e-25,0.518438422330041,0.847,0.695,5.85426092455992e-21,"4","RHOB"
3.54730472233388e-25,1.3162014517494,0.321,0.151,9.00554249858903e-21,"4","FLNC"
3.8989876009496e-25,0.984304416339764,0.452,0.25,9.89835982253076e-21,"4","CELF2"
4.33374516949809e-25,1.5533891304997,0.256,0.106,1.10020788618048e-20,"4","HS6ST1"
4.8289340763681e-25,0.92899639303144,0.46,0.256,1.22592149396757e-20,"4","CBLB"
7.73116822502553e-25,0.721166867113036,0.665,0.476,1.96271167728723e-20,"4","BMP1"
2.79175869650086e-24,0.568957541747047,0.765,0.593,7.08743780280673e-20,"4","PRRX2"
2.40436424882267e-23,0.630393726723195,0.771,0.589,6.1039595184861e-19,"4","SCD"
2.46625667321563e-23,1.00454699361409,0.335,0.157,6.26108581629253e-19,"4","PCK1"
2.72853452572511e-23,0.641309917739258,0.697,0.498,6.92693060045834e-19,"4","SH3BGRL"
2.99619180298642e-23,0.998834248596259,0.472,0.282,7.60643213024164e-19,"4","ZMAT3"
3.81331583785208e-23,0.682015232232149,0.65,0.443,9.68086491755507e-19,"4","RBPMS"
4.01432816834815e-23,0.561441092061194,0.742,0.512,1.01911749209854e-18,"4","ETS1"
5.46426377694646e-23,0.547453508004601,0.789,0.607,1.3872126450534e-18,"4","SLC15A4"
6.86092644261602e-23,0.822470126085646,0.528,0.328,1.74178339598693e-18,"4","P4HA3"
1.06153065379357e-22,0.95175809927459,0.466,0.272,2.69490787078574e-18,"4","TGFB3"
1.31258639121504e-22,0.717123621358114,0.607,0.415,3.33226307137763e-18,"4","PCMTD1"
1.32881747156146e-22,1.15204422416901,0.342,0.174,3.37346891505308e-18,"4","ME1"
1.91338198404716e-22,0.817351737367316,0.53,0.33,4.85750284290053e-18,"4","TES"
1.95793467638913e-22,0.71075337341031,0.683,0.48,4.97060876294909e-18,"4","SNAI2"
2.50068007004483e-22,1.25249415699532,0.292,0.137,6.3484764938228e-18,"4","MOCS1"
3.16350953048053e-22,0.672856666429363,0.665,0.487,8.03120164503092e-18,"4","TSKU"
5.62610174044503e-22,1.12137993280498,0.37,0.196,1.42829844884678e-17,"4","FBLN7"
7.16524749124245e-22,0.712731460208202,0.609,0.395,1.81904138060172e-17,"4","METTL7A"
9.98923849954131e-22,0.584138421713961,0.726,0.537,2.53596797787855e-17,"4","GSTK1"
1.00944338269432e-21,0.899719641226541,0.487,0.299,2.56267391564608e-17,"4","DUSP14"
1.81936671237257e-21,1.18699064801339,0.321,0.16,4.61882627270024e-17,"4","JAM2"
2.13028454966745e-21,1.03794140423008,0.305,0.144,5.40815338624074e-17,"4","SPRY1"
2.64769820157924e-21,0.599576286482874,0.714,0.517,6.72171142434922e-17,"4","COL12A1"
7.0070186131613e-21,0.542659412262676,0.769,0.587,1.77887181532326e-16,"4","TRIM8"
9.33586194799587e-21,0.787195060914107,0.489,0.3,2.37009527273771e-16,"4","MAP1LC3A"
1.25583036305579e-20,1.201482713026,0.29,0.14,3.18817654268973e-16,"4","HIC1"
1.49737217963327e-20,0.829383203556327,0.47,0.287,3.80137875243499e-16,"4","CPQ"
1.66586218308949e-20,1.2071777439259,0.274,0.128,4.2291243242093e-16,"4","GLIPR2"
3.56071393487455e-20,0.609152302225694,0.689,0.531,9.03958446646603e-16,"4","MEG3"
4.03307541733256e-20,1.15310100437796,0.282,0.133,1.02387685619822e-15,"4","ARHGAP6"
4.09985630240817e-20,1.21929476687681,0.333,0.18,1.04083051949236e-15,"4","FZD2"
8.41165801531828e-20,1.17501434280229,0.274,0.128,2.13546762034885e-15,"4","SOCS2-AS1"
1.52697914420054e-19,0.991052756835652,0.389,0.222,3.87654195338192e-15,"4","RFTN1"
2.86974103132341e-19,0.556773185925967,0.71,0.553,7.28541155622074e-15,"4","SLC44A1"
4.32957611995076e-19,0.520640039214383,0.8,0.64,1.0991494895719e-14,"4","STC2"
4.79009373519822e-19,0.680757314931842,0.53,0.334,1.21606109655477e-14,"4","AC023157.1"
7.3698697586188e-19,1.18879993432019,0.274,0.134,1.87098883562055e-14,"4","SRPX"
1.38271321789779e-18,0.539860507189159,0.718,0.578,3.51029404627712e-14,"4","PALLD"
1.5256338872331e-18,0.556816717965571,0.667,0.463,3.87312674951867e-14,"4","F3"
1.7667000404852e-18,1.09889353700246,0.313,0.165,4.48512139277977e-14,"4","FHL3"
2.3666584810942e-18,0.666535059198589,0.534,0.342,6.00823588595385e-14,"4","NTRK2"
4.0436316386218e-18,0.580801526660208,0.667,0.499,1.02655676409692e-13,"4","HCFC1R1"
5.38148158707779e-18,1.01938706091213,0.37,0.215,1.36619673051144e-13,"4","WISP2"
6.13049355359475e-18,0.854272940581787,0.446,0.279,1.5563483984511e-13,"4","IRS2"
1.5124330750626e-17,1.18528894987004,0.254,0.123,3.83961384766143e-13,"4","MEIS3"
1.74378993447646e-17,1.01240078151616,0.317,0.17,4.42695950665538e-13,"4","YPEL2"
4.60972388831599e-17,1.03792566668481,0.301,0.159,1.17027060352678e-12,"4","PLPP1"
4.74644910180096e-17,0.649450895849617,0.546,0.379,1.20498103347421e-12,"4","IFNGR1"
6.49423653299949e-17,0.505759328341109,0.607,0.402,1.64869182863258e-12,"4","CSF3"
7.12626859755632e-17,0.812856950064409,0.438,0.28,1.80914580886162e-12,"4","OLFML3"
1.12216257378305e-16,0.501528532837473,0.71,0.551,2.84883412606303e-12,"4","STOM"
1.13373176223237e-16,0.777114760194167,0.45,0.287,2.87820482477932e-12,"4","TGFB1"
1.15530426569104e-16,0.631843184493884,0.573,0.397,2.93297093930986e-12,"4","SFRP1"
2.30906973759827e-16,0.508043191809365,0.734,0.557,5.86203534284073e-12,"4","FRMD6"
3.03369170814782e-16,0.77769630506941,0.423,0.261,7.70163313947488e-12,"4","OSBPL1A"
3.11157998395358e-16,0.623249824448116,0.595,0.436,7.89936810526296e-12,"4","FZD1"
4.01640253846197e-16,0.502589125991385,0.681,0.526,1.01964411243934e-11,"4","C1orf122"
4.11518750236393e-16,0.913495832801904,0.38,0.23,1.04472265122513e-11,"4","FLRT2"
4.39856599619398e-16,0.655145773767593,0.53,0.367,1.11666394945376e-11,"4","SGCE"
5.17263058480871e-16,0.539985274419711,0.599,0.415,1.31317572656539e-11,"4","TWIST1"
5.95295358847807e-16,0.691120887706641,0.499,0.335,1.51127632750693e-11,"4","KLF7"
6.89150637670388e-16,0.839742862113426,0.45,0.295,1.74954672385381e-11,"4","KCTD12"
7.15316712685787e-16,0.553396343282025,0.62,0.443,1.81597453849541e-11,"4","SSC5D"
7.2491412865429e-16,0.577079450022919,0.65,0.506,1.84033949841465e-11,"4","CUL4B"
8.39703411230099e-16,0.592070734580549,0.564,0.389,2.13175505008985e-11,"4","FAT1"
1.78712161838781e-15,1.05973490566406,0.266,0.138,4.53696565260114e-11,"4","MRGPRF"
1.96215297768003e-15,0.581710348128072,0.583,0.419,4.9813177644363e-11,"4","RSRP1"
2.21815376207564e-15,0.737159807314852,0.466,0.311,5.63122695578142e-11,"4","SCRN1"
2.24298549417579e-15,0.680735106257794,0.495,0.336,5.69426727406408e-11,"4","TP53INP2"
2.36961648278784e-15,1.01532194339802,0.319,0.183,6.0157453648535e-11,"4","CYTH3"
2.90683353667283e-15,0.634291066896867,0.505,0.331,7.3795782995513e-11,"4","NGF"
3.35454693856e-15,1.082798608207,0.27,0.144,8.51618831292228e-11,"4","RECK"
3.36325606800589e-15,0.50671387793629,0.665,0.493,8.53829817984656e-11,"4","SLC6A6"
3.56234661490159e-15,0.987305829746639,0.268,0.139,9.04372935125068e-11,"4","SEZ6L2"
4.34334806044671e-15,0.678042414048703,0.505,0.344,1.10264577210561e-10,"4","SOCS5"
5.07155227938619e-15,1.03469568554507,0.268,0.141,1.28751497716777e-10,"4","PKNOX2"
6.1931287795073e-15,0.552252856644918,0.62,0.459,1.57224960325352e-10,"4","SSBP3"
1.01536033732414e-14,0.866554084620931,0.364,0.222,2.57769528836479e-10,"4","LEPR"
1.23179487815387e-14,0.616951302252826,0.274,0.139,3.12715765716924e-10,"4","MCAM"
1.23380565073358e-14,0.573847980748953,0.552,0.388,3.13226240551735e-10,"4","SPHK1"
1.25554011506566e-14,0.575771946586209,0.589,0.424,3.1874396901172e-10,"4","TRIM22"
1.26441698571981e-14,0.905321291014753,0.342,0.2,3.20997540164687e-10,"4","PTPRN"
1.27328937395976e-14,0.534695424763908,0.548,0.359,3.23249973367164e-10,"4","HAS2"
1.59617549643763e-14,0.818897403623388,0.346,0.204,4.05221073280621e-10,"4","ALDH1L2"
2.36444413156003e-14,0.563064727518875,0.601,0.448,6.00261431679145e-10,"4","PEAK1"
3.57652425652936e-14,0.775741989369286,0.337,0.194,9.07972213005108e-10,"4","FILIP1"
3.91337294022576e-14,0.515022117642594,0.624,0.461,9.93487988335115e-10,"4","ATG9A"
4.45993624265825e-14,0.818922027711221,0.315,0.179,1.13224401392365e-09,"4","SGIP1"
6.40822179093344e-14,0.518085751722963,0.607,0.449,1.62685526606427e-09,"4","CCND2"
7.62938402642541e-14,0.535354245229111,0.583,0.421,1.93687172278862e-09,"4","AGPAT4"
8.75338184448775e-14,0.8428776685816,0.297,0.165,2.2222210488601e-09,"4","DDR1"
9.02691651177203e-14,0.586437735074031,0.589,0.441,2.29166329484357e-09,"4","NEGR1"
1.46603096907056e-13,0.611976915696619,0.526,0.381,3.72181282117944e-09,"4","C1orf198"
1.53620733329545e-13,0.601539956631761,0.517,0.365,3.89996955703715e-09,"4","SOCS2"
2.42584403154552e-13,0.815558434451165,0.303,0.174,6.15849024288461e-09,"4","PLXND1"
3.20604299009902e-13,0.940396073465788,0.256,0.137,8.13918133896437e-09,"4","FSTL3"
4.36279744699857e-13,0.755884639848994,0.391,0.254,1.10758338786953e-08,"4","LSP1"
4.72016392564227e-13,0.508803411483021,0.597,0.443,1.1983080158028e-08,"4","RPL34P34"
5.84305415494048e-13,0.696548917569047,0.382,0.239,1.48337615831474e-08,"4","CABLES1"
5.9801114976625e-13,0.912069747783071,0.274,0.154,1.51817090591158e-08,"4","FBXO32"
6.49588429627145e-13,0.709175352326101,0.376,0.236,1.64911014629443e-08,"4","MSC-AS1"
8.57755608962925e-13,1.01803347875162,0.268,0.153,2.17758416447418e-08,"4","TBC1D2B"
1.00238724708971e-12,0.824831682796279,0.339,0.21,2.54476050418664e-08,"4","DYRK2"
1.03909094935037e-12,0.84693379973981,0.315,0.189,2.63794019311578e-08,"4","PTK7"
1.10976205323895e-12,0.812282277927521,0.346,0.215,2.81735292455773e-08,"4","GSE1"
1.22990272452848e-12,0.604959370590928,0.519,0.378,3.12235404676045e-08,"4","ZNF358"
1.30438265650963e-12,0.773486082320074,0.405,0.273,3.31143625008101e-08,"4","MYLK"
1.80472893374547e-12,0.825324892677687,0.327,0.199,4.58166534409963e-08,"4","CLK4"
1.84548952615784e-12,0.710849488641307,0.389,0.255,4.68514426005692e-08,"4","DLG4"
2.49791977082288e-12,0.615883982770467,0.458,0.312,6.34146892218804e-08,"4","CLIP3"
2.7000673727476e-12,0.643850386105084,0.468,0.329,6.85466103919433e-08,"4","SLC44A2"
2.92529430892353e-12,0.511367343001719,0.599,0.464,7.42644466206418e-08,"4","LATS2"
4.42786861923938e-12,0.862235953566793,0.294,0.172,1.1241030063663e-07,"4","HSPB7"
4.70228678598191e-12,0.744542251072037,0.354,0.222,1.19376954635723e-07,"4","C1QTNF6"
5.02621271276046e-12,0.926923202770345,0.288,0.174,1.2760046213885e-07,"4","BPGM"
7.75332542948618e-12,0.777246832446575,0.329,0.202,1.96833672678366e-07,"4","PLEKHH2"
9.22934693821899e-12,0.506445663587567,0.55,0.411,2.34305430720565e-07,"4","ZFP36"
2.33161713045281e-11,0.646141135394019,0.45,0.325,5.91927640908055e-07,"4","SSPN"
2.77453938255172e-11,0.711878195759055,0.301,0.178,7.04372313048406e-07,"4","GAP43"
2.88788493338456e-11,0.604036076955038,0.434,0.295,7.33147348038338e-07,"4","PER1"
3.88498695713701e-11,0.724920758572258,0.358,0.233,9.86281638808371e-07,"4","SIDT2"
4.23524799132604e-11,0.799700601399002,0.299,0.181,1.07520240755794e-06,"4","CDC42EP2"
4.46442806332123e-11,0.696661145177469,0.387,0.265,1.13338435243536e-06,"4","JDP2"
4.85376040162633e-11,0.535140052736592,0.503,0.364,1.23222415316088e-06,"4","TMEM47"
5.0143398743865e-11,0.565428822251878,0.444,0.307,1.2729904639105e-06,"4","KLHL36"
5.55090223333622e-11,0.504674501116605,0.536,0.407,1.40920754997707e-06,"4","RPS27"
5.77286069759701e-11,0.785271361826236,0.305,0.19,1.46555614529895e-06,"4","SCAND1"
6.91863753202802e-11,0.631628016264828,0.391,0.261,1.75643451025595e-06,"4","TSC22D3"
7.07417118525064e-11,0.541923289651797,0.519,0.384,1.79591983879958e-06,"4","CITED2"
8.36192599328526e-11,0.818763320526464,0.292,0.18,2.12284215191533e-06,"4","SCARF2"
9.59034665980827e-11,0.541119056760988,0.534,0.402,2.43470130652553e-06,"4","RABGAP1"
1.07340804489246e-10,0.615863900291194,0.389,0.261,2.72506100356849e-06,"4","FAM8A1"
1.15579628080055e-10,0.549342497714304,0.397,0.263,2.93422001806836e-06,"4","PDLIM1"
1.27268499218426e-10,0.630724258965677,0.376,0.248,3.23096538965819e-06,"4","IGF2BP2"
1.62170616206893e-10,0.942789319911449,0.262,0.16,4.11702543364439e-06,"4","PCDH18"
1.71527645271645e-10,0.541233752924619,0.468,0.334,4.35457233051125e-06,"4","PDE4DIP"
1.95428360057953e-10,0.652329660985387,0.391,0.271,4.96133977679124e-06,"4","DZIP1"
2.13386874038363e-10,0.830903509294157,0.262,0.158,5.41725257121191e-06,"4","PQLC3"
2.24091537255047e-10,0.84437407351596,0.286,0.176,5.68901185629387e-06,"4","FAM43A"
2.36129201032286e-10,0.712081637887938,0.305,0.192,5.99461202660665e-06,"4","HSD17B11"
3.59586268896185e-10,0.622397775188309,0.337,0.215,9.12881660846746e-06,"4","MAP3K8"
3.83780375081997e-10,0.828098339006376,0.301,0.192,9.74303238220665e-06,"4","TBX2"
6.41003931361647e-10,0.631051570837034,0.401,0.285,1.62731668054781e-05,"4","FEZ1"
6.73727854020553e-10,0.700612539248517,0.362,0.244,1.71039290300198e-05,"4","DNAJB4"
6.96246101129617e-10,0.519341972543052,0.464,0.331,1.76755997693776e-05,"4","PCSK1"
7.07124750016374e-10,0.532770029600561,0.462,0.328,1.79517760286657e-05,"4","CAT"
7.23335316865141e-10,0.865261205237882,0.311,0.202,1.83633136892553e-05,"4","PLA2G2A"
7.33178104623291e-10,0.523518824618956,0.431,0.304,1.86131925420715e-05,"4","CYBA"
7.65282812526314e-10,0.603907523929133,0.352,0.23,1.94282347616055e-05,"4","MARCKSL1"
9.30074329269388e-10,0.546957425984395,0.438,0.306,2.3611796997162e-05,"4","HES1"
1.38306887788526e-09,0.753486998234747,0.335,0.229,3.51119696028731e-05,"4","NFIA"
1.51625634686787e-09,0.584630437395252,0.387,0.261,3.84931998779346e-05,"4","DDIT4"
1.60512503936255e-09,0.600835418912901,0.403,0.285,4.07493093742971e-05,"4","EXTL2"
1.65674258933385e-09,0.571976939656318,0.425,0.31,4.20597241154184e-05,"4","FASN"
1.87527266333681e-09,0.656751128243184,0.294,0.185,4.76075471041317e-05,"4","CH25H"
2.01519331832258e-09,0.672395644034401,0.292,0.183,5.11597127722554e-05,"4","RNF217"
2.21988342166161e-09,0.87593715934486,0.27,0.171,5.63561804257233e-05,"4","MAP9"
2.38030439722764e-09,0.875333236768616,0.305,0.199,6.04287877324182e-05,"4","IGF1"
2.75472625183548e-09,0.51674690127588,0.528,0.403,6.99342353553472e-05,"4","TUBB2A"
2.75507341826372e-09,0.722901017989547,0.335,0.225,6.99430488694612e-05,"4","TGFBR3"
2.94983146742783e-09,0.642038810435843,0.362,0.252,7.48873714635903e-05,"4","BNC2"
3.19786119562962e-09,0.795378408456059,0.309,0.204,8.11841021734491e-05,"4","JAG1"
3.9109078376185e-09,0.586477986837482,0.391,0.277,9.9286217273621e-05,"4","TMEM129"
4.23699968470481e-09,0.661607337227121,0.292,0.186,0.000107564710995601,"4","PLD1"
4.60329765006551e-09,0.682544070008691,0.325,0.217,0.000116863917442213,"4","MARK4"
4.79537835553212e-09,0.646039743850375,0.342,0.231,0.000121740270311894,"4","NPHP3"
4.82644958043363e-09,0.712954177870879,0.292,0.19,0.000122529075498469,"4","TSPAN9"
6.61881010603782e-09,0.56444863244141,0.421,0.306,0.000168031732161982,"4","STIM1"
8.21802018745336e-09,0.77657399838649,0.284,0.185,0.000208630878498878,"4","XXYLT1"
1.22759293565754e-08,0.506252132363163,0.417,0.297,0.00031164901857538,"4","RAB20"
2.77319659841608e-08,0.69159336884958,0.288,0.189,0.00070403142043989,"4","SNTB1"
3.14180580267802e-08,0.774514284629251,0.256,0.163,0.000797610239125868,"4","SMAD9"
4.27303150655355e-08,0.504565706368662,0.427,0.315,0.00108479450856875,"4","PHLDA3"
4.63509125948847e-08,0.57636831851096,0.337,0.233,0.00117671061804634,"4","TUBG2"
4.6663869794709e-08,0.829763910478584,0.258,0.165,0.00118465566247828,"4","LPL"
5.01230524550786e-08,0.567984378985759,0.331,0.228,0.00127247393267708,"4","ZNF226"
5.49550172646193e-08,0.609678740338841,0.36,0.258,0.00139514302329689,"4","EPS15"
5.64964167409373e-08,0.545306008610806,0.368,0.265,0.00143427453180218,"4","SNHG16"
8.56029780008399e-08,0.781367603934434,0.252,0.163,0.00217320280250732,"4","KITLG"
9.92296972068017e-08,0.501541178603941,0.397,0.287,0.00251914432298908,"4","KIAA1644"
1.17980598797671e-07,0.570587977010852,0.327,0.225,0.00299517346167647,"4","CSNK1G3"
1.2434735017809e-07,0.704784236053331,0.256,0.165,0.00315680617897117,"4","HS1BP3"
1.45209942499197e-07,0.621946853080209,0.354,0.257,0.00368644481022712,"4","NNT"
1.88693965950553e-07,0.542512264854832,0.325,0.224,0.00479037371358669,"4","GOLGA8A"
1.97621281987428e-07,0.634158347090272,0.262,0.17,0.00501701148581483,"4","ZNF667-AS1"
2.0033780792619e-07,0.740986953634608,0.262,0.174,0.00508597592982217,"4","ZBTB25"
2.23816509716182e-07,0.592890316633142,0.292,0.199,0.0056820297321647,"4","HIBADH"
2.98735994621952e-07,0.562396734327931,0.344,0.247,0.0075840106954675,"4","SSBP2"
3.08872856469828e-07,0.538424268909902,0.382,0.279,0.00784135520719954,"4","LINC00963"
3.41083376805973e-07,0.542507555253536,0.342,0.242,0.00865908368697325,"4","SUMF2"
3.86079520047978e-07,0.559884013190475,0.335,0.237,0.00980140077545802,"4","CHST12"
6.13756236238885e-07,0.54954746628474,0.337,0.243,0.0155814295693966,"4","VPS26B"
6.53733826354649e-07,0.666558244901674,0.292,0.206,0.0165963406496655,"4","NEO1"
7.56056805905998e-07,0.639218502333483,0.264,0.178,0.0191940141315356,"4","AFAP1"
8.02675768411034e-07,0.557911189917869,0.346,0.252,0.0203775297326509,"4","KLHL24"
8.77583399737828e-07,0.577851319836398,0.262,0.175,0.0222792097691442,"4","FLYWCH2"
8.8581210098965e-07,0.55770790743879,0.297,0.205,0.0224881118078243,"4","PTENP1"
1.07810083358631e-06,0.597383989618715,0.317,0.231,0.0273697458622558,"4","NUMBL"
1.12280889890024e-06,0.531989571216925,0.339,0.245,0.0285047495163805,"4","SLC38A7"
1.31334351398542e-06,0.564479982166749,0.274,0.184,0.0333418517895479,"4","AQP1"
1.35017301326138e-06,0.561255993062491,0.272,0.186,0.0342768422876665,"4","FBXO44"
1.55194200682753e-06,0.592646667372713,0.278,0.193,0.0393991517273306,"4","AHRR"
1.79685860779886e-06,0.559387774413377,0.344,0.251,0.0456168494761897,"4","ZNF331"
1.84511612979296e-06,0.521997663536274,0.274,0.187,0.0468419631870538,"4","CBLN3"
2.21102639129652e-06,0.501166049108018,0.337,0.246,0.0561313269958447,"4","MLLT3"
2.43582693396299e-06,0.501510915746517,0.393,0.304,0.0618383383725183,"4","NIPSNAP2"
2.43992093249132e-06,0.649710515655559,0.268,0.188,0.0619422727131571,"4","FAM160B1"
3.5271954674948e-06,0.506681455359459,0.313,0.225,0.0895449113332904,"4","TMEM161A"
4.04514008626624e-06,0.54007932588032,0.315,0.231,0.102693971370041,"4","FBXL5"
4.11167112602192e-06,0.515514107067423,0.331,0.244,0.104382994876319,"4","KLHL5"
4.56998024404463e-06,0.567454007540159,0.329,0.243,0.116018088455561,"4","GALNT5"
5.24602539871799e-06,0.57434912723906,0.256,0.177,0.133180846797254,"4","LGR4"
6.68063397922412e-06,0.553239094194413,0.27,0.187,0.169601254830563,"4","CCDC8"
1.11767516919853e-05,0.528924095867598,0.288,0.21,0.28374419520443,"4","SIAE"
1.2179834120648e-05,0.542363247091394,0.274,0.196,0.309209448820891,"4","SHISA4"
1.32930114990495e-05,0.534622038785858,0.464,0.395,0.337469682926369,"4","ATF5"
1.43353567342953e-05,0.513630679538709,0.282,0.204,0.363931701413555,"4","IRAK4"
2.13998601899739e-05,0.542175639795115,0.333,0.26,0.543278250642868,"4","ANKRD13A"
3.01593559920001e-05,0.506138048307947,0.278,0.205,0.765655570568906,"4","FAM229B"
3.29695742584878e-05,0.534431394973405,0.294,0.225,0.83699858170023,"4","MICA"
5.17519956932322e-05,0.531670025159718,0.276,0.206,1,"4","SNX18"
5.32107555733926e-05,0.541890378126745,0.278,0.208,1,"4","RGL2"
6.23007387139464e-05,0.524430691399994,0.28,0.21,1,"4","LYNX1"
7.10842287210315e-05,0.537102585578265,0.26,0.191,1,"4","TRIQK"
7.52345295233769e-05,0.579506798745236,0.256,0.189,1,"4","SGTB"
0.000210386426224518,0.503441535114646,0.256,0.193,1,"4","SCPEP1"
0.000390846149393779,0.551921828569621,0.278,0.221,1,"4","GADD45B"
1.61716879002608e-126,0.800323840612557,0.98,0.948,4.1055064072392e-122,"5","NAMPT"
9.45839452090636e-121,0.633438723222024,0.993,0.987,2.4012026170225e-116,"5","HSP90B1"
4.30959338678705e-117,0.955820768935072,0.974,0.941,1.09407647310363e-112,"5","HSPA5"
4.11894350265095e-95,1.20172516505041,0.862,0.664,1.045676187018e-90,"5","NAMPTP1"
3.66203524795398e-85,0.5636655878379,0.956,0.955,9.29680888398076e-81,"5","PDIA3"
4.76994067270289e-83,1.07258341834705,0.91,0.719,1.21094483857908e-78,"5","C15orf48"
1.20822103982339e-78,1.16133645390843,0.932,0.8,3.06731075379964e-74,"5","CCL20"
7.67390280249253e-78,3.03783687166148,0.279,0.056,1.94817370446878e-73,"5","PARM1"
3.85413957474647e-75,0.862358265566079,0.917,0.808,9.78450413840886e-71,"5","MT1E"
9.99185022731527e-67,0.966123289771823,0.876,0.759,2.53663101720853e-62,"5","FGF2"
7.44905889639545e-65,0.897651889078278,0.849,0.719,1.89109258202791e-60,"5","GFPT2"
3.58202348216832e-61,0.887406932769175,0.825,0.744,9.0936830141807e-57,"5","NUCB2"
8.6998810843282e-58,0.861937383469003,0.821,0.715,2.2086388108784e-53,"5","BCAT1"
1.70135066441522e-55,1.66437337985161,0.594,0.361,4.31921893175091e-51,"5","SEC11C"
1.37288557193291e-54,0.546464967880227,0.943,0.891,3.48534460146608e-50,"5","SLC25A37"
1.48387995958998e-53,1.08221488408195,0.76,0.696,3.76712605341109e-49,"5","PDIA4"
1.24654049416863e-49,0.8236691295269,0.902,0.807,3.1645923525459e-45,"5","CXCL5"
5.64796524371651e-48,1.23249701553653,0.703,0.585,1.43384893642231e-43,"5","MANF"
7.36940706404851e-48,0.670597178339492,0.817,0.813,1.87087137135e-43,"5","SELENOS"
1.60778752071893e-47,0.759137700028478,0.838,0.736,4.08169017884914e-43,"5","PHLDA1"
1.73898502693462e-47,0.537839456304473,0.917,0.908,4.41476128787892e-43,"5","DUSP6"
3.063511149063e-47,0.841161407019019,0.788,0.702,7.77733575412625e-43,"5","SELENOK"
8.11068133513155e-47,1.25082951428428,0.668,0.514,2.05905867054985e-42,"5","CDK2AP2"
1.11651088819014e-46,2.01304494074446,0.456,0.209,2.83448619184831e-42,"5","EREG"
2.45423779514244e-46,1.17241460337808,0.686,0.557,6.23057349052812e-42,"5","DNAJC3"
7.48733450305508e-46,1.07020349932211,0.716,0.541,1.90080961029059e-41,"5","POU2F2"
2.69329767161808e-44,0.629791519428164,0.834,0.778,6.83747479893683e-40,"5","EIF5"
1.2924455044599e-42,2.10582532789729,0.349,0.14,3.28113140217234e-38,"5","FICD"
3.92324222184072e-42,0.525505265094897,0.873,0.847,9.95993502858704e-38,"5","RPL36AL"
1.60098917369903e-40,0.687677787604329,0.836,0.752,4.06443121526972e-36,"5","MT2P1"
5.72359383080173e-39,1.66378494339487,0.511,0.311,1.45304876582564e-34,"5","SDF2L1"
3.15956060944426e-38,0.906673100877551,0.701,0.574,8.02117651919614e-34,"5","SPCS3"
3.62804226965304e-38,0.623423771604732,0.854,0.827,9.21051090996816e-34,"5","ATP2B1"
2.67415761398877e-37,1.08282724913207,0.657,0.517,6.78888393463328e-33,"5","PLPP5"
4.31546411022385e-37,0.670707357409703,0.856,0.794,1.09556687366253e-32,"5","SLC7A2"
5.92631419925511e-36,0.616938795294793,0.854,0.792,1.5045133857649e-31,"5","NRP2"
2.92846669176659e-35,1.7166362517705,0.417,0.212,7.43449839038784e-31,"5","MT1F"
1.5595034560627e-33,0.971536743815188,0.679,0.586,3.95911142390638e-29,"5","GFPT1"
2.13339217902007e-33,1.11569741418895,0.622,0.478,5.41604272487825e-29,"5","HSPA1A"
2.58777691851622e-33,1.26961061126556,0.561,0.375,6.56958926303712e-29,"5","PLK2"
3.44801301923464e-33,0.567443867893891,0.814,0.787,8.75347065193098e-29,"5","CEBPB"
1.66710720931085e-32,0.847548982864911,0.736,0.646,4.23228507227747e-28,"5","CD55"
2.3224692898653e-31,0.550865083489973,0.79,0.789,5.89605278618104e-27,"5","HM13"
3.38911440807836e-31,0.510914872127266,0.803,0.813,8.60394474778853e-27,"5","SLC39A7"
9.40448341906375e-31,0.63476455965971,0.769,0.711,2.38751620559771e-26,"5","ATP2A2"
2.92548882459787e-30,0.56851982584461,0.871,0.869,7.42693847900662e-26,"5","ACSL4"
2.79604010662104e-29,1.20569748671564,0.57,0.438,7.09830701867884e-25,"5","DNAJB9"
1.5059790057535e-28,0.686177372566004,0.727,0.677,3.82322890190642e-24,"5","SRPRA"
1.97776765178168e-28,1.44467966980321,0.491,0.339,5.02095873757814e-24,"5","HSP90B2P"
3.59261411084693e-28,0.648219417430132,0.832,0.718,9.1205694432071e-24,"5","SRGN"
5.52079977228473e-27,0.604890261107434,0.745,0.701,1.40156543818992e-22,"5","ERLEC1"
1.60895559188593e-26,1.13131029969704,0.587,0.501,4.08465556112081e-22,"5","SEL1L"
2.29513231418558e-25,0.717331743392904,0.705,0.648,5.82665240602293e-21,"5","TMEM205"
5.98027731920518e-25,1.03266667345523,0.57,0.435,1.51821300302662e-20,"5","MIDN"
1.49201593596031e-24,2.1225652403089,0.251,0.107,3.78778085662245e-20,"5","GDF15"
3.99738328833333e-24,0.795895189543063,0.677,0.571,1.01481569540918e-19,"5","CRTAC1"
1.24321978990822e-22,0.989001631059525,0.548,0.42,3.15616208064e-18,"5","SLC16A7"
2.05276692108012e-22,1.67222154760527,0.29,0.14,5.21135938254609e-18,"5","RAC2"
2.70750125046882e-22,0.698925961989288,0.747,0.725,6.87353342456518e-18,"5","IFIT3"
3.23154561982535e-22,0.592602209807768,0.721,0.706,8.20392486505062e-18,"5","FKBP2"
5.05131173004285e-22,1.79948523504988,0.269,0.126,1.28237650890598e-17,"5","CD274"
1.09435194086936e-21,0.766690502469633,0.648,0.56,2.77823127228504e-17,"5","TXNIP"
1.37454858092711e-21,1.09728481440322,0.533,0.387,3.48956648239964e-17,"5","TGM2"
2.73285179450273e-21,0.684393630325842,0.736,0.658,6.93789085070409e-17,"5","BIRC3"
4.87356581217312e-21,0.985330730489296,0.557,0.43,1.23725215273639e-16,"5","TNFRSF1B"
3.6477392496908e-20,0.764468671691576,0.655,0.625,9.26051563319004e-16,"5","OAS3"
1.38405378744706e-19,0.989941833083072,0.535,0.436,3.51369735019186e-15,"5","CPD"
1.87627724332936e-19,1.70579219902178,0.338,0.195,4.76330503764025e-15,"5","IL24"
4.84027157808001e-19,0.819249221080486,0.598,0.519,1.22879974552717e-14,"5","ST3GAL1"
8.04770174290613e-19,1.0817047327308,0.493,0.388,2.04307004147158e-14,"5","SLC35B1"
9.57071047293e-19,1.08650607296635,0.607,0.595,2.42971626776274e-14,"5","HERPUD1"
2.10262895581789e-18,0.820718582954316,0.587,0.515,5.33794413013487e-14,"5","MAN1A2"
2.10640747925531e-18,0.759899882867078,0.624,0.613,5.34753666758544e-14,"5","PDIA6"
2.15009121256103e-18,0.600097502723702,0.705,0.686,5.45843656132868e-14,"5","KMT2E"
5.61652055513475e-18,0.779329328548441,0.611,0.544,1.42586607333206e-13,"5","BZW1P2"
6.83584303519327e-18,1.40902723115725,0.395,0.269,1.73541547134451e-13,"5","RSAD2"
3.25418412531607e-17,0.63376724130457,0.64,0.588,8.2613972389399e-13,"5","MLEC"
3.99197830993871e-17,0.69781392863982,0.712,0.676,1.01344353354414e-12,"5","BMP2"
7.29377922755897e-17,0.804346595626606,0.611,0.521,1.8516717325004e-12,"5","BCL2A1"
2.6797091391998e-16,0.647537687403064,0.629,0.586,6.80297759168654e-12,"5","COX17"
4.56448732949367e-16,0.595002175339613,0.646,0.639,1.15878639833856e-11,"5","PTPN12"
4.62302079037742e-16,1.22282760900885,0.421,0.323,1.17364628805311e-11,"5","CRELD2"
7.14523043701732e-16,0.757086782528168,0.598,0.561,1.81395965104559e-11,"5","MTND2P28"
2.03083379631019e-15,0.683025112828042,0.679,0.544,5.15567775869267e-11,"5","IL11"
3.50749488837743e-15,1.19268917240815,0.439,0.312,8.90447727312378e-11,"5","IL1B"
4.59744638804743e-15,0.604062451162057,0.686,0.615,1.1671537145336e-10,"5","MAFB"
5.71812554898321e-15,1.59338443719869,0.26,0.146,1.45166053312037e-10,"5","ERO1B"
7.90770163421551e-15,0.609811769921702,0.62,0.541,2.00752821387829e-10,"5","TFRC"
7.93045244913122e-15,0.997165678996526,0.498,0.403,2.01330396326094e-10,"5","ISG20"
1.34074607897962e-14,0.663719775862605,0.616,0.6,3.40375207070557e-10,"5","MAN1A1"
1.71293834429302e-14,0.628362829333549,0.653,0.618,4.34863657465668e-10,"5","TSC22D1"
2.06912348587028e-14,0.751504222265005,0.618,0.572,5.25288379357887e-10,"5","IFIT1"
1.03738129649414e-13,0.610055242404866,0.605,0.579,2.63359989740967e-09,"5","FAM3C"
2.60293326138332e-13,1.03854661528735,0.432,0.335,6.60806667067383e-09,"5","HIPK2"
3.46962215936902e-13,0.710115825034485,0.592,0.519,8.80832977599013e-09,"5","IVNS1ABP"
4.05927980488028e-13,0.774650038360861,0.517,0.444,1.03052936406496e-08,"5","CTSS"
7.50778135565615e-13,1.20744978877804,0.384,0.287,1.90600045276043e-08,"5","HIST1H1C"
7.75089468107737e-13,0.593088073719372,0.607,0.576,1.96771963268511e-08,"5","PSMD11"
1.0629934666329e-12,0.627793323550887,0.618,0.601,2.69862151374094e-08,"5","PARP14"
1.24597811252678e-12,0.805360869729889,0.541,0.462,3.16316463427174e-08,"5","SOX9"
2.53374083708433e-12,0.845695681992744,0.493,0.435,6.43240786310599e-08,"5","SRP19"
2.92686773818763e-12,1.46663276532421,0.262,0.159,7.43043912693693e-08,"5","ACSL1"
2.96294558934835e-12,0.971775979143026,0.456,0.375,7.52202996767865e-08,"5","HSPA1B"
3.02573721099042e-12,0.542775499729089,0.629,0.625,7.68143905754138e-08,"5","ARL1"
1.13367766881548e-11,0.748413795721553,0.537,0.496,2.87806749782185e-07,"5","IRF7"
1.16123384046556e-11,0.585188500760958,0.614,0.652,2.94802435078992e-07,"5","MAGT1"
1.21435086132289e-11,1.21186067073338,0.336,0.239,3.08287253164041e-07,"5","HNMT"
1.87448805904984e-11,0.511110091486268,0.653,0.653,4.75876283550983e-07,"5","HSPH1"
3.0281164609773e-11,1.17460836160841,0.358,0.273,7.68747925948308e-07,"5","EBAG9"
4.22177379312174e-11,0.598175497348561,0.574,0.561,1.07178171285981e-06,"5","GORASP2"
1.02994228758102e-10,0.619809923317771,0.6,0.59,2.61471448548193e-06,"5","ZC3HAV1"
1.40314554467955e-10,1.24078953868676,0.299,0.204,3.56216559427798e-06,"5","TRIB1"
1.49495268535609e-10,0.983480994758504,0.491,0.42,3.7952363823135e-06,"5","IL1RN"
1.81253855481234e-10,1.11408803683552,0.384,0.305,4.60149162910209e-06,"5","FAM129A"
2.30687461965312e-10,0.787466924248558,0.483,0.424,5.85646259691338e-06,"5","SPCS2P4"
3.30825686659312e-10,0.603342710845973,0.57,0.562,8.39867170721995e-06,"5","CALR"
3.41816177875964e-10,1.03335926923576,0.424,0.373,8.6776873077371e-06,"5","DNAJB11"
5.40299780473026e-10,0.799803750789775,0.467,0.411,1.37165905268687e-05,"5","EIF4EBP2"
8.78670776566473e-10,1.41510408235524,0.251,0.163,2.23068150046931e-05,"5","GMPPB"
9.98940656162841e-10,0.6585101312874,0.533,0.492,2.5360106438006e-05,"5","MSC"
1.1006959637687e-09,1.22388393337281,0.282,0.189,2.79433684321959e-05,"5","MT1G"
1.15148234226955e-09,1.13907250181828,0.349,0.268,2.92326822231971e-05,"5","CCDC71L"
1.21589964950029e-09,0.567805707893874,0.572,0.563,3.08680444018638e-05,"5","TIMM17A"
1.49030633880837e-09,0.642128286796179,0.524,0.486,3.78344070233282e-05,"5","MAFG"
1.80257721363276e-09,0.52253593914091,0.596,0.614,4.57620277224948e-05,"5","SERP1"
1.96013083314775e-09,0.507720085774275,0.596,0.599,4.97618414611218e-05,"5","GLTP"
2.2043961667005e-09,0.607376221687424,0.563,0.572,5.59630054840256e-05,"5","TULP3"
2.79457731266195e-09,1.08194180922008,0.341,0.259,7.0945934236549e-05,"5","MT1M"
2.98298778580741e-09,1.00153351539127,0.397,0.333,7.57291109182928e-05,"5","SEPHS2"
3.61941613275523e-09,0.870995534408748,0.365,0.27,9.1886117362257e-05,"5","DNER"
4.49784775699109e-09,0.779350301950403,0.48,0.446,0.000114186861006733,"5","HSPA13"
4.92054814580893e-09,0.701756661028413,0.548,0.513,0.000124917955777651,"5","GPX3"
5.13077082458575e-09,0.8910915895429,0.419,0.36,0.000130254878923758,"5","DERL2"
6.11236199152964e-09,0.941001001653105,0.365,0.281,0.000155174533878963,"5","BACH1"
1.2088958448804e-08,1.18544625516486,0.312,0.236,0.000306902388139788,"5","HERC5"
1.64164853314907e-08,0.722652517612705,0.487,0.443,0.000416765313110554,"5","DDX58"
1.9722124678934e-08,0.566355795758504,0.557,0.599,0.000500685579224098,"5","STT3B"
2.51447677123256e-08,1.03981937188961,0.36,0.294,0.000638350217912809,"5","LINC01588"
3.31032261457977e-08,0.554477151104051,0.581,0.564,0.000840391602163366,"5","IRF2BPL"
4.72141100033989e-08,0.615725053447521,0.537,0.514,0.00119862461065629,"5","ABHD2"
5.16654838947401e-08,0.556588236024166,0.568,0.591,0.00131163163963577,"5","TSPYL2"
5.51182207141108e-08,0.800469865040917,0.424,0.372,0.00139928626926913,"5","NQO2"
5.55454675297697e-08,0.782163839394462,0.439,0.388,0.00141013278417826,"5","ITGB8"
5.94783000153278e-08,0.968123011707213,0.417,0.362,0.00150997560248913,"5","BTG2"
8.17184759502473e-08,1.1410346268153,0.269,0.191,0.00207458694894893,"5","LARP1B"
1.1437690205682e-07,0.54816104858664,0.557,0.524,0.00290368641251649,"5","MT1L"
1.42990256026642e-07,0.538834901915861,0.555,0.558,0.00363009362974837,"5","HELZ2"
1.48587773417867e-07,1.10600949748672,0.266,0.192,0.00377219780375939,"5","TMEM38B"
1.57379081877385e-07,0.914305690760311,0.349,0.284,0.00399538275162117,"5","KMT5B"
1.61747602962335e-07,0.52437245958344,0.537,0.549,0.00410628639640479,"5","PSMA5"
2.30968833367562e-07,0.691399657532135,0.476,0.46,0.00586360577270231,"5","WARS"
2.60337064513423e-07,0.621586658268892,0.511,0.509,0.00660917705680226,"5","SLC31A1"
2.9525018503884e-07,0.524122096970877,0.537,0.487,0.00749551644758104,"5","SOCS3"
4.15756110605455e-07,0.627978701137711,0.467,0.435,0.0105548003799407,"5","LARP6"
4.51969803622044e-07,0.807626431978796,0.365,0.293,0.0114741574045528,"5","SLC7A11"
4.58313940133775e-07,0.564483904586058,0.648,0.661,0.0116352159981761,"5","TNFRSF11B"
5.01993779422303e-07,0.749925434702706,0.386,0.318,0.012744116078194,"5","PDGFA"
6.23425316706144e-07,0.717447701424072,0.443,0.414,0.0158268985152189,"5","SETX"
6.66715289185121e-07,0.972395587354887,0.306,0.24,0.0169259010465427,"5","SYVN1"
6.70942950313185e-07,0.866808112231146,0.358,0.306,0.0170332286796008,"5","SEC23B"
1.11110887352553e-06,1.3339814578549,0.286,0.221,0.0282077209721926,"5","IFIT2"
1.28450318899782e-06,1.16961161348155,0.255,0.191,0.0326096824590876,"5","TRIM14"
1.3354446579603e-06,0.794764186996681,0.369,0.317,0.0339029335316382,"5","BROX"
1.6465426936845e-06,0.504566081731284,0.533,0.534,0.0418007793645685,"5","ZBTB7A"
1.67037528205014e-06,0.511048536078017,0.511,0.512,0.0424058172854069,"5","PSMC1P1"
1.87486124646502e-06,0.656579221804059,0.445,0.409,0.0475971024640074,"5","PKD2"
1.96711183947706e-06,0.889334432095868,0.343,0.285,0.0499390682688041,"5","EDEM1"
2.06815829386217e-06,0.554751838926561,0.509,0.52,0.052504334606279,"5","XIAP"
2.3972868957352e-06,0.892861358611986,0.325,0.268,0.0608599224220294,"5","TOB1"
2.45706572803842e-06,0.524070716925281,0.511,0.521,0.0623775276377113,"5","YIPF6"
2.5921767355395e-06,0.792541689750166,0.389,0.343,0.0658075907851412,"5","NUS1"
2.63541515857244e-06,0.559230663447909,0.531,0.548,0.0669052846306786,"5","SLTM"
3.16164391410103e-06,0.96425210581423,0.29,0.226,0.0802646540472828,"5","DPP4"
3.25261959489688e-06,0.71521861053203,0.461,0.41,0.0825742536556471,"5","SERPINA1"
5.33938521603977e-06,0.532901385803882,0.511,0.502,0.135550972479602,"5","FLOT1"
5.60004599967854e-06,0.928463977646056,0.336,0.281,0.142168367793839,"5","SEMA4C"
5.78953789314479e-06,0.719382136217432,0.406,0.369,0.146978998493267,"5","WTAPP1"
6.10606163005074e-06,1.00667565390265,0.279,0.222,0.155014586602098,"5","TRIM26"
6.15181155514431e-06,0.502749461296434,0.533,0.525,0.156176039950449,"5","AGO2"
6.40477366176285e-06,0.975594762186424,0.271,0.207,0.162597988951173,"5","MAP3K5"
6.59255359699022e-06,0.793166031577151,0.393,0.351,0.167365158166791,"5","PALMD"
1.00422810549679e-05,0.557013402055651,0.496,0.501,0.25494338914247,"5","TRAPPC3"
1.01693176700403e-05,0.84939047572527,0.301,0.244,0.258168467689313,"5","HIPK1"
1.03615572943108e-05,0.782398752664519,0.382,0.354,0.263048855030669,"5","GMPPA"
1.33250985535852e-05,0.672429618888184,0.445,0.419,0.338284276979868,"5","EZR"
1.47335601831135e-05,0.921936966931371,0.299,0.247,0.374040892368703,"5","CPEB4"
1.63538317727616e-05,0.636322116003432,0.426,0.405,0.4151747272151,"5","MDM2"
2.04013451854012e-05,0.726087288184682,0.389,0.357,0.517928950221781,"5","AMD1"
2.17206538473172e-05,0.817399531935648,0.314,0.266,0.551422239221843,"5","SERPINB8"
2.27761154687898e-05,0.855674324952005,0.328,0.279,0.578217243406166,"5","GPR68"
2.54103946178063e-05,0.536814995638045,0.5,0.48,0.645093688162249,"5","COL7A1"
3.00930918497353e-05,0.590412459473903,0.43,0.406,0.763973322789231,"5","SAR1B"
3.15517103173611e-05,0.880949377442725,0.303,0.255,0.801003269826846,"5","SUCO"
9.78376504850659e-05,0.523008325356909,0.461,0.457,1,"5","SF3B4"
0.000101743307852376,0.788535520084186,0.332,0.297,1,"5","FAM20B"
0.000123576115232987,0.662834973330351,0.415,0.387,1,"5","C2orf40"
0.00012442101806594,0.632491450156217,0.373,0.338,1,"5","MTHFD2L"
0.000127113479781251,0.791221249686326,0.345,0.317,1,"5","FTSJ3"
0.000148413429747193,0.742151825777471,0.334,0.298,1,"5","PLEKHA3"
0.000159649554097869,0.593486361289569,0.406,0.389,1,"5","TXNRD1"
0.000163574840041896,0.732909026923052,0.33,0.293,1,"5","COQ10B"
0.000166041761891516,0.87770242417782,0.264,0.215,1,"5","SRSF8"
0.000167990617960734,0.74334785640097,0.369,0.356,1,"5","TBRG1"
0.000218007293297638,0.520717833270345,0.474,0.502,1,"5","ALG5"
0.000224748695511989,0.987459932367274,0.279,0.23,1,"5","MMP13"
0.000230810796896626,0.6659104340551,0.352,0.318,1,"5","TPRG1L"
0.000251545297534444,0.793836571149977,0.338,0.308,1,"5","IP6K1"
0.000278721167384384,0.561948007978805,0.448,0.458,1,"5","GOLGA3"
0.000320843598242287,0.714031515549153,0.301,0.26,1,"5","TRMT6"
0.000324659491516814,0.584473342602963,0.424,0.413,1,"5","INSR"
0.000352838225282951,0.755555160891302,0.336,0.307,1,"5","CYB561"
0.00037630804360733,0.733974100395162,0.312,0.269,1,"5","MET"
0.000423220973291835,0.693687519667949,0.386,0.377,1,"5","DIAPH1"
0.000447111085069282,0.932892369083745,0.277,0.243,1,"5","PIK3R1"
0.000462878804582046,0.811742309394245,0.286,0.248,1,"5","LIMK1"
0.000523162582008644,0.69148071373311,0.31,0.271,1,"5","GSDME"
0.000529291907798404,0.592060779887895,0.402,0.39,1,"5","PNPT1"
0.000606230882892418,0.906417571938359,0.273,0.236,1,"5","ZNF217"
0.000632617791169757,0.519018743894494,0.465,0.495,1,"5","DNAJC10"
0.000638752135143725,0.605879409861084,0.404,0.398,1,"5","ITGA1"
0.00081089545924844,0.557538793270467,0.4,0.387,1,"5","TFAM"
0.000816715615046196,0.50904505503553,0.443,0.451,1,"5","G3BP2"
0.000846249459516248,0.880102483457022,0.273,0.236,1,"5","KLF2"
0.000900306750306039,0.78993619422594,0.299,0.266,1,"5","PRDM2"
0.000971699619207884,0.516810998949322,0.428,0.429,1,"5","TTC17"
0.00102122765241935,0.721787306350151,0.317,0.285,1,"5","SCO2"
0.0010790451545583,0.740658304433649,0.323,0.3,1,"5","SLC33A1"
0.00113998499060309,0.596430449550718,0.358,0.326,1,"5","SLC20A1"
0.00120107947627087,0.643881874649933,0.349,0.32,1,"5","CLCF1"
0.00123772947235978,0.583359231420516,0.402,0.403,1,"5","ATG13"
0.0013069787929066,0.636270006088929,0.371,0.363,1,"5","SPRYD3"
0.00143734916039834,0.800052073679627,0.306,0.274,1,"5","KLF4"
0.00173793627297739,0.566749015859284,0.393,0.385,1,"5","WBP4"
0.00213438877736448,0.628729806564703,0.386,0.391,1,"5","IFIT5"
0.00229441117139052,0.838753968375407,0.275,0.248,1,"5","CCDC91"
0.00231258587498105,0.532694462532413,0.406,0.405,1,"5","RNF19B"
0.00236670670540243,0.67302676215115,0.33,0.31,1,"5","ABRACL"
0.00245148834029643,0.647385271787701,0.343,0.325,1,"5","REST"
0.0025999824093838,0.557618955972196,0.376,0.373,1,"5","SMIM29"
0.00282834244474498,0.608075814024726,0.358,0.347,1,"5","GTF2A1"
0.00292610398959747,0.72339083203465,0.26,0.226,1,"5","CEBPG"
0.00298265771880276,0.523007778602399,0.459,0.488,1,"5","SRP54"
0.00338214200923281,0.689924950675649,0.334,0.32,1,"5","DEDD2"
0.00374719996329303,0.519313902606432,0.408,0.423,1,"5","TCEA1P2"
0.00407657679232525,0.645320986287144,0.321,0.301,1,"5","EML1"
0.00411134382373769,0.584931926637605,0.373,0.368,1,"5","HRH1"
0.00420671337061812,0.802857950616093,0.26,0.234,1,"5","SOS2"
0.004212969324424,0.714428723081519,0.295,0.276,1,"5","ZFAND2A"
0.0043883963527793,0.65917458080066,0.332,0.321,1,"5","CRELD1"
0.00445968552147069,0.614353993753266,0.341,0.327,1,"5","OSBP"
0.00517137416085094,0.545690364296036,0.378,0.372,1,"5","ZMIZ2"
0.00529697758277705,0.700756052362915,0.297,0.279,1,"5","CTCF"
0.00530440053188957,0.735063260284052,0.297,0.281,1,"5","TRIM27"
0.00563798440135847,0.781552894199202,0.266,0.24,1,"5","LUCAT1"
0.00582602123019778,0.638541604390891,0.312,0.289,1,"5","RTL6"
0.00609958889529355,0.677258861343832,0.277,0.252,1,"5","PI4K2A"
0.00643637665430273,0.540430044771699,0.341,0.333,1,"5","AKIRIN1"
0.00671620333065032,0.58204709255921,0.378,0.38,1,"5","SLAIN2"
0.00691226648859695,0.570692773002417,0.343,0.332,1,"5","LNPEP"
0.00692191661921557,0.625070855862063,0.332,0.325,1,"5","AP1G1"
0.00698024285081226,0.706234474255032,0.29,0.266,1,"5","NAPG"
0.0070050225302744,0.610915373110849,0.356,0.353,1,"5","TRIM38"
0.00780909752857883,0.530088352870099,0.382,0.382,1,"5","OSGIN2"
0.00795012611928188,0.537129693920432,0.38,0.393,1,"5","GOLT1B"
0.00804266950043068,0.561098035108642,0.347,0.338,1,"5","PSME4"
0.00829314866123647,0.625549121024337,0.338,0.331,1,"5","NANS"
0.00853591422816417,0.64228919454924,0.293,0.271,1,"5","STYXL1"
0.00959715049510762,0.599617035666067,0.312,0.29,1,"5","IRS2"
0.00974071582481257,0.519547852170874,0.413,0.445,1,"5","IFI35"
2.96482509949569e-314,3.10481383871222,0.749,0.095,7.52680148008972e-310,"6","DEPDC1"
3.676742079497e-313,2.88134145548065,0.915,0.177,9.33414511721904e-309,"6","HMMR"
2.16636585813697e-300,2.9383310315203,0.81,0.123,5.49975300405233e-296,"6","CENPE"
2.22756019896591e-295,2.93734262603842,0.839,0.142,5.65510707711476e-291,"6","ASPM"
3.86360632987909e-280,2.82161149449294,0.844,0.154,9.80853738966405e-276,"6","KIF20B"
1.4078820971626e-279,2.74002697739737,0.846,0.153,3.5741902800667e-275,"6","ANLN"
9.99357066971279e-278,2.98988514357679,0.729,0.105,2.53706778591999e-273,"6","DLGAP5"
1.43172406477536e-277,2.51927732623626,0.966,0.242,3.63471788324521e-273,"6","PRC1"
1.48208663570608e-275,2.61366464905342,0.922,0.204,3.76257334206701e-271,"6","TPX2"
8.28020912553999e-268,2.81312829537101,0.768,0.123,2.10209669070084e-263,"6","NUF2"
1.82752497728476e-265,2.61035967749996,0.92,0.224,4.63953765983281e-261,"6","NUSAP1"
1.05191168470018e-264,2.9986092357044,0.702,0.102,2.67048819394836e-260,"6","HJURP"
3.64480447464721e-264,2.55946914288143,0.946,0.239,9.25306511978687e-260,"6","CENPF"
3.1973394718526e-263,2.98634676025255,0.68,0.093,8.11708571719221e-259,"6","CDCA8"
1.39303545042169e-261,2.74100970722473,0.832,0.162,3.53649909798554e-257,"6","CKAP2"
4.50684733290552e-258,2.58486502750384,0.878,0.192,1.14415333240472e-253,"6","PBK"
1.55477553205944e-257,2.83639003113523,0.734,0.117,3.94710864323931e-253,"6","CKAP2L"
9.02297617329015e-255,2.94854330299681,0.69,0.102,2.29066296111317e-250,"6","KIF2C"
2.76589811252156e-254,2.79359272052846,0.829,0.177,7.02178553825848e-250,"6","CDK1"
1.77714027171296e-252,2.62388960887824,0.88,0.205,4.51162600779769e-248,"6","CCNB1"
7.36709028936565e-251,2.98396485970457,0.68,0.101,1.87028321176126e-246,"6","TTK"
1.99789997449049e-247,2.64339579352776,0.82,0.162,5.07206866523901e-243,"6","MKI67"
6.03153054176289e-247,3.11536266095239,0.593,0.073,1.53122465863735e-242,"6","PLK1"
1.07900933091072e-246,2.9833246789248,0.637,0.086,2.73928098838305e-242,"6","BUB1"
5.50022516416245e-246,2.76439385547094,0.795,0.155,1.39634216242592e-241,"6","AURKA"
4.73065526615435e-245,2.78318307818911,0.722,0.118,1.2009714524186e-240,"6","KIFC1"
2.0572633322406e-244,2.48337778791834,0.978,0.364,5.22277442155921e-240,"6","TOP2A"
1.92630138296057e-236,2.79221685438867,0.702,0.114,4.890301320922e-232,"6","NDC80"
1.05432960236562e-230,2.3729758180749,0.885,0.213,2.6766265615256e-226,"6","BIRC5"
6.12240085471977e-229,2.77858514449367,0.666,0.102,1.55429390498771e-224,"6","GTSE1"
6.68100881524968e-229,2.69549804679633,0.724,0.128,1.69610770792744e-224,"6","CCNB2"
1.22586072903474e-228,2.36870060313627,0.907,0.24,3.1120926328005e-224,"6","PRR11"
8.82797836999054e-225,2.6884366080217,0.729,0.135,2.2411588687895e-220,"6","SGO2"
3.58845912459842e-224,2.87503237835132,0.627,0.093,9.11002117961802e-220,"6","KIF11"
1.11048524267388e-218,2.85393024675997,0.622,0.094,2.81918888557619e-214,"6","KIF14"
5.12554388944173e-217,2.78970339954265,0.641,0.102,1.30122182721257e-212,"6","CIT"
1.56583653817986e-216,2.55232471924463,0.724,0.132,3.97518921947721e-212,"6","DIAPH3"
4.78086947436305e-213,2.05268114771487,0.968,0.362,1.21371933345655e-208,"6","PTTG1"
4.91463401145272e-213,2.79734120924711,0.607,0.091,1.2476781364875e-208,"6","AURKB"
1.43442325595689e-212,2.7914388556863,0.605,0.089,3.64157031989775e-208,"6","CCNA2"
4.49120280642071e-212,2.56445657420499,0.751,0.153,1.14018165646603e-207,"6","IQGAP3"
1.64343261854033e-208,2.52863800263092,0.715,0.134,4.17218238868834e-204,"6","MAD2L1"
2.36088648195761e-208,2.9172331294929,0.554,0.075,5.99358251174578e-204,"6","KNL1"
8.62837776177331e-206,2.7533645037767,0.605,0.092,2.19048626238139e-201,"6","CEP55"
2.12597415638766e-203,1.96692552145069,0.971,0.419,5.39721059082136e-199,"6","STMN1"
1.66975986180075e-200,2.85928037101178,0.559,0.08,4.23901936115355e-196,"6","BUB1B"
2.9949431154841e-199,2.59759232071896,0.659,0.118,7.60326208727949e-195,"6","TROAP"
3.03862844025145e-198,3.10151923064002,0.471,0.055,7.71416602126636e-194,"6","CENPA"
1.97689929552197e-197,2.66677097150167,0.62,0.102,5.01875424154162e-193,"6","ZWINT"
2.41179608933661e-196,2.60733068365784,0.651,0.115,6.12282673199884e-192,"6","TACC3"
9.97299511672977e-196,2.44642378830595,0.761,0.168,2.53184427028419e-191,"6","RRM2"
3.73979568816634e-195,3.14305388990513,0.478,0.059,9.49421931354788e-191,"6","NEK2"
1.91181566307836e-187,2.71314047636088,0.551,0.083,4.85352642385702e-183,"6","NCAPG"
3.04073176260121e-185,2.31344175447117,0.785,0.195,7.71950572571569e-181,"6","CDKN3"
3.58985851940388e-185,2.65602160500226,0.573,0.091,9.11357382321063e-181,"6","SHCBP1"
1.53309779719467e-184,3.24997996511723,0.405,0.042,3.89207537773812e-180,"6","FAM83D"
1.68379775011922e-182,2.5424673208679,0.632,0.116,4.27465734822766e-178,"6","CDC20"
2.55856492731004e-177,2.68592204879465,0.549,0.088,6.49542878096199e-173,"6","SPC25"
6.23830197796157e-175,2.41605029817807,0.654,0.128,1.5837177231451e-170,"6","RACGAP1"
2.79151511466345e-173,2.6332108747657,0.554,0.091,7.0868194215961e-169,"6","SPAG5"
7.09135593645995e-173,2.45149271891354,0.627,0.118,1.80028253158909e-168,"6","CDCA3"
5.36536247179008e-171,2.53684406482368,0.595,0.108,1.36210457071335e-166,"6","KIF4A"
1.63525950603219e-170,1.73785325161372,0.963,0.501,4.15143330796392e-166,"6","HMGB2"
4.31964057885301e-170,1.74933097347535,0.959,0.463,1.09662715375341e-165,"6","CKS2"
9.59530635281015e-169,2.96985366088562,0.459,0.063,2.43596042378791e-164,"6","GAS2L3"
1.75686607073741e-167,2.7708411502468,0.495,0.074,4.46015589378106e-163,"6","PIMREG"
2.82365137029398e-167,2.72410124517864,0.517,0.082,7.16840373376533e-163,"6","CENPU"
5.14704900389587e-166,1.66888624773824,0.944,0.476,1.30668133061904e-161,"6","CKS1B"
7.77398742845976e-163,1.79455811249706,0.932,0.403,1.97358218846308e-158,"6","SMC4"
2.88375005484549e-161,2.55286212177504,0.559,0.101,7.32097626423624e-157,"6","CIP2A"
8.43367036186238e-159,3.2985341758771,0.356,0.038,2.141055894766e-154,"6","SGO1"
9.92254327503446e-157,2.60851950848342,0.49,0.076,2.519036061233e-152,"6","KIF20A"
6.81650443817538e-156,2.59080214391401,0.502,0.082,1.73050598171958e-151,"6","SPC24"
1.56424912246131e-154,2.84837836092748,0.449,0.066,3.97115924719253e-150,"6","KIF23"
1.61688904207338e-152,2.32802898389707,0.627,0.136,4.10479621111168e-148,"6","ECT2"
4.15067182600064e-151,2.15101666779687,0.69,0.166,1.05373105646678e-146,"6","CENPW"
3.62044872775426e-150,2.6304516034829,0.495,0.083,9.19123318514973e-146,"6","LMNB1"
1.55368738916415e-149,2.48255274011803,0.541,0.101,3.94434617487104e-145,"6","RAD51AP1"
8.59168676574328e-146,2.36815025726419,0.571,0.115,2.18117151921925e-141,"6","TRIP13"
1.70551614565496e-142,2.56913202803604,0.476,0.08,4.32979383897425e-138,"6","ARHGAP11A"
2.9273704587306e-141,2.58300721284684,0.478,0.082,7.43171538357937e-137,"6","SKA3"
6.31093903945609e-139,2.43498446125488,0.5,0.09,1.60215809394672e-134,"6","KNSTRN"
1.72079396944525e-138,2.66373937277992,0.451,0.074,4.36857965023064e-134,"6","CDCA5"
2.63350654288351e-136,1.27625294053378,0.983,0.705,6.68568306041838e-132,"6","ARL6IP1"
8.77630459668869e-129,2.6306210621048,0.388,0.057,2.22804044796136e-124,"6","SKA1"
1.20358830773525e-127,1.92567294728723,0.683,0.183,3.05554963684748e-123,"6","TK1"
1.24662891304958e-127,2.73889813730418,0.388,0.059,3.16481682155896e-123,"6","KIF15"
1.01094788327105e-126,2.64919417087722,0.38,0.056,2.56649339126021e-122,"6","NCAPH"
1.84647408765363e-122,2.21230184743653,0.512,0.106,4.68764376632628e-118,"6","NCAPG2"
1.62186425587371e-119,1.63321778486883,0.832,0.31,4.1174267863866e-115,"6","PCLAF"
4.72930413055274e-119,2.56597498963422,0.41,0.07,1.20062843962342e-114,"6","MELK"
4.46000846725458e-118,2.85593811069243,0.329,0.045,1.13226234958192e-113,"6","KIF18A"
1.99134707819451e-116,2.56548937691799,0.349,0.05,5.0554328274124e-112,"6","KIF18B"
8.46742529339801e-116,1.80454847952309,0.724,0.228,2.14962525923495e-111,"6","TYMS"
2.78166952479674e-115,2.4426606793105,0.41,0.071,7.06182442260148e-111,"6","POC1A"
5.96610769445594e-115,1.92151335563375,0.715,0.238,1.51461576039153e-110,"6","KPNA2"
2.20582242937861e-114,1.80801006034914,0.737,0.248,5.59992140146348e-110,"6","TMPO"
8.75877327029065e-113,1.77199558975192,0.72,0.23,2.22358977012869e-108,"6","NSD2"
1.3855442108918e-111,1.74724600527701,0.749,0.253,3.51748108819101e-107,"6","NCAPD2"
1.93675447287464e-111,2.26652448346753,0.437,0.083,4.91683858028685e-107,"6","PSRC1"
4.14872875302697e-109,1.64586725233814,0.79,0.312,1.05323776853096e-104,"6","CDKN2C"
1.93579898959614e-107,2.0708314232453,0.502,0.112,4.91441289488772e-103,"6","AC092718.4"
2.32050441983568e-107,0.877441324135835,0.983,0.79,5.89106457063684e-103,"6","H2AFZ"
5.0243341120041e-107,2.4215844391973,0.371,0.063,1.27552770101448e-102,"6","PARPBP"
1.5066030565621e-103,2.45369437549386,0.346,0.056,3.82481317969421e-99,"6","MND1"
8.32155750033763e-102,0.510838677287694,0.998,0.938,2.11259380261072e-97,"6","NUCKS1"
2.23126649998295e-101,1.71233334116306,0.715,0.249,5.66451626350672e-97,"6","REEP4"
1.78406484681896e-98,1.87833337184996,0.561,0.149,4.5292054266193e-94,"6","CENPK"
1.79832626149452e-98,1.87939989226111,0.566,0.154,4.56541088005613e-94,"6","SPDL1"
3.90096481203802e-98,2.0812813253831,0.473,0.111,9.90337936832091e-94,"6","ARL6IP1P3"
1.34274056075657e-96,1.77589657095316,0.632,0.193,3.40881546159271e-92,"6","MIS18BP1"
1.41197722179785e-96,1.83450008279967,0.624,0.193,3.58458657297821e-92,"6","HMGB3"
1.09360143984583e-95,2.85416980460006,0.254,0.032,2.77632597533661e-91,"6","PLK4"
1.3893893193869e-94,2.32263355015166,0.332,0.056,3.52724266512751e-90,"6","ASF1B"
6.35863780168262e-94,1.02209225572421,0.949,0.66,1.61426737871317e-89,"6","BUB3"
1.64535104323563e-93,2.07930833106338,0.434,0.095,4.1770526934623e-89,"6","DBF4"
2.44682750669879e-91,2.45126284622499,0.344,0.063,6.21176099125622e-87,"6","LIN9"
8.65560938586924e-90,1.98512741762545,0.468,0.115,2.19739955479062e-85,"6","FBXO5"
1.65742730168557e-89,2.63663284173252,0.259,0.036,4.20771069078916e-85,"6","ARHGAP11B"
3.85373913016135e-89,1.73611847087162,0.59,0.177,9.78348752974063e-85,"6","LMO7"
1.31885510547306e-88,1.62746242150465,0.676,0.241,3.34817745626445e-84,"6","H2AFX"
9.50534241119131e-87,1.38644987727705,0.82,0.384,2.41312127792914e-82,"6","CKAP5"
1.22927958992661e-86,2.15183999459804,0.385,0.081,3.12077209494669e-82,"6","FANCI"
1.85806088960105e-86,0.507670265015597,0.995,0.918,4.71705918043018e-82,"6","CALM2"
1.30409677672739e-84,1.39437131603359,0.798,0.344,3.31071048707782e-80,"6","SMC2"
4.18505486040854e-82,1.37923444151843,0.807,0.395,1.06245987741192e-77,"6","CDC25B"
1.02972672427017e-80,1.00005115092912,0.924,0.595,2.61416723490469e-76,"6","H2AFV"
3.0788837509443e-80,1.22917981377783,0.868,0.453,7.81636217852229e-76,"6","ANP32E"
7.83270709876803e-80,2.27767169861065,0.317,0.06,1.98848935116424e-75,"6","CCNF"
9.16865844847922e-80,1.39703781767312,0.754,0.321,2.32764732031542e-75,"6","GGH"
4.53967077828969e-79,1.85005947728574,0.468,0.125,1.1524862204844e-74,"6","RFC3"
7.25501831922661e-79,1.7635276964931,0.48,0.129,1.84183150070206e-74,"6","CDT1"
1.81629999052082e-78,1.66179945688271,0.541,0.162,4.61104078593519e-74,"6","CENPH"
5.01074646041391e-77,1.40053606638842,0.722,0.296,1.27207820390528e-72,"6","SKA2"
9.53996323582308e-77,2.09297995464305,0.371,0.084,2.42191046667841e-72,"6","CENPM"
2.53549456621548e-76,2.31896130772238,0.307,0.059,6.43686005525124e-72,"6","MXD3"
5.00819108972427e-76,1.63668953979591,0.571,0.186,1.2714294719483e-71,"6","ATAD2"
7.51121240507571e-75,1.59060716032789,0.588,0.198,1.90687149327657e-70,"6","ZWILCH"
1.90775379652571e-74,1.60725885487794,0.546,0.173,4.84321456323982e-70,"6","KIF22"
7.23474888516362e-74,2.19368582223382,0.315,0.063,1.83668569947649e-69,"6","CENPN"
1.50980564112871e-72,1.66103021925237,0.5,0.149,3.83294358113345e-68,"6","CENPQ"
2.72589138659895e-72,1.46907847023333,0.615,0.216,6.92022046315876e-68,"6","MIS18A"
2.93853999980756e-72,1.52384126764886,0.595,0.206,7.46007149751144e-68,"6","DHFR"
4.14227229794757e-72,1.56518873605716,0.593,0.209,1.05159866827995e-67,"6","CCDC34"
1.17612710927807e-71,1.67350768121182,0.512,0.158,2.98583389232422e-67,"6","RCCD1"
1.14027854066277e-70,1.84718884210109,0.407,0.104,2.89482513118058e-66,"6","BRCA1"
3.37504176805933e-70,1.3681388984648,0.715,0.319,8.56821853657223e-66,"6","TUBB4B"
1.5377394571296e-69,1.49065210303007,0.632,0.238,3.90385915981492e-65,"6","LMNB2"
3.67187232371947e-69,2.16304844999518,0.305,0.063,9.32178226822663e-65,"6","FANCD2"
6.54814889505093e-69,2.21407125297875,0.288,0.057,1.66237855998658e-64,"6","HYLS1"
7.4368801478539e-69,1.30109034066656,0.707,0.302,1.88800076313567e-64,"6","MZT1"
5.96079150417942e-67,1.13161492824602,0.839,0.456,1.51326613916603e-62,"6","RRM1"
1.07539260080014e-65,0.610925113000084,0.98,0.82,2.73009919565131e-61,"6","RAD21"
1.2374433480838e-65,1.51443009341142,0.544,0.184,3.14149742778035e-61,"6","PHF19"
1.46717400210198e-64,1.86657484136205,0.305,0.066,3.72471463913629e-60,"6","NEURL1B"
2.28058087417636e-64,1.42610376567618,0.61,0.236,5.78971066527152e-60,"6","DTYMK"
1.2143118871734e-63,2.33937632925005,0.256,0.049,3.08277358796711e-59,"6","RAD51"
2.53224643869188e-63,0.638292215176745,0.993,0.868,6.42861403390707e-59,"6","TM4SF1"
3.24938436694617e-63,1.32842382477708,0.683,0.288,8.24921209236623e-59,"6","JPT1"
5.56254345073352e-63,2.13082059075862,0.276,0.056,1.41216290583772e-58,"6","AC026401.3"
2.47412184382708e-62,0.686903570598558,0.978,0.781,6.28105312492381e-58,"6","HP1BP3"
2.58931410781798e-62,1.87611795547068,0.329,0.078,6.5734917255175e-58,"6","CENPJ"
2.90623149001687e-61,1.82962172735283,0.359,0.093,7.37804988370583e-57,"6","CCDC18"
1.69752570206568e-60,1.37475198480353,0.607,0.238,4.30950849983415e-56,"6","ITGB3BP"
2.62052954117322e-60,1.76495122710202,0.429,0.133,6.65273834617644e-56,"6","AL139220.2"
1.76100240737514e-59,1.54514901565305,0.459,0.145,4.47065681160327e-55,"6","RNASEH2A"
5.46630390136157e-58,1.67822471365328,0.398,0.116,1.38773057143866e-53,"6","WEE1"
2.81374121895235e-57,1.57238558886383,0.466,0.155,7.14324483255433e-53,"6","RNF26"
2.9457094245967e-56,1.97875206101983,0.278,0.063,7.47827251622364e-52,"6","ORC6"
3.35658714526973e-56,2.10763557440746,0.259,0.055,8.52136778569627e-52,"6","INCENP"
1.03089529794468e-55,1.57340260648737,0.444,0.146,2.61713389289215e-51,"6","NEMP1"
3.09565957664936e-55,1.5100915785185,0.444,0.143,7.85895096723974e-51,"6","EZH2"
8.27964590705904e-55,1.60437800927464,0.444,0.147,2.10195370642508e-50,"6","CDCA4"
1.59550007517945e-54,2.05448217254177,0.254,0.054,4.05049604085806e-50,"6","GINS1"
2.83492259390559e-54,1.38968479615299,0.566,0.226,7.19701798914811e-50,"6","TMEM106C"
4.89990761251069e-54,1.04321798290622,0.771,0.379,1.24393954558809e-49,"6","LSM5"
6.19828364820592e-54,1.26685805312007,0.62,0.257,1.57355826977004e-49,"6","FANCG"
1.01355728097827e-53,1.51112649438845,0.451,0.153,2.57311786921953e-49,"6","RFWD3"
2.46220932588182e-53,1.85788692944929,0.302,0.076,6.25081081561617e-49,"6","SYNE2"
1.87132695759687e-51,1.64436320015522,0.412,0.136,4.75073774725117e-47,"6","CDKN2D"
1.97121406955663e-51,1.99101644066386,0.251,0.056,5.00432115838342e-47,"6","TCF19"
6.20306235883971e-51,1.63125922952703,0.341,0.096,1.57477144103864e-46,"6","CHAF1A"
6.53424053012515e-51,1.47878494389609,0.441,0.148,1.65884764338287e-46,"6","CEP97"
8.71598023742794e-51,1.99375458959341,0.259,0.06,2.21272590287583e-46,"6","BARD1"
8.74406836613968e-51,1.23752333035825,0.598,0.25,2.21985663611188e-46,"6","NUDT1"
2.36362000032364e-50,1.44051844233367,0.478,0.175,6.00052209482163e-46,"6","PTN"
1.15174363568182e-49,1.54793496101928,0.371,0.112,2.92393156790544e-45,"6","CMAHP"
1.0119431959994e-48,0.997593772253735,0.773,0.421,2.56902019168369e-44,"6","KDELC2"
3.07229692745773e-48,1.92071937348027,0.254,0.059,7.79964020973693e-44,"6","ATAD5"
5.75504309558255e-48,1.47641373018914,0.412,0.137,1.46103279067554e-43,"6","FEN1"
7.12586899314978e-48,1.57129666170856,0.349,0.103,1.80904436129094e-43,"6","LRR1"
7.50604907202682e-48,1.2759055132073,0.498,0.185,1.90556067791545e-43,"6","G2E3"
1.46043903208398e-47,0.763214295908357,0.902,0.616,3.7076165707516e-43,"6","TUBB6"
2.09709473407453e-47,1.63656245328749,0.32,0.09,5.32389440139501e-43,"6","SCLT1"
2.59437423508404e-46,1.48752915031324,0.378,0.121,6.58633787060786e-42,"6","RHNO1"
5.12736715995568e-46,1.77468511512237,0.293,0.08,1.30168470089795e-41,"6","BRCA2"
1.13740586033224e-45,1.18287271667013,0.566,0.241,2.88753225762545e-41,"6","BRD8"
1.41538045851616e-45,0.953014629246805,0.768,0.421,3.59322637003497e-41,"6","RANGAP1"
1.48210693072282e-45,1.3264487933959,0.429,0.149,3.76262486502603e-41,"6","CDCA2"
1.27626524416468e-44,1.00214511713058,0.707,0.348,3.24005457536087e-40,"6","C12orf75"
2.82858874795837e-44,1.1144496194654,0.61,0.273,7.18093825444192e-40,"6","BCL2L12"
5.57220142032526e-44,1.3704030805547,0.385,0.128,1.41461477457797e-39,"6","CRNDE"
1.10249846767494e-43,1.65243738282459,0.305,0.088,2.79891285988637e-39,"6","EPOR"
2.90168681328862e-43,1.3277376262815,0.437,0.161,7.36651231289581e-39,"6","NDC1"
4.40295974856379e-43,1.26124975200757,0.466,0.178,1.11777939136789e-38,"6","RPL39L"
7.47149716810893e-43,1.86581830919444,0.259,0.068,1.89678898606781e-38,"6","CCDC77"
2.88363859150221e-42,1.35271459383814,0.454,0.176,7.32069329224666e-38,"6","DSN1"
2.90533093314768e-42,1.70477936645134,0.254,0.066,7.37576363998202e-38,"6","CEP85"
5.62088228390054e-42,1.60521585195354,0.334,0.107,1.42697338541383e-37,"6","CEP70"
1.81145319935502e-41,1.25207171035835,0.51,0.22,4.5987362372026e-37,"6","FAM111A"
6.96803630927518e-41,1.32197030319925,0.42,0.155,1.76897537783569e-36,"6","TRMU"
7.64557414911423e-41,1.33926432656686,0.4,0.142,1.94098190923563e-36,"6","MGME1"
1.02854016569401e-39,1.06135592398101,0.627,0.315,2.61115491864738e-35,"6","GMNN"
1.15599667962229e-39,1.58964322469497,0.29,0.086,2.93472877055712e-35,"6","WDR76"
1.58441560442141e-39,0.909731228434223,0.734,0.396,4.02235589494463e-35,"6","RHEB"
1.79659416916182e-39,1.15279948702515,0.493,0.2,4.5610136172511e-35,"6","KMT5A"
1.92392372446795e-39,1.17859129032332,0.495,0.206,4.88426515930678e-35,"6","ACYP1"
6.53965315178519e-39,0.869412136417143,0.744,0.407,1.66022174564371e-34,"6","RPA3"
2.5946501206479e-37,1.0354180452589,0.546,0.242,6.58703826128883e-33,"6","TMEM107"
5.13719335208025e-37,0.9934567492119,0.598,0.283,1.30417927629261e-32,"6","HMGN2"
9.0971121458874e-37,1.06924386923993,0.559,0.263,2.30948386047643e-32,"6","MCM4"
1.44344508106392e-36,0.751097506782396,0.871,0.533,3.66447402729699e-32,"6","IL11"
3.01369654312463e-36,1.33742124626197,0.315,0.103,7.6508714140305e-32,"6","NDE1"
4.69881669843614e-36,0.879223264947117,0.717,0.39,1.19288859523198e-31,"6","MTMR6"
8.39776688634948e-36,0.59189878151311,0.929,0.708,2.13194107943754e-31,"6","DEK"
1.07098961871274e-35,1.05203233880917,0.612,0.311,2.71892134502604e-31,"6","PCNA"
1.32906344362984e-35,0.535914113623009,0.956,0.736,3.37409336434308e-31,"6","NUCB2"
3.50100647303235e-35,1.04094277171348,0.58,0.281,8.88800513308724e-31,"6","CCDC14"
1.41904441392621e-34,0.661500486515459,0.888,0.606,3.60252805363447e-30,"6","CBX5"
1.61117898448228e-34,1.32592894997807,0.317,0.108,4.09030008790517e-30,"6","ARL4A"
1.63328058315312e-34,1.06575362295459,0.485,0.208,4.14640941645082e-30,"6","TOPBP1"
1.42418286683538e-33,0.748698266762658,0.8,0.492,3.61557304403497e-29,"6","PSIP1"
1.98562917224207e-33,0.826818256005688,0.717,0.397,5.04091677957094e-29,"6","MAD2L2"
2.01834612090936e-33,1.01304286784837,0.49,0.218,5.12397529715259e-29,"6","SOGA1"
2.06789108175661e-33,1.21262727690617,0.393,0.156,5.2497550892555e-29,"6","NRM"
2.3752672849972e-33,1.16252883619781,0.454,0.197,6.0300910564224e-29,"6","SCML1"
2.6346249246488e-33,1.08759338210095,0.48,0.212,6.68852229620591e-29,"6","C2orf69"
3.23768782944271e-33,1.5645776753821,0.266,0.085,8.21951809260622e-29,"6","LIG1"
4.08056721618178e-33,1.41580590493742,0.266,0.083,1.03593359917207e-28,"6","ESPL1"
7.62195209851766e-33,1.32974680604484,0.298,0.1,1.93498497925068e-28,"6","TUBA1C"
9.37005621802597e-33,0.960790736854876,0.51,0.224,2.37877617207025e-28,"6","ETV5"
1.15958181325335e-32,1.38082839689474,0.263,0.083,2.94383034930629e-28,"6","VRK1"
1.57846642758982e-32,0.810664463344115,0.702,0.391,4.00725271972227e-28,"6","CDK19"
2.59194840251755e-32,0.998637391771793,0.663,0.391,6.58017940947131e-28,"6","PLAU"
2.85260817434581e-32,1.50440380191461,0.256,0.08,7.2419163722117e-28,"6","NCAPD3"
4.09137602325272e-32,1.06762058724259,0.41,0.165,1.03867763102317e-27,"6","RFC4"
6.2538089604807e-32,1.35749450990185,0.305,0.106,1.58765448079723e-27,"6","NRIP3"
8.17215913219158e-32,1.12646999372619,0.412,0.169,2.07466603888948e-27,"6","FAM122B"
8.83999637102209e-32,0.507074655025537,0.932,0.771,2.24420987871138e-27,"6","DUT"
3.13470005979893e-31,0.897296221179637,0.671,0.371,7.95806304181154e-27,"6","NAV2"
5.47542992222673e-31,1.39134206167336,0.273,0.091,1.3900473943557e-26,"6","KIAA0586"
6.48968874822903e-31,0.88031793320359,0.644,0.358,1.6475372825129e-26,"6","SAE1"
6.94262156788006e-31,1.28811011776339,0.302,0.106,1.76252333743771e-26,"6","CEP152"
1.16274192186588e-30,0.938930732937168,0.588,0.303,2.95185291704092e-26,"6","HIST1H4C"
1.68244372511741e-30,1.22518781814944,0.32,0.117,4.27121988495556e-26,"6","FAM110A"
1.7201631964991e-30,1.13191978327551,0.334,0.125,4.36697830695226e-26,"6","APOLD1"
2.56517943727214e-30,1.0905819076913,0.427,0.183,6.51222103740278e-26,"6","ERAP2"
2.70410285810662e-30,0.770016469147778,0.724,0.412,6.86490592587527e-26,"6","ERLIN1"
3.23126190718873e-30,1.18796466176001,0.402,0.172,8.20320460378002e-26,"6","PAK4"
6.61485107848293e-30,1.19706718248137,0.32,0.117,1.67931224329446e-25,"6","TIMELESS"
6.67360472363516e-30,0.61845230850981,0.89,0.624,1.69422803118926e-25,"6","IKBIP"
6.81192254433791e-30,0.739392808008182,0.739,0.43,1.72934277633106e-25,"6","RUVBL2"
8.1690892122112e-30,1.25987256117016,0.278,0.094,2.07388667830406e-25,"6","RMI1"
1.57124319961668e-29,0.77961050483037,0.68,0.372,3.98891511086686e-25,"6","CDC42BPA"
3.99471873784983e-29,1.21660205105243,0.371,0.153,1.01413924597794e-24,"6","TMEM19"
8.6204926188155e-29,0.817841839965381,0.724,0.468,2.18848446113869e-24,"6","GMDS"
1.13192958061255e-28,1.06160478624245,0.368,0.149,2.87362962630107e-24,"6","VANGL1"
1.35052286620237e-28,0.93677075068221,0.498,0.236,3.42857240042797e-24,"6","CMC2"
1.50711491873513e-28,1.07413491026691,0.376,0.154,3.82611264419288e-24,"6","MASTL"
2.55808495136613e-28,0.983693979849396,0.429,0.187,6.49421026603319e-24,"6","VAMP4"
3.18493629894756e-28,0.818628373469515,0.59,0.306,8.08559778213817e-24,"6","DDX39A"
3.23913416113954e-28,1.11830036650728,0.422,0.189,8.22318989488496e-24,"6","CHEK1"
6.15565247375111e-28,1.08529907927515,0.376,0.157,1.56273549351119e-23,"6","CALM2P2"
9.92193657196829e-28,1.10124061173172,0.371,0.152,2.51888203752559e-23,"6","MRE11"
2.07221105240183e-27,1.02709846438664,0.444,0.205,5.26072219873253e-23,"6","WDR34"
4.95870414673256e-27,1.04030181085895,0.48,0.238,1.258866221731e-22,"6","ANGPTL5"
1.80395347456575e-26,0.838686439732313,0.595,0.327,4.57969668588008e-22,"6","PHGDH"
2.8760186091223e-26,0.535015800315288,0.907,0.704,7.30134844297878e-22,"6","SMS"
3.01230953452889e-26,1.21472315489026,0.251,0.087,7.64735021530849e-22,"6","CBR3"
4.46109161660003e-26,0.922006278771416,0.493,0.245,1.13253732870625e-21,"6","CA5B"
4.47982727434458e-26,0.963591014528032,0.39,0.169,1.13729375013786e-21,"6","SBSN"
4.87355525879951e-26,1.19570919892865,0.293,0.11,1.23724947355143e-21,"6","CCSAP"
4.96279194913584e-26,0.788129238838324,0.622,0.339,1.25990399212712e-21,"6","DNMT1"
5.85967013362614e-26,1.06786754328999,0.363,0.155,1.48759445682367e-21,"6","MMD"
8.06906114994938e-26,0.906691257359651,0.493,0.247,2.04849255413765e-21,"6","TUBG1"
8.97277334820251e-26,1.17600209308649,0.307,0.12,2.27791796990817e-21,"6","FGFR1OP"
1.17095701016137e-25,0.964632258642745,0.349,0.143,2.97270856169667e-21,"6","LRRCC1"
2.06467339980496e-25,0.68004425765621,0.761,0.472,5.24158636008484e-21,"6","CD109"
2.80230520747598e-25,1.09974117832626,0.339,0.14,7.11421223021928e-21,"6","MDC1"
3.45956969036297e-25,1.06755664549974,0.324,0.131,8.78280957292447e-21,"6","ZADH2"
4.08653755099555e-25,1.34813499706449,0.263,0.098,1.03744928807124e-20,"6","HELLS"
4.56325061333902e-25,0.948115029900688,0.422,0.197,1.15847243320838e-20,"6","DCAF15"
5.30077166474529e-25,1.23105810414218,0.288,0.112,1.34570690252889e-20,"6","COQ2"
8.42048931977726e-25,0.978861502170775,0.398,0.18,2.13770962361185e-20,"6","PCNT"
9.91989960383424e-25,1.0318801695483,0.363,0.158,2.5183649124254e-20,"6","NCEH1"
1.61457303135858e-24,0.886843424394318,0.507,0.259,4.09891655471002e-20,"6","ACOT7"
2.79303231313705e-24,1.15654542033472,0.307,0.123,7.09067113336102e-20,"6","PKP4"
6.2204942644041e-24,0.681309265929155,0.68,0.404,1.57919687890427e-19,"6","EZR"
9.05859135158184e-24,0.836771482119753,0.498,0.248,2.29970458642608e-19,"6","ALDH7A1"
9.71438097117143e-24,0.888775835202998,0.385,0.17,2.46618989715129e-19,"6","FN3KRP"
1.03862695464377e-23,1.08766917028856,0.334,0.144,2.63676224975413e-19,"6","TMEM97"
2.38078636270025e-23,0.609789892913631,0.785,0.502,6.04410233898713e-19,"6","COL8A1"
2.91195253595623e-23,0.823967979036343,0.449,0.217,7.39257390303208e-19,"6","POLD3"
3.05176034029893e-23,0.536021055969012,0.866,0.628,7.74750397591689e-19,"6","HMGB1P5"
3.16241788531101e-23,0.612074087177444,0.78,0.514,8.02843028543907e-19,"6","TUBA1A"
3.25595506289132e-23,0.959390050053399,0.346,0.148,8.26589311816219e-19,"6","GOT1"
3.3181134523589e-23,0.858367495632495,0.466,0.234,8.42369462150353e-19,"6","ODF2"
6.35849797175684e-23,0.676373823380909,0.702,0.438,1.61423188008991e-18,"6","CBX1"
7.05450934010013e-23,0.902411025844876,0.351,0.152,1.79092828617122e-18,"6","AC073869.1"
8.80792460532054e-23,1.10001551349463,0.3,0.123,2.23606781955273e-18,"6","CHEK2"
1.05788892906441e-22,0.886585926999576,0.354,0.154,2.68566262421582e-18,"6","FZR1"
1.52180987269866e-22,0.936004065605702,0.373,0.17,3.86341872382009e-18,"6","SVIP"
2.61230902139702e-22,1.21301828050403,0.254,0.097,6.63186891262062e-18,"6","CEP78"
2.65681625380858e-22,0.800445052774729,0.359,0.157,6.74485942354385e-18,"6","EVI2A"
4.28689989157381e-22,0.993402231930917,0.327,0.141,1.08831527547384e-17,"6","CNTROB"
5.51481331449099e-22,1.06672026135573,0.288,0.116,1.40004565614983e-17,"6","NUP35"
7.05948011097776e-22,0.774280942923335,0.52,0.274,1.79219021577392e-17,"6","MYH10"
8.21830747960347e-22,0.62337463873815,0.705,0.434,2.08638171984693e-17,"6","CETN3"
1.13492564409612e-21,0.718690037929247,0.576,0.32,2.88123573266681e-17,"6","PPIH"
1.15813161902296e-21,0.665981596920124,0.656,0.397,2.94014874121359e-17,"6","HMGB1P6"
1.43967700863849e-21,0.939358638331841,0.305,0.126,3.65490802183052e-17,"6","RFX8"
1.52736677357146e-21,0.920875929831044,0.349,0.155,3.87752602806587e-17,"6","YEATS4"
1.67031236292192e-21,0.74077567257283,0.551,0.309,4.24042199574989e-17,"6","CSE1L"
1.74397762097167e-21,0.797897688820243,0.551,0.312,4.42743598636078e-17,"6","ICMT"
1.93000440113798e-21,1.01381889535294,0.285,0.117,4.899702173169e-17,"6","CEP57L1"
2.65153419524534e-21,0.7691242765424,0.444,0.216,6.73144986146933e-17,"6","NUP98"
2.74583514827147e-21,0.65393243755908,0.598,0.33,6.97085169091677e-17,"6","PREX1"
3.21261133510706e-21,0.982504041052314,0.31,0.134,8.1558563964363e-17,"6","SCG5"
3.65216854088678e-21,0.756643671749106,0.517,0.279,9.27176027474927e-17,"6","GPN3"
3.74395107193018e-21,1.06522560488969,0.322,0.144,9.50476858630914e-17,"6","SDC1"
5.49579912953858e-21,0.652526246242684,0.602,0.336,1.39521852501596e-16,"6","HSPB11"
6.02480924605608e-21,1.10766563504936,0.283,0.117,1.52951832329626e-16,"6","OSBPL3"
6.23304453755725e-21,0.582866928438249,0.566,0.298,1.58238301674966e-16,"6","ERFE"
7.06068455324489e-21,0.632860157688976,0.683,0.417,1.79249598753228e-16,"6","CCDC88A"
9.17882369382995e-21,0.627278592594337,0.605,0.337,2.33022797115261e-16,"6","LSM4"
1.03740981913353e-20,0.952292025442441,0.354,0.164,2.6336723078343e-16,"6","C10orf90"
1.08722895497703e-20,0.934635172893886,0.388,0.185,2.76014814800019e-16,"6","AGA"
1.16803159464458e-20,0.659421072134881,0.629,0.369,2.96528180932418e-16,"6","DCTN3"
1.30868186924741e-20,0.697371665774854,0.583,0.337,3.32235066145839e-16,"6","NDP"
1.73092882733528e-20,0.727344103959763,0.544,0.304,4.39430901395608e-16,"6","DIXDC1"
1.74278777994294e-20,0.884356102184075,0.359,0.165,4.42441533694115e-16,"6","CCP110"
2.01965036106705e-20,0.587010988826409,0.649,0.371,5.12728637164092e-16,"6","ADAM15"
2.75505117347919e-20,0.771239266940345,0.422,0.211,6.99424841411161e-16,"6","NEDD1"
2.75733563795258e-20,0.857759113546017,0.346,0.157,7.00004798407022e-16,"6","CEP44"
3.23979227468502e-20,0.703510349498706,0.554,0.321,8.22486064774287e-16,"6","HMG20B"
3.28279900784808e-20,0.689529668602735,0.573,0.325,8.33404184122391e-16,"6","IFI27L1"
4.32949446626743e-20,0.630946563435743,0.315,0.134,1.09912876015131e-15,"6","PIM2"
4.98558270760881e-20,0.598899548024543,0.607,0.341,1.26568988198065e-15,"6","HAT1"
7.85865797503683e-20,0.669673140698929,0.493,0.264,1.9950775001226e-15,"6","IRX3"
8.31206744539912e-20,1.00292091559638,0.256,0.104,2.11018456236348e-15,"6","MCTP2"
1.30532201864263e-19,0.625582449685128,0.617,0.362,3.31382100872804e-15,"6","DIAPH1"
1.73097836020629e-19,0.735897188611092,0.512,0.283,4.39443476305572e-15,"6","MCM7"
1.73348220353372e-19,0.61018951382655,0.605,0.351,4.40079127011106e-15,"6","P3H2"
2.51839901199028e-19,0.609225337120637,0.651,0.396,6.39345957173971e-15,"6","CEP57"
2.78994035901408e-19,0.762423037405522,0.451,0.235,7.08282158942905e-15,"6","JPT2"
5.16165242615811e-19,0.597335021027918,0.685,0.429,1.31038870142876e-14,"6","YIF1B"
5.19972444398088e-19,0.799737252651308,0.376,0.181,1.32005404459342e-14,"6","HAGH"
7.04245233558927e-19,0.675710663866478,0.568,0.331,1.78786737443605e-14,"6","NUDCD2"
7.36608292674284e-19,0.920210415263995,0.283,0.121,1.8700274726122e-14,"6","TEX30"
7.881754312488e-19,0.745294231045365,0.427,0.218,2.00094096731133e-14,"6","EXOSC9"
1.21819916019675e-18,0.920256921072651,0.285,0.122,3.09264220799148e-14,"6","GCNT1"
1.2472154204042e-18,0.548331621300866,0.773,0.523,3.16630578778014e-14,"6","SMAD3"
1.41805085439327e-18,0.738162548021236,0.451,0.239,3.60000570404819e-14,"6","SEPHS1"
1.41924866869157e-18,0.515705643436688,0.824,0.594,3.6030465952073e-14,"6","ITM2C"
1.60191876559015e-18,0.9705671534868,0.283,0.123,4.06679117020371e-14,"6","JADE1"
2.12028776047353e-18,1.00660475870859,0.259,0.108,5.38277453751415e-14,"6","POLH"
2.18538837723993e-18,0.552717676621165,0.744,0.499,5.548045473299e-14,"6","CALM3"
2.19965904794156e-18,0.874281850316229,0.346,0.167,5.58427442500923e-14,"6","IMPA2"
2.35435386356985e-18,0.605837773082315,0.576,0.329,5.97699815344478e-14,"6","PHACTR4"
3.28934661091081e-18,0.520029383728043,0.571,0.321,8.35066424111928e-14,"6","PIM1"
4.73932074849551e-18,0.674788043695754,0.463,0.247,1.20317135842055e-13,"6","APIP"
5.90386032939588e-18,0.554931619557497,0.698,0.442,1.49881302182373e-13,"6","HNRNPA1P48"
5.9384083201126e-18,0.790425497404739,0.351,0.169,1.50758372022699e-13,"6","ARL6IP6"
7.42477168465551e-18,0.581924758594245,0.629,0.378,1.88492678758349e-13,"6","TPRKB"
8.19686123762634e-18,0.89250580773352,0.317,0.149,2.0809371623962e-13,"6","CCBE1"
8.41105996484471e-18,0.949007064753101,0.283,0.127,2.13531579327513e-13,"6","ADGRE5"
8.70941255011163e-18,0.625876520700171,0.615,0.367,2.21105856409684e-13,"6","MDFIC"
9.381489643415e-18,0.972465542949718,0.276,0.122,2.38167877577377e-13,"6","HMGN2P5"
1.04779293048079e-17,0.616391099793048,0.593,0.352,2.66003191261157e-13,"6","SUGP2"
1.09345720060961e-17,0.576928377148072,0.637,0.394,2.77595979518761e-13,"6","ID1"
1.3225468186007e-17,0.620531822978363,0.444,0.229,3.35754960838159e-13,"6","CDK2"
1.37140260697284e-17,0.780507571181673,0.373,0.188,3.48157979832195e-13,"6","NFYB"
1.50960234877497e-17,0.959987726214332,0.278,0.123,3.83242748283503e-13,"6","RFC2"
1.8603617389728e-17,0.552208258659477,0.659,0.405,4.72290034673025e-13,"6","FOPNL"
1.95783831628887e-17,0.596744973470966,0.646,0.41,4.97036413356254e-13,"6","WDFY1"
2.05947008100409e-17,0.574798923233262,0.678,0.43,5.22837669464508e-13,"6","SMC1A"
2.45659201052591e-17,0.857503439736705,0.312,0.147,6.23655013712213e-13,"6","EMC9"
2.54920879671984e-17,1.01210824033926,0.29,0.134,6.47167637223266e-13,"6","NHLRC3"
2.87626924811865e-17,0.796473278101987,0.371,0.187,7.30198474019881e-13,"6","NUP107"
3.73464058173938e-17,0.54947487448455,0.649,0.398,9.48113204486175e-13,"6","CDC27"
4.16127076926504e-17,0.511563919437585,0.8,0.581,1.05642181019332e-12,"6","ATL3"
4.31625269651429e-17,0.642035805976978,0.539,0.311,1.09576707206408e-12,"6","ANTXR2"
5.20432180480495e-17,0.516247850375218,0.741,0.494,1.32122117658583e-12,"6","TPGS2"
5.7652413022881e-17,0.544593749841707,0.71,0.477,1.46362180941188e-12,"6","SAP30"
5.79943766759069e-17,0.527345346797592,0.72,0.463,1.47230324067125e-12,"6","TRIOBP"
5.86374790311544e-17,0.755221578257493,0.407,0.218,1.48862968016392e-12,"6","CDCP1"
6.6486646109115e-17,0.725801322122873,0.444,0.242,1.6878964847721e-12,"6","NUP85"
6.77741485743817e-17,0.589868469200961,0.6,0.371,1.72058230985783e-12,"6","TTL"
7.15372455134521e-17,0.868531025976558,0.344,0.17,1.81611605185001e-12,"6","ASH2L"
7.48211779170546e-17,0.5495914891505,0.688,0.444,1.89948524378026e-12,"6","CACYBP"
9.28293571958689e-17,0.516454149101502,0.727,0.497,2.35665889113152e-12,"6","RNF5"
9.51328358232611e-17,0.606600089950129,0.495,0.274,2.41513730304513e-12,"6","SLC35E3"
1.02555826284148e-16,0.679708993066935,0.434,0.233,2.60358476187566e-12,"6","HINT2"
1.29237572109608e-16,0.568321297552523,0.622,0.4,3.28095424314662e-12,"6","SERPINA1"
1.57527156132135e-16,0.692493040727548,0.412,0.218,3.99914191272652e-12,"6","XRCC1"
2.38034113298714e-16,0.523787021712546,0.607,0.374,6.04297203431446e-12,"6","C2orf40"
2.71291112928954e-16,0.617611568493094,0.551,0.332,6.88726748392735e-12,"6","KIF1BP"
2.72001844453305e-16,0.808361413410375,0.334,0.167,6.90531082513606e-12,"6","TIAM2"
2.82697858150186e-16,0.736231334287023,0.402,0.214,7.17685052485876e-12,"6","MAGOHB"
3.01447087654339e-16,0.510523275845828,0.654,0.409,7.65283721428071e-12,"6","YWHAH"
3.14329026439408e-16,0.509082932343749,0.751,0.525,7.97987099421726e-12,"6","RHOBTB3"
3.67455573335711e-16,0.661356184261711,0.507,0.292,9.32859464027369e-12,"6","AC106795.1"
4.08461882544973e-16,0.569229487855026,0.627,0.388,1.03696218121692e-11,"6","LSM8"
4.31435372122556e-16,0.786071671248447,0.273,0.123,1.09528497920753e-11,"6","MED7"
4.45717583165056e-16,0.956094031291515,0.254,0.113,1.13154322838113e-11,"6","PKN3"
5.1960852202684e-16,0.857537108422609,0.3,0.141,1.31913015486954e-11,"6","TMEM30B"
5.85901893374032e-16,0.756852585863441,0.327,0.159,1.48742913670865e-11,"6","C19orf48"
5.9993043310194e-16,0.866892949284733,0.285,0.134,1.52304339051589e-11,"6","CEP135"
6.30211655867962e-16,0.716681874742289,0.378,0.195,1.599918330752e-11,"6","THOP1"
6.7871528428728e-16,0.729598601839465,0.459,0.261,1.72305449222012e-11,"6","TFDP1"
7.17727605267605e-16,0.752985808779305,0.32,0.155,1.82209507149287e-11,"6","OXCT1"
8.38342234380725e-16,0.861735865861338,0.322,0.159,2.12829943042235e-11,"6","THOC3"
9.38135638862824e-16,0.507828621144828,0.715,0.473,2.38164494638105e-11,"6","CARHSP1"
9.51697179502641e-16,0.899405751076623,0.266,0.122,2.41607362960335e-11,"6","BRI3BP"
1.12051651395554e-15,0.641753870648601,0.429,0.23,2.84465527397892e-11,"6","HPRT1"
1.22312942937844e-15,0.510078524089316,0.683,0.437,3.10515868236306e-11,"6","PCM1"
1.51109725403875e-15,0.697639788141539,0.42,0.228,3.83622259882816e-11,"6","PIN1"
1.69722288118691e-15,0.720826104181895,0.3,0.145,4.3087397284692e-11,"6","FGFBP2"
1.98558427115153e-15,0.724018296320798,0.378,0.199,5.04080278917239e-11,"6","KLF5"
2.20045199740005e-15,0.676703657773226,0.393,0.207,5.58628748579952e-11,"6","KATNAL1"
2.27553596760364e-15,0.625917055846707,0.459,0.26,5.77690316095537e-11,"6","SLPI"
2.8235072104823e-15,0.609372443936907,0.463,0.26,7.16803775525142e-11,"6","IDH2"
3.27699935569501e-15,0.673785066215394,0.449,0.253,8.31931826430292e-11,"6","HLTF"
3.54767484617838e-15,0.790756500040566,0.356,0.187,9.00648213199304e-11,"6","MCM3"
3.70166310642669e-15,0.635143934589578,0.532,0.32,9.39741212828544e-11,"6","LNPEP"
3.80612124691419e-15,0.606518186858328,0.451,0.252,9.66260000954106e-11,"6","MT1M"
3.92305706266355e-15,0.582285864860877,0.576,0.357,9.95946496498396e-11,"6","SEMA4B"
4.01005831658954e-15,0.541609905419723,0.563,0.351,1.01803350483259e-10,"6","TIMM10"
5.57570197570174e-15,0.579893459520833,0.468,0.264,1.4155034605714e-10,"6","OLFM1"
6.33965213750907e-15,0.692605945917965,0.293,0.141,1.60944748814943e-10,"6","RAC2"
7.7119773306488e-15,0.587210276253619,0.483,0.278,1.95783968493181e-10,"6","NUDT2"
9.09857390517085e-15,0.547729580786221,0.541,0.321,2.30985495730572e-10,"6","CFL2"
1.02959347833156e-14,0.501506479886032,0.683,0.468,2.61382896344033e-10,"6","VDAC3"
1.35090574471665e-14,0.858216811766681,0.271,0.129,3.42954441411215e-10,"6","MOXD1"
1.37739324177445e-14,0.767548582405867,0.29,0.141,3.4967882228928e-10,"6","PARP2"
1.40002846321357e-14,0.596389652791585,0.41,0.223,3.55425225956029e-10,"6","HADH"
1.44298988906892e-14,0.5998908072088,0.461,0.26,3.66331843137927e-10,"6","BCL7C"
1.45747145177224e-14,0.531023950990884,0.668,0.434,3.70008277461419e-10,"6","SPIN1"
1.60773499728673e-14,0.637994345910129,0.434,0.241,4.08155683761181e-10,"6","GPX7"
1.77079559185248e-14,0.66051537350505,0.388,0.209,4.49551876903588e-10,"6","HDAC6"
1.91172219515504e-14,0.876471133246727,0.278,0.135,4.8532891368401e-10,"6","MEOX2"
2.27269361966628e-14,0.798953695982001,0.324,0.17,5.76968729224677e-10,"6","GREM1"
2.47369764141458e-14,0.559949753475397,0.554,0.336,6.27997620225919e-10,"6","RAB27A"
2.6084188513467e-14,0.66938729549656,0.285,0.136,6.62199293791386e-10,"6","PPM1B"
2.89309877585267e-14,0.737447131679401,0.261,0.124,7.34470986225717e-10,"6","HAS1"
3.15326006076429e-14,0.72646641986142,0.349,0.183,8.00518131626231e-10,"6","TMEM237"
3.19045518425472e-14,0.532732924051755,0.537,0.319,8.09960857626746e-10,"6","BOLA3"
3.45084878158275e-14,0.717564031863649,0.341,0.177,8.76066980180414e-10,"6","EXOSC8"
3.51662073360612e-14,0.679792628354326,0.383,0.209,8.92764505640586e-10,"6","RTTN"
4.08750200223908e-14,0.624593212867987,0.407,0.226,1.03769413330843e-09,"6","CYB5R2"
4.60844836579091e-14,0.638135723430771,0.39,0.213,1.16994678662334e-09,"6","IMPA1"
4.75524026522038e-14,0.515857489219858,0.485,0.277,1.2072128461315e-09,"6","SKAP2"
5.46252253108168e-14,0.733741723732421,0.3,0.15,1.38677059496571e-09,"6","NAGA"
5.51117456395744e-14,0.655122902189066,0.324,0.166,1.39912188655188e-09,"6","NTN1"
6.37118597056726e-14,0.649160657873155,0.417,0.237,1.61745298234791e-09,"6","SPECC1L"
7.17631335463612e-14,0.630385935309556,0.373,0.198,1.82185067134147e-09,"6","MTF2"
7.29988168702193e-14,0.646358111216069,0.41,0.229,1.85322096388426e-09,"6","ELP6"
8.7709287158354e-14,0.713128783315188,0.378,0.213,2.22667567308913e-09,"6","PSAT1"
9.54798323088095e-14,0.5152580073221,0.598,0.378,2.42394650282375e-09,"6","COMMD4"
1.04554089905077e-13,0.697636828318927,0.276,0.132,2.6543146804202e-09,"6","ALDH16A1"
1.06649899744968e-13,0.617737110521163,0.393,0.215,2.70752100482551e-09,"6","NUDT15"
1.49086277043322e-13,0.675569320553285,0.368,0.202,3.78485331529882e-09,"6","ITGAE"
1.52041674507094e-13,0.527649256949697,0.437,0.249,3.85988199071159e-09,"6","TECR"
2.20337148516171e-13,0.684889149626096,0.351,0.189,5.59369918938003e-09,"6","HNRNPLL"
2.30189198630908e-13,0.538534173354998,0.439,0.245,5.84381318564287e-09,"6","RPA1"
2.43851294156818e-13,0.505012137763669,0.598,0.377,6.19065280475913e-09,"6","ANKRD28"
2.68629936880032e-13,0.591424875813733,0.3,0.15,6.81970820757338e-09,"6","FOXC2"
3.17156904865529e-13,0.74057369248766,0.278,0.138,8.05166234382118e-09,"6","KDM4A"
3.43583944938264e-13,0.53861612494426,0.466,0.27,8.72256561014771e-09,"6","GPR68"
3.87663454182978e-13,0.659606522750544,0.373,0.206,9.84161211134326e-09,"6","IFT74"
4.03870228366417e-13,0.631550124561142,0.4,0.23,1.02530534875382e-08,"6","TMEM138"
4.14243315731484e-13,0.56603859507961,0.4,0.223,1.05163950564752e-08,"6","CDC42EP4"
4.14809045617624e-13,0.718161006061856,0.312,0.162,1.05307572410946e-08,"6","SAP30L"
4.75181883559872e-13,0.750273936740753,0.346,0.19,1.20634424779345e-08,"6","PDGFRL"
5.49124282269951e-13,0.803714975617318,0.251,0.12,1.39406181539873e-08,"6","BTD"
7.01242062525588e-13,0.798246340217726,0.261,0.128,1.78024322413371e-08,"6","POMT1"
1.24436739118334e-12,0.530835406452823,0.424,0.244,3.15907549599715e-08,"6","PMM1"
1.26415155534688e-12,0.628145978730501,0.307,0.16,3.20930155355912e-08,"6","S1PR3"
1.67248607598379e-12,0.734824794532649,0.261,0.13,4.24594040110005e-08,"6","RAB27B"
1.71878869503899e-12,0.687446196101645,0.288,0.148,4.36348886009549e-08,"6","PSPC1"
1.76086158999242e-12,0.628919160169981,0.439,0.261,4.47029931851376e-08,"6","AL354714.2"
1.84294287338558e-12,0.626472094208718,0.324,0.171,4.67867907266398e-08,"6","CENPT"
1.9842574803694e-12,0.500912718746864,0.546,0.342,5.0374344654138e-08,"6","HMGN3"
2.12070195427087e-12,0.588111764453345,0.478,0.294,5.38382605130745e-08,"6","SEC22C"
2.51620793210996e-12,0.742901127922731,0.285,0.148,6.38789707724756e-08,"6","NECAB1"
2.69342218339525e-12,0.623351100732167,0.351,0.193,6.83779089698551e-08,"6","ARPIN"
2.94361454369716e-12,0.627500318310427,0.327,0.175,7.47295424208399e-08,"6","GLA"
2.94953152299007e-12,0.60012417472231,0.395,0.226,7.48797567741488e-08,"6","RAD1"
3.54647501120863e-12,0.506813824203361,0.449,0.268,9.00343611095535e-08,"6","ALCAM"
3.58379580930923e-12,0.556298742144535,0.522,0.33,9.09818242109333e-08,"6","AC097534.2"
4.14547113220189e-12,0.581253130998742,0.388,0.219,1.05241075633209e-07,"6","NUP37"
4.73243942903091e-12,0.732539766388945,0.344,0.195,1.20142439784808e-07,"6","PDE6D"
4.89799390454286e-12,0.575763981551716,0.356,0.195,1.2434537125463e-07,"6","ATL2"
5.6956877564808e-12,0.534334424420164,0.51,0.321,1.44596425073778e-07,"6","VPS29"
6.42780597549282e-12,0.583606414395002,0.363,0.205,1.63182710299836e-07,"6","EVA1A"
7.55216578713009e-12,0.674751343682676,0.288,0.15,1.91726832837872e-07,"6","ETV1"
1.0171476885562e-11,0.580603569932256,0.307,0.162,2.58223283693761e-07,"6","LIN52"
1.0554331386895e-11,0.629448334268232,0.339,0.189,2.67942810919102e-07,"6","ANG"
1.19489508383595e-11,0.534535589480852,0.334,0.181,3.03348014933433e-07,"6","CACYBPP2"
1.39007671285435e-11,0.579061338996714,0.39,0.226,3.52898775092334e-07,"6","GALNT18"
1.50790692284573e-11,0.50132803006992,0.4,0.228,3.82812330502846e-07,"6","BBIP1"
1.93279972664869e-11,0.608814861815411,0.315,0.172,4.90679866604302e-07,"6","SRGAP2"
2.28067130718229e-11,0.623914306324534,0.359,0.203,5.78994024754367e-07,"6","SNX7"
2.30697238784283e-11,0.61855027968583,0.354,0.198,5.85671080101659e-07,"6","RNASEH2B"
2.43274418747626e-11,0.661952509652066,0.349,0.198,6.17600766874599e-07,"6","PHTF2"
2.80073435003904e-11,0.569419923536369,0.339,0.189,7.11022429444411e-07,"6","HACD2"
2.80393861430177e-11,0.677662388885565,0.261,0.134,7.11835896012789e-07,"6","NUP93"
3.32213300113077e-11,0.65434025294511,0.307,0.169,8.43389904997069e-07,"6","DOCK5"
3.57893193040341e-11,0.603483082457361,0.351,0.198,9.08583449171514e-07,"6","SMAD6"
3.6526716317391e-11,0.562622629514167,0.371,0.213,9.27303747149605e-07,"6","KLHL7"
5.28540722618132e-11,0.583123100123645,0.361,0.208,1.34180633251065e-06,"6","NUP205"
6.78960431858169e-11,0.573679728473214,0.393,0.233,1.72367684835833e-06,"6","LANCL1"
7.40061644508846e-11,0.5113032610591,0.39,0.228,1.87879449691461e-06,"6","MPST"
7.53365684527385e-11,0.545310850941865,0.395,0.234,1.91256946330967e-06,"6","GUSB"
8.0051789544407e-11,0.525721676350207,0.451,0.278,2.03227478116386e-06,"6","LRP11"
8.55635257945251e-11,0.540055920982565,0.395,0.235,2.17220122934561e-06,"6","ILVBL"
1.05576314328623e-10,0.622443221703363,0.334,0.19,2.68026589186074e-06,"6","HOXA5"
1.39368040682798e-10,0.529151543906284,0.439,0.272,3.5381364488142e-06,"6","GPC6"
1.50402183032028e-10,0.573214940833201,0.259,0.134,3.81826022063409e-06,"6","STK26"
1.57586898194634e-10,0.633335671802651,0.256,0.132,4.00065858446717e-06,"6","DGAT1"
1.62342787783479e-10,0.705981263426295,0.344,0.204,4.12139635345919e-06,"6","SH2B3"
1.93221908141271e-10,0.549748937757772,0.346,0.198,4.90532458198244e-06,"6","LRRK1"
1.96982534090834e-10,0.711489757222593,0.266,0.143,5.00079559296401e-06,"6","CIART"
2.61249605173569e-10,0.688419196071903,0.263,0.142,6.63234372654139e-06,"6","NMT2"
4.37471829120848e-10,0.5776757989092,0.356,0.21,1.1106097325891e-05,"6","TTC39B"
5.1279481742893e-10,0.526464491150371,0.278,0.15,1.30183220300682e-05,"6","CGAS"
5.22868965196678e-10,0.620904857803215,0.295,0.166,1.32740744194481e-05,"6","FAM149B1"
5.460977822776e-10,0.557789930178796,0.298,0.164,1.38637843986814e-05,"6","SERINC2"
5.61765990366713e-10,0.535558729633729,0.31,0.175,1.42615531974397e-05,"6","CCDC167"
5.74901783813892e-10,0.650423168114145,0.324,0.19,1.45950315856833e-05,"6","HAUS1"
5.94458502271829e-10,0.61986292189007,0.254,0.136,1.50915179971749e-05,"6","CKB"
8.01307623504177e-10,0.539463581127553,0.293,0.161,2.03427966379005e-05,"6","CASP8AP2"
1.10702254957086e-09,0.509839391255576,0.334,0.196,2.81039814659553e-05,"6","C11orf84"
1.32603418614245e-09,0.50801411011972,0.305,0.173,3.36640298835983e-05,"6","ISCA2"
1.34523150026808e-09,0.513157217506425,0.28,0.154,3.41513920973057e-05,"6","HAUS6"
1.42420425575573e-09,0.58483393453257,0.288,0.163,3.61562734408707e-05,"6","IFT22"
1.46983591044534e-09,0.560094726118561,0.354,0.213,3.73147242584758e-05,"6","JCAD"
1.48042822228284e-09,0.509876444911075,0.295,0.165,3.75836312790944e-05,"6","MCOLN1"
1.77704435405532e-09,0.524838818031765,0.322,0.184,4.51138250164024e-05,"6","DROSHA"
2.39742900548713e-09,0.503839754329133,0.324,0.187,6.08635301623017e-05,"6","AKIP1"
3.33535124589725e-09,0.555062288974504,0.366,0.223,8.46745620795934e-05,"6","INIP"
3.83342380601551e-09,0.562529367647973,0.283,0.159,9.73191301633157e-05,"6","CDK5"
5.50841907958346e-09,0.600557554823403,0.307,0.182,0.000139842235173385,"6","FKTN"
5.5726219655767e-09,0.636149644410877,0.261,0.146,0.000141472153840096,"6","DHRS7B"
5.63439681859076e-09,0.608229074142184,0.278,0.16,0.000143040432033564,"6","ZDHHC12"
6.07921468020949e-09,0.53682473486324,0.29,0.166,0.000154333023086478,"6","COX20P1"
7.24681053451e-09,0.563710572470155,0.256,0.14,0.000183974779039605,"6","ORC2"
1.15369730604552e-08,0.510984109095618,0.376,0.237,0.000292889135085775,"6","RBBP8"
1.36849031132519e-08,0.546733904243617,0.268,0.154,0.000347418635336127,"6","SEPT7P6"
1.79060849137478e-08,0.558456336809792,0.285,0.167,0.000454581777705314,"6","AC097263.1"
2.44497535005832e-08,0.513462737191954,0.329,0.2,0.000620705892119307,"6","CSTF1"
2.9777473899555e-08,0.524264014138961,0.334,0.204,0.000755960729888002,"6","EXOSC10"
3.63205152931678e-08,0.513775298764458,0.402,0.267,0.000922068921747651,"6","ADAMTS4"
4.45794500390191e-08,0.513266015997552,0.295,0.177,0.00113173849814058,"6","CBY1"
7.71672114604908e-08,0.527225114289543,0.254,0.144,0.00195904399734748,"6","CENPC"
1.91230505738454e-07,0.527984961591255,0.251,0.147,0.00485476884918213,"6","MAP3K3"
3.63561510967829e-07,0.525109278318225,0.259,0.156,0.00922973607894027,"6","SNRNP35"
4.1353676607388e-07,0.535538098916937,0.29,0.181,0.0104984578803176,"6","GAS2L1"
4.47537304201075e-07,0.52580277089162,0.288,0.18,0.0113616295417527,"6","PAK1"
6.27889440649788e-07,0.560810928402021,0.278,0.175,0.0159402292297762,"6","YDJC"
6.87619254413169e-07,0.515796830769738,0.3,0.191,0.0174565900117871,"6","ADO"
1.1115234243608e-06,0.555334968718562,0.254,0.155,0.0282182451742477,"6","SLC39A10"
2.87993907996367e-54,1.78708085766762,0.319,0.076,7.31130134230376e-50,"7","GPAT3"
4.61235805412182e-51,0.690446621798938,0.964,0.729,1.17093933919991e-46,"7","FOSL1"
2.17163760337429e-45,1.15284736777777,0.593,0.242,5.5131363836863e-41,"7","TBX3"
1.1629430250006e-44,1.1530708044937,0.618,0.267,2.95236345756904e-40,"7","GADD45A"
4.00688912749626e-43,1.09142579646646,0.759,0.398,1.01722894279747e-38,"7","CSF3"
3.31831106661065e-40,0.977243654826686,0.729,0.38,8.42419630480445e-36,"7","FAM180A"
1.63600260853886e-39,0.61885683694994,0.942,0.725,4.1533198222976e-35,"7","HMGA1"
2.26359033358357e-38,0.843875308811595,0.798,0.457,5.74657677986862e-34,"7","EIF4A1P10"
9.74912806330604e-38,0.936115685149874,0.715,0.379,2.47501114143151e-33,"7","ODC1"
1.13395008748787e-37,0.975256123485921,0.657,0.321,2.87875908710546e-33,"7","GPATCH4"
1.78521826889157e-37,0.709374485825486,0.917,0.601,4.53213361923504e-33,"7","NME1"
1.47997077010384e-35,0.545458054731536,0.947,0.763,3.75720179406261e-31,"7","RSL1D1"
1.04041183698891e-34,1.04723734012359,0.565,0.261,2.64129353056376e-30,"7","NOP16"
3.81546226972736e-34,0.91060083757186,0.706,0.396,9.68631406415684e-30,"7","RCC1"
4.33813049101476e-32,0.601945432692677,0.925,0.723,1.10132118775392e-27,"7","ANGPTL4"
1.4667196579984e-31,0.610151515678294,0.906,0.639,3.72356119576053e-27,"7","HSPH1"
4.00797992361487e-31,0.842834534257015,0.668,0.343,1.01750586320811e-26,"7","GPRC5A"
1.28000709788441e-30,1.0291423268086,0.535,0.248,3.24955401939915e-26,"7","EIF4A1P2"
5.64179669942916e-30,1.36255414172551,0.288,0.094,1.43228292808408e-25,"7","AC134312.5"
6.25872635329175e-30,0.879008614385502,0.665,0.359,1.58890285931018e-25,"7","CMSS1"
2.85692885790134e-29,0.630950556702018,0.864,0.569,7.25288529155414e-25,"7","STIP1"
5.15161647749324e-29,0.75341114778634,0.745,0.436,1.30784087514121e-24,"7","FKBP4"
6.62010604899883e-29,0.583686564569568,0.886,0.667,1.68064632265933e-24,"7","BMP2"
7.32550353442581e-29,0.768584807521459,0.729,0.416,1.85972558228468e-24,"7","BCCIP"
8.20345154299983e-29,0.724314615650159,0.756,0.448,2.08261024322137e-24,"7","NOLC1"
3.03741820098492e-28,1.13542538011494,0.377,0.15,7.71109358684042e-24,"7","PINX1"
7.1320225130322e-28,0.836534009403037,0.651,0.362,1.81060655538349e-23,"7","CDK6"
2.88150109407615e-27,0.827874820465079,0.573,0.285,7.31526682753113e-23,"7","CHORDC1"
1.27325146430604e-26,1.05372844848196,0.402,0.17,3.23240349243373e-22,"7","RRP9"
2.36232460862185e-26,0.835698897869489,0.582,0.299,5.99723348390829e-22,"7","DCAF13"
6.35561131288337e-26,0.745779652797053,0.706,0.416,1.6134990440017e-21,"7","LSM7"
1.06786597318671e-25,0.702385732769061,0.681,0.372,2.71099134612909e-21,"7","IRAK2"
1.17925886590104e-25,0.825820647813829,0.598,0.32,2.99378448286296e-21,"7","GNPDA1"
1.36516068685337e-25,0.858110518645254,0.504,0.239,3.46573343571464e-21,"7","PNO1"
1.91267750029841e-25,0.632411084270291,0.817,0.54,4.85571437000756e-21,"7","CCT5"
5.03463886572226e-25,0.880120035386666,0.438,0.194,1.27814376884091e-20,"7","SCG2"
3.34370461287937e-24,0.579685797383372,0.82,0.513,8.48866290071685e-20,"7","ETS1"
3.4718653259178e-23,0.739320403233329,0.695,0.428,8.81402450290752e-19,"7","NOB1"
3.70241767985318e-23,0.631198180766778,0.756,0.452,9.39932776384326e-19,"7","GEM"
5.22065164410034e-23,0.565179438477091,0.85,0.592,1.32536683288775e-18,"7","EIF3J"
7.55747467294662e-23,0.788931903035885,0.601,0.34,1.91861609522096e-18,"7","C1QBP"
2.65951718695365e-22,0.801755547349174,0.518,0.261,6.75171628251923e-18,"7","DCUN1D5"
4.25092851443584e-22,1.150485565481,0.357,0.158,1.07918322195983e-17,"7","CRABP2"
4.52923695297035e-22,0.825681060330751,0.51,0.26,1.14983738525058e-17,"7","HSPD1P1"
8.26837366546483e-22,0.976845063579854,0.327,0.135,2.09909202245156e-17,"7","SNRNP40"
3.66047502086111e-21,0.665380963893409,0.604,0.33,9.2928479354601e-17,"7","TES"
3.71647916769184e-21,0.509465596398301,0.884,0.673,9.43502566301929e-17,"7","RPS7P11"
5.33511605876903e-21,0.827584081536392,0.474,0.239,1.35442591383969e-16,"7","PAK1IP1"
5.61720385639001e-21,0.713241142471844,0.643,0.391,1.42603954302173e-16,"7","NIFK"
7.70398890991268e-21,0.738150646950424,0.554,0.294,1.95581166455953e-16,"7","NIP7"
7.72000823402495e-21,0.744514709093497,0.452,0.216,1.95987849037191e-16,"7","SLC38A1"
1.33988515969295e-20,0.592313660848892,0.765,0.494,3.40156645491249e-16,"7","GTPBP4"
1.49818624555095e-20,1.19907617558795,0.291,0.121,3.8034454215802e-16,"7","IL1RL1"
1.81514947114325e-20,0.642259585755772,0.645,0.366,4.60811996239136e-16,"7","MME"
3.18019783042655e-20,0.78411391066833,0.474,0.238,8.07356823210389e-16,"7","NOL11"
3.22485428779794e-20,0.829587137296634,0.421,0.203,8.18693758043264e-16,"7","CCDC58"
3.31959959381495e-20,0.902006589373343,0.515,0.293,8.42746748881802e-16,"7","MT1A"
4.61615509543954e-20,1.04145177871871,0.294,0.12,1.17190329407924e-15,"7","SFXN4"
5.24017588848215e-20,0.593247762073484,0.773,0.508,1.33032345280896e-15,"7","HSP90AB3P"
5.60286770040587e-20,0.717750749293411,0.607,0.357,1.42240002310204e-15,"7","MRTO4"
6.2532879442981e-20,0.718984298060985,0.429,0.201,1.58752221041896e-15,"7","MRPL9"
7.24543176003938e-20,1.02761519232315,0.299,0.124,1.8393977609212e-15,"7","RRP12"
1.10184281047591e-19,0.670491355589183,0.632,0.373,2.7972483429552e-15,"7","C8orf33"
1.25332833023038e-19,0.558720892516199,0.789,0.523,3.18182463195587e-15,"7","RPF2"
2.14930232366151e-19,0.708735390135242,0.565,0.317,5.45643380907947e-15,"7","TOMM40"
2.46958613871883e-19,0.658617604916088,0.659,0.394,6.26953833036548e-15,"7","MRPL47"
3.14627810210095e-19,0.762535416626708,0.452,0.229,7.98745621780368e-15,"7","AEN"
3.39160497775265e-19,0.755234756001276,0.36,0.159,8.61026755702066e-15,"7","ZNF697"
3.83057942435301e-19,0.626296283712211,0.676,0.428,9.72469198460499e-15,"7","WDR43"
4.89315674075746e-19,0.625154172291664,0.657,0.399,1.2422257017761e-14,"7","RPL23A"
6.35671949169829e-19,0.50081901751559,0.856,0.626,1.61378037735744e-14,"7","SNRPD1"
6.36776688968963e-19,0.681419311351873,0.576,0.321,1.61658498028551e-14,"7","FARSB"
8.30718223762839e-19,0.782070747173793,0.366,0.166,2.10894435466672e-14,"7","GPM6B"
8.79670885130534e-19,0.609835305156763,0.693,0.438,2.23322047608089e-14,"7","NFKBIB"
1.06152307144565e-18,0.554684834534086,0.789,0.539,2.69488862147907e-14,"7","MIR4435-2HG"
1.16740233247279e-18,0.584173372457096,0.723,0.473,2.96368430144868e-14,"7","HSPE1P3"
1.27642211366271e-18,0.796584224076356,0.349,0.157,3.24045281995552e-14,"7","SRFBP1"
1.27985581080611e-18,0.638964265841794,0.645,0.39,3.24916994689347e-14,"7","SPRY2"
1.63269780454735e-18,0.623445783588492,0.623,0.374,4.14492991640437e-14,"7","TFAM"
1.97838598848194e-18,1.52012004972483,0.271,0.119,5.02252850895909e-14,"7","IL33"
2.00738767818724e-18,0.594237010954487,0.681,0.412,5.09615509861395e-14,"7","FARSA"
2.36072995090966e-18,0.679501865786692,0.582,0.339,5.99318512637436e-14,"7","TIMM50"
2.36439360815824e-18,0.580722772733041,0.765,0.489,6.00248605303132e-14,"7","AL358472.1"
2.8014012333237e-18,0.560497174705928,0.745,0.489,7.11191731103888e-14,"7","NOP58"
2.86031734113819e-18,1.14253000859502,0.255,0.104,7.26148763394752e-14,"7","AC003092.1"
3.33624017284044e-18,0.572853697701681,0.729,0.486,8.46971292679002e-14,"7","DKC1"
4.13153149414406e-18,0.554208690823537,0.789,0.536,1.04887190041835e-13,"7","IMPDH2"
4.48033201791132e-18,0.669106416592824,0.54,0.299,1.13742188938715e-13,"7","LYAR"
5.23116688718717e-18,0.536964482125763,0.778,0.53,1.32803633765021e-13,"7","TCP1"
6.2589270975937e-18,0.697801075224862,0.537,0.311,1.58895382226611e-13,"7","NOC3L"
6.41433020575463e-18,0.696989910456705,0.512,0.282,1.62840600933493e-13,"7","TTLL12"
9.54133555149727e-18,0.775533020517858,0.499,0.283,2.42225885645861e-13,"7","NGDN"
1.21145620173551e-17,0.766505172712921,0.368,0.174,3.07552385934593e-13,"7","GJC1"
1.25152603145358e-17,0.765221545476798,0.463,0.245,3.17724913605121e-13,"7","COIL"
1.42521863779114e-17,0.624316009747175,0.651,0.41,3.61820255576036e-13,"7","RUVBL1"
1.5535280398625e-17,0.56857274398955,0.679,0.432,3.94394163479893e-13,"7","RPF1"
1.67263541529777e-17,0.775084232213318,0.385,0.188,4.24631952881645e-13,"7","TRMT1"
1.95033945477856e-17,0.525899286906445,0.795,0.554,4.95132677384634e-13,"7","AC007182.2"
2.32406634300382e-17,0.534934720605329,0.74,0.476,5.90010722498379e-13,"7","KDM7A"
2.47250692843221e-17,0.607449434163508,0.654,0.427,6.27695333921085e-13,"7","NPM1P39"
3.46052424826581e-17,0.714866885505028,0.496,0.268,8.78523290907241e-13,"7","FAM210A"
4.05016948408962e-17,0.793311590099134,0.38,0.187,1.02821652692583e-12,"7","SACS"
4.2659321420997e-17,0.655191564154405,0.416,0.204,1.08299219291485e-12,"7","SLIT2"
4.64956701448619e-17,0.840159583569857,0.374,0.183,1.18038557796761e-12,"7","HSPE1P2"
7.26732517212233e-17,0.778155988918294,0.366,0.175,1.8449558414467e-12,"7","REXO4"
9.06619225429329e-17,0.599377301569013,0.607,0.355,2.30163422759744e-12,"7","TNFRSF10D"
9.08823504832812e-17,0.632493435048332,0.551,0.313,2.30723023171906e-12,"7","EHD1"
9.79687161591488e-17,0.502316785342011,0.731,0.463,2.48713179713231e-12,"7","F3"
1.34610498243736e-16,0.815925495073822,0.313,0.141,3.41735671891374e-12,"7","ATF3"
1.56876438022134e-16,0.772917649269173,0.31,0.14,3.98262213206792e-12,"7","SMN2"
1.63495305789021e-16,0.765572179529207,0.363,0.176,4.15065532806589e-12,"7","BOP1"
2.29791090249899e-16,0.534895987016757,0.651,0.389,5.83370640817417e-12,"7","SFRP4"
2.84189097851736e-16,0.722857227071914,0.449,0.241,7.21470862716201e-12,"7","GNPNAT1"
3.54766174051745e-16,0.575332664907203,0.618,0.378,9.00644886065165e-12,"7","PFDN2"
5.16334298711826e-16,0.517926875542266,0.723,0.458,1.31081788413971e-11,"7","IL32"
5.60813797562935e-16,0.648217810675603,0.579,0.362,1.42373798787302e-11,"7","HAS2"
1.10183482099254e-15,0.575563943351039,0.662,0.445,2.79722806005377e-11,"7","STOML2"
1.27003671323312e-15,0.501597944497169,0.737,0.503,3.22424220388493e-11,"7","MRPL3"
1.44076547759975e-15,0.599292342080818,0.626,0.387,3.65767131798249e-11,"7","SPHK1"
1.47525317846908e-15,0.644467279057774,0.56,0.342,3.74522524417944e-11,"7","TOMM34"
1.60404785361558e-15,0.633674648266215,0.543,0.325,4.07219628597388e-11,"7","JHDM1D-AS1"
1.63266907479835e-15,0.871916060972112,0.33,0.158,4.14485698019057e-11,"7","RPS26"
1.78400721312055e-15,0.63924357471357,0.573,0.36,4.52905911194914e-11,"7","AL445189.2"
1.89491469807142e-15,0.500012832438465,0.734,0.481,4.81061994399391e-11,"7","MSC"
2.08929024249208e-15,0.581394268839395,0.626,0.388,5.30408113861464e-11,"7","MRPL42"
2.90969011854988e-15,0.648381196403776,0.496,0.28,7.38683030396259e-11,"7","MRPS35"
3.3639992554507e-15,0.5773591649793,0.535,0.305,8.5401849098127e-11,"7","KLHL21"
3.84097515738371e-15,0.726814185884982,0.435,0.236,9.75108363205003e-11,"7","MRPL58"
4.10848239691135e-15,0.755581556824574,0.343,0.168,1.04302042610389e-10,"7","ZNF667-AS1"
4.60603312884954e-15,0.769026309016738,0.332,0.162,1.16933363042103e-10,"7","NOP2"
4.60803386786466e-15,0.76345300871137,0.388,0.203,1.1698415580348e-10,"7","NPM1P6"
6.49383673654659e-15,0.714532292790013,0.476,0.272,1.64859033230708e-10,"7","RPS7P10"
6.62578605207488e-15,0.882548275816255,0.338,0.171,1.68208830504025e-10,"7","AC021074.1"
7.83946419806705e-15,0.501239732916653,0.751,0.523,1.99020477596328e-10,"7","MRPL37"
9.27628722906408e-15,0.710978432666906,0.476,0.274,2.3549710388425e-10,"7","SDCCAG3"
9.30676884353226e-15,0.663527756116305,0.402,0.212,2.36270940630753e-10,"7","CCDC137"
1.12570762717265e-14,0.675665441478942,0.44,0.238,2.8578339531032e-10,"7","AC110994.2"
1.18213891734148e-14,0.702356521920098,0.391,0.206,3.00109606945482e-10,"7","COX19"
1.46401553066103e-14,0.843319042999195,0.302,0.141,3.71669622768916e-10,"7","PKNOX2"
1.58312231455219e-14,0.767613284320766,0.327,0.16,4.01907261995364e-10,"7","KITLG"
1.90440781478811e-14,0.711303994973199,0.302,0.141,4.83472011940258e-10,"7","TNFRSF21"
2.03391599700375e-14,0.539846289444927,0.557,0.331,5.16350254159342e-10,"7","IFRD1"
2.4151044876836e-14,0.506848613023684,0.693,0.465,6.13122576288236e-10,"7","ABCE1"
2.52758407725961e-14,0.756031330108885,0.363,0.19,6.41677769693897e-10,"7","SESN2"
2.588749506208e-14,0.760668409988597,0.374,0.197,6.57205837141026e-10,"7","THG1L"
3.00732648089502e-14,0.533748947210136,0.634,0.396,7.63469973704818e-10,"7","HSPBP1"
3.22366953771405e-14,0.503774310576211,0.704,0.479,8.18392985539467e-10,"7","EBNA1BP2"
3.90846575881167e-14,0.546710370471691,0.676,0.439,9.9224220218952e-10,"7","AL035398.1"
3.98392260762597e-14,0.670501199625218,0.482,0.277,1.011398432398e-09,"7","MRPL39"
5.44269412500335e-14,0.885679737836798,0.296,0.145,1.3817367575146e-09,"7","BYSL"
6.57103235768461e-14,0.660775513618144,0.51,0.309,1.66818798464539e-09,"7","TRIAP1"
6.62917479720361e-14,0.542564769015356,0.524,0.307,1.68294860576608e-09,"7","PAG1"
7.79853370295706e-14,0.589633408993739,0.548,0.336,1.97981375116971e-09,"7","SNRPA1"
8.01832353323392e-14,0.740517418665281,0.341,0.174,2.0356117953821e-09,"7","RRS1"
9.04577293767925e-14,0.50482327087812,0.693,0.452,2.29645037568863e-09,"7","PSMD6"
1.08006719643299e-13,0.676386901507646,0.41,0.226,2.74196659158442e-09,"7","GRWD1"
1.10773170965803e-13,0.515485445883052,0.662,0.429,2.81219849130885e-09,"7","GLRX3"
1.13284029920379e-13,0.532505276906628,0.601,0.378,2.87594166758866e-09,"7","GAR1"
1.2766791790246e-13,0.523974161298446,0.562,0.337,3.24110543178976e-09,"7","NAT10"
1.48561740389221e-13,0.806302654514991,0.31,0.154,3.77153690326116e-09,"7","SNRPFP1"
1.62769081075111e-13,0.965075559794113,0.26,0.122,4.13221866125384e-09,"7","KCTD11"
1.63040108415691e-13,0.5576677257384,0.565,0.355,4.13909923234914e-09,"7","PUM3"
1.64675477389429e-13,0.516281455013531,0.571,0.349,4.18061634448544e-09,"7","RAE1"
1.69455998063872e-13,0.613772776748752,0.524,0.323,4.30197942284751e-09,"7","RPP30"
1.76215656328084e-13,0.530074229818899,0.604,0.379,4.47358686720108e-09,"7","LRRC59"
1.76286682316095e-13,0.507966314327791,0.676,0.449,4.4753900039587e-09,"7","EIF3F"
2.10424571126501e-13,0.635102403891152,0.512,0.312,5.34204858718848e-09,"7","WDR18"
2.37290985104798e-13,0.702759141699241,0.388,0.213,6.02410623885552e-09,"7","RPIA"
2.41224797955954e-13,0.707952103234322,0.396,0.215,6.12397394570782e-09,"7","EXOSC5"
2.45794842747893e-13,0.772065511870702,0.324,0.168,6.23999367284077e-09,"7","PGAM5"
2.59360914653909e-13,0.547089380544361,0.593,0.377,6.58439554031878e-09,"7","PSMD7"
3.46315303181534e-13,0.510732415948557,0.626,0.393,8.7919066018696e-09,"7","RBM8B"
4.33532845124831e-13,0.539615733769456,0.584,0.36,1.10060983391841e-08,"7","BZW2"
4.70530930382926e-13,0.819623169119365,0.277,0.133,1.19453687296313e-08,"7","NOC4L"
4.84780114641123e-13,0.70221480304497,0.299,0.148,1.23071127703942e-08,"7","TRAF1"
4.94772983041931e-13,0.576160898547146,0.413,0.224,1.25608017204855e-08,"7","DANCR"
6.44133060066585e-13,0.610876739524894,0.454,0.261,1.63526059959104e-08,"7","METTL2B"
6.50252822198509e-13,0.640370709146822,0.432,0.243,1.65079683971535e-08,"7","DDX56"
8.39209911778597e-13,0.546748147071093,0.529,0.325,2.13050220303232e-08,"7","TMEM11"
8.62056730812457e-13,0.543708346647618,0.601,0.382,2.18850342251359e-08,"7","MRPS27"
8.64637778023121e-13,0.598150194272803,0.452,0.261,2.1950559270673e-08,"7","GATC"
8.84426673836102e-13,0.690325367421265,0.435,0.257,2.24529399686771e-08,"7","NAA10"
9.08344836791717e-13,0.505400811954957,0.512,0.302,2.30601503716313e-08,"7","LINC01128"
1.15992135038028e-12,0.537871083345563,0.56,0.345,2.94469233221043e-08,"7","LRRC75A-AS1"
1.19804829193734e-12,0.630303507413664,0.407,0.23,3.04148519874132e-08,"7","PHB"
1.75453275078236e-12,0.753725962313292,0.352,0.189,4.45423229441117e-08,"7","SCAND1"
1.79278825283695e-12,0.522596129138198,0.463,0.263,4.55135153747715e-08,"7","NDUFAF4"
1.88637244355153e-12,0.758046412724037,0.332,0.177,4.78893372244427e-08,"7","RPL7"
2.6623650637927e-12,0.533545857562436,0.501,0.299,6.75894618745053e-08,"7","EIF4E"
3.22746747342662e-12,0.689237277605008,0.343,0.185,8.19357167478816e-08,"7","FBXO45"
3.28978622979167e-12,0.657542945113499,0.31,0.155,8.35178030157211e-08,"7","AL138785.1"
3.85000146443692e-12,0.537701517525985,0.551,0.352,9.77399871776601e-08,"7","HSP90AA2P"
4.32911953397851e-12,0.70755967756755,0.319,0.166,1.09903357609113e-07,"7","AC097263.1"
4.58470044119335e-12,0.706099883448102,0.283,0.14,1.16391790100575e-07,"7","TIMM44"
4.74420104720217e-12,0.554879834541988,0.51,0.319,1.20441031985321e-07,"7","PRPF19"
4.94848727192806e-12,0.571683526621672,0.49,0.293,1.25627246372438e-07,"7","SERTAD1"
5.17467636280705e-12,0.6521085046746,0.28,0.137,1.31369508822583e-07,"7","GPN1"
5.39192027545669e-12,0.540605120934587,0.537,0.343,1.36884680033019e-07,"7","NDUFV3"
5.66905613186348e-12,0.555002431552972,0.391,0.216,1.43920328019618e-07,"7","HMGA2"
5.75607649262028e-12,0.589759128951441,0.46,0.272,1.46129513918151e-07,"7","PRPS1"
6.2900867777917e-12,0.653700929045413,0.307,0.158,1.59686433027798e-07,"7","RBM19"
7.60520634238299e-12,0.568275582229662,0.501,0.307,1.93073373414077e-07,"7","POLE4"
7.69312243660521e-12,0.770029266536194,0.296,0.154,1.95305299298096e-07,"7","SLC25A22"
7.95052185779597e-12,0.727692437086395,0.307,0.16,2.01839898403866e-07,"7","BARX2"
9.42085447017403e-12,0.748043005700569,0.307,0.161,2.39167232434308e-07,"7","C19orf48"
1.13141549234126e-11,0.519569786286185,0.543,0.341,2.87232451040675e-07,"7","SNHG1"
1.13281397574243e-11,0.51806422380476,0.479,0.288,2.8758748402173e-07,"7","GART"
1.19696244863063e-11,0.750390440180544,0.252,0.123,3.03872856833859e-07,"7","AP000919.1"
1.23166655720708e-11,0.58195487540113,0.346,0.186,3.12683188878161e-07,"7","MTG2"
1.42431514457878e-11,0.598675093128822,0.36,0.197,3.61590885754214e-07,"7","ILF3-AS1"
1.63461643670213e-11,0.589463092067348,0.346,0.188,4.14980074785569e-07,"7","YRDC"
1.63904166392049e-11,0.588583323141253,0.429,0.25,4.16103507219495e-07,"7","DNAJC2"
1.66720197153334e-11,0.627822488145531,0.36,0.199,4.2325256451317e-07,"7","AC233279.1"
1.71956228745862e-11,0.67640133335333,0.371,0.211,4.36545277917119e-07,"7","RTTN"
1.85066377897331e-11,0.565287020287033,0.355,0.193,4.69828013567954e-07,"7","SEH1L"
2.24170844561149e-11,0.587680666258073,0.41,0.238,5.6910252308739e-07,"7","TATDN1"
2.26482604111467e-11,0.537983214806731,0.468,0.282,5.74971387057782e-07,"7","PPP1R8"
2.43354402926724e-11,0.681615734465551,0.324,0.175,6.17803822710074e-07,"7","DDX49"
2.46109007691301e-11,0.590797482416418,0.255,0.124,6.24796937825905e-07,"7","SLCO4A1"
3.25075789784476e-11,0.697094621483799,0.285,0.146,8.2526990752585e-07,"7","TATDN1P1"
3.26652812370750e-11,0.528318711004327,0.294,0.148,8.29273494765624e-07,"7","SPRY1"
3.35899286967722e-11,0.558990749885902,0.507,0.318,8.52747519824956e-07,"7","RGS10"
3.53467500689309e-11,0.685964224533115,0.266,0.134,8.9734794399995e-07,"7","MFSD2A"
3.58330057831241e-11,0.774463049048018,0.252,0.124,9.09692517816171e-07,"7","MIR155HG"
3.58881899874295e-11,0.51421814826082,0.54,0.343,9.11093479210873e-07,"7","ABCF2"
3.84879037593085e-11,0.528788352073909,0.377,0.21,9.77092412737565e-07,"7","TSR1"
3.84901258891235e-11,0.595219924370814,0.424,0.253,9.77148825947177e-07,"7","SRPK1"
4.20255956499852e-11,0.706043107010871,0.291,0.151,1.06690379676617e-06,"7","COG5"
4.45594327925479e-11,0.568988915301099,0.38,0.216,1.13123032030441e-06,"7","FBXO22"
4.50064175607167e-11,0.525694757110888,0.44,0.258,1.14257792261391e-06,"7","IPMK"
4.94886739074887e-11,0.586887605429473,0.407,0.238,1.25636896448942e-06,"7","IMPDH1"
5.18966383271058e-11,0.671149635391119,0.316,0.169,1.31749995721024e-06,"7","EBPL"
5.43696199547777e-11,0.515838125673122,0.471,0.286,1.38028154179194e-06,"7","PPP1R14C"
8.60656463518142e-11,0.849308191345539,0.255,0.131,2.18494856393351e-06,"7","CTPS1"
9.36604756917179e-11,0.720147488439719,0.258,0.13,2.37775849638564e-06,"7","ZNF469"
9.91613905643803e-11,0.525759360111944,0.407,0.241,2.51741022225792e-06,"7","BRIX1"
1.1685857236406e-10,0.582016471465326,0.427,0.259,2.96668857660639e-06,"7","HSD17B10"
1.23879618389903e-10,0.510269381330446,0.512,0.327,3.14493187206446e-06,"7","JMJD6"
1.30063862231088e-10,0.531911749508795,0.346,0.191,3.30193127046064e-06,"7","ECSIT"
1.57165275510394e-10,0.572880306865006,0.346,0.191,3.98995484938237e-06,"7","XAB2"
2.03074946847175e-10,0.504854974707789,0.368,0.206,5.15546367560922e-06,"7","DUSP16"
2.50333742149777e-10,0.561345544062416,0.41,0.244,6.35522271195639e-06,"7","PRPF3"
2.66483551171511e-10,0.573890693680607,0.382,0.225,6.76521791359116e-06,"7","CCT8P1"
2.71850945946123e-10,0.57932050172207,0.338,0.187,6.90147996473422e-06,"7","C12orf29"
3.24573474255772e-10,0.53924648850806,0.357,0.203,8.23994679093129e-06,"7","WDR3"
3.27551279876493e-10,0.52580893058103,0.352,0.196,8.31554434222452e-06,"7","RPAP1"
3.38314497942538e-10,0.529722189469769,0.565,0.391,8.58879015926721e-06,"7","ATF5"
3.63764762887216e-10,0.506026019255342,0.385,0.222,9.23489603541775e-06,"7","RBM28"
3.63787730069717e-10,0.579935626773375,0.296,0.16,9.23547910327992e-06,"7","PPRC1"
4.03236313986702e-10,0.520193338396159,0.368,0.21,1.02369603031804e-05,"7","STK40"
4.26791849064384e-10,0.5009590770555,0.429,0.26,1.08349646721975e-05,"7","LSG1"
6.02654044563179e-10,0.540221478224757,0.363,0.21,1.52995782293254e-05,"7","LMCD1"
6.3198671571523e-10,0.535448223869076,0.421,0.256,1.60442467518625e-05,"7","MPDU1"
6.47881042378795e-10,0.567729882152013,0.302,0.164,1.64477560228705e-05,"7","PM20D2"
6.68810773654557e-10,0.583519278341603,0.294,0.158,1.69790991107682e-05,"7","PUS7"
7.97657567838722e-10,0.610952212444633,0.341,0.193,2.02501326747216e-05,"7","AC090114.1"
8.17094786246032e-10,0.651026918483072,0.327,0.188,2.0743585338428e-05,"7","SMG5"
9.485571214291e-10,0.645549183177497,0.327,0.187,2.40810196417206e-05,"7","CLUH"
9.78361107589297e-10,0.536112133070682,0.285,0.151,2.48376534383695e-05,"7","NOL9"
1.01111993081325e-09,0.613568509925129,0.288,0.155,2.5669301683556e-05,"7","HSPA4L"
1.2135271845949e-09,0.594554513088321,0.38,0.227,3.08078146353108e-05,"7","RCC1L"
1.48894483403213e-09,0.587226655670354,0.368,0.224,3.77998425015738e-05,"7","POLR3K"
1.74108158212109e-09,0.558090730037931,0.31,0.172,4.42008381253082e-05,"7","NSUN5"
2.01483906371213e-09,0.561593758091202,0.429,0.267,5.11507193104599e-05,"7","RPL35AP21"
2.16208166364608e-09,0.633928522947119,0.252,0.132,5.48887671949829e-05,"7","THOC1"
2.22911250552515e-09,0.505451124132812,0.421,0.256,5.65904791777671e-05,"7","PQBP1"
2.47965527013631e-09,0.539964595851456,0.274,0.148,6.29510083429504e-05,"7","SINHCAF"
2.75473132407444e-09,0.566920062817814,0.26,0.138,6.99343641242778e-05,"7","AC046176.1"
3.08785162079921e-09,0.521524600102728,0.432,0.271,7.83912890972295e-05,"7","FAM216A"
3.67074776856121e-09,0.534035074124314,0.371,0.221,9.31892736004635e-05,"7","RPS19P1"
3.86621383321628e-09,0.515822857601928,0.327,0.187,9.81515705838616e-05,"7","PDCD11"
3.92742847505113e-09,0.564351063269461,0.374,0.227,9.97056266961231e-05,"7","NHP2"
5.48333870702324e-09,0.549895019244191,0.302,0.17,0.000139205519755199,"7","LSM12"
6.52259645021178e-09,0.583956145107995,0.255,0.136,0.000165589156081527,"7","POLRMT"
7.19486494053541e-09,0.536639819179847,0.377,0.231,0.000182656036245372,"7","AL596087.1"
7.27967719948523e-09,0.610141498011653,0.338,0.202,0.000184809165063331,"7","RPL35P1"
8.90038414128505e-09,0.618786603511553,0.28,0.156,0.000225954052194804,"7","FLNC"
9.04059470454562e-09,0.549448409612438,0.271,0.149,0.0002295135777643,"7","NOL6"
1.06432303351206e-08,0.509338033881131,0.255,0.137,0.000270199688517707,"7","SNHG17"
1.33125128095798e-08,0.517275634579168,0.274,0.151,0.000337964762696802,"7","PDRG1"
1.38821261493176e-08,0.594276163582827,0.374,0.235,0.000352425536552726,"7","AC113935.1"
1.47333831662793e-08,0.535009026954218,0.327,0.194,0.000374036398442334,"7","AC079140.2"
1.62086558496487e-08,0.513486099832164,0.324,0.189,0.000411489146055032,"7","RPS4XP2"
1.95218105254898e-08,0.533414330341666,0.36,0.219,0.000495600203810609,"7","AL035458.1"
2.20203542745659e-08,0.520162630797007,0.404,0.258,0.000559030733968403,"7","PPP1R14BP3"
2.42043436210817e-08,0.526473616986422,0.332,0.198,0.0006144756715084,"7","MRPS9"
2.50698956467925e-08,0.512947577078644,0.31,0.179,0.000636449440785121,"7","DOK5"
2.74227566230234e-08,0.60986819126549,0.316,0.188,0.000696181522388695,"7","TMEM69"
2.82889244708698e-08,0.550644169166668,0.296,0.17,0.000718170925541971,"7","CAD"
2.96326071802216e-08,0.524832706488725,0.285,0.163,0.000752282998484286,"7","METTL2A"
3.0653637375673e-08,0.53169658154349,0.316,0.189,0.000778203892056211,"7","NOP14"
3.1495582255793e-08,0.54833298062757,0.335,0.204,0.000799578346727816,"7","LTV1"
3.5194273738376e-08,0.538627361168872,0.385,0.246,0.000893477027396152,"7","SERBP1P5"
4.15210162073073e-08,0.556601870059097,0.255,0.141,0.00105409403845491,"7","LSM12P1"
4.46926077544691e-08,0.536556824502874,0.366,0.231,0.00113461123306271,"7","ZCCHC10"
5.53007088047119e-08,0.631603297117395,0.271,0.156,0.00140391909442522,"7","POLR1C"
6.75135563732696e-08,0.60130157658631,0.271,0.159,0.00171396665564819,"7","PRMT3"
7.46148442806205e-08,0.509503456812215,0.346,0.215,0.00189424705175211,"7","METTL16"
2.12783681506725e-07,0.531839215613216,0.255,0.146,0.00540193932241122,"7","NAA25"
2.30168748241752e-07,0.63320899072166,0.269,0.159,0.00584329401161335,"7","PHF5A"
2.66108863154144e-07,0.556766347209232,0.299,0.182,0.00675570570889425,"7","SCARF2"
3.54120500420704e-07,0.547542683120484,0.255,0.149,0.00899005714418043,"7","ZNF335"
4.57968959140339e-07,0.506526854873762,0.26,0.153,0.0116264579656958,"7","TBL3"
9.768756775138e-07,0.53465460385826,0.252,0.15,0.0247999428250428,"7","PPIL1"
2.02842427368393e-06,0.501801412603584,0.285,0.176,0.0514956070360139,"7","YDJC"
2.18942662173639e-06,0.54203687802339,0.252,0.154,0.0555829736460216,"7","SBDSP1"
2.56721387556083e-06,0.565493766949275,0.252,0.154,0.0651738586588628,"7","MRPL44"
4.95520531594635e-06,0.501886935243544,0.271,0.169,0.12579779735593,"7","CIAPIN1"
7.77508219893967e-06,0.536462167921771,0.266,0.167,0.197386011784481,"7","MRPL48"
8.42877060295898e-211,2.40506737759477,0.895,0.212,2.1398119929732e-206,"8","TPX2"
7.87200598828463e-207,2.71314488824338,0.734,0.131,1.99846616024582e-202,"8","NUF2"
1.53030339512226e-203,2.3870757640805,0.856,0.187,3.88498122919687e-199,"8","HMMR"
8.7673384723796e-198,2.54737800679851,0.811,0.183,2.22576421798301e-193,"8","CDK1"
1.44375472354967e-195,2.34412906472434,0.89,0.232,3.66526011667554e-191,"8","NUSAP1"
3.19260117705242e-194,2.24466358348571,0.921,0.251,8.10505660818297e-190,"8","PRC1"
3.93269359205751e-189,2.30933342299526,0.85,0.199,9.98392922215641e-185,"8","PBK"
3.91486262457117e-180,2.29615509075041,0.884,0.248,9.93866174499883e-176,"8","CENPF"
9.62419380919328e-178,2.69442681038956,0.638,0.11,2.4432940823399e-173,"8","KIF2C"
4.69547930453305e-177,2.50165052381266,0.734,0.153,1.1920413310418e-172,"8","ASPM"
2.00926099734566e-176,2.13140930318499,0.96,0.37,5.10091089396142e-172,"8","TOP2A"
3.71658899859852e-169,2.48074147717523,0.669,0.126,9.43530449074205e-165,"8","CKAP2L"
1.33216835399803e-166,2.48144891977253,0.655,0.122,3.3819758002948e-162,"8","NDC80"
2.56033455516166e-162,2.64749860863005,0.613,0.112,6.49992133518892e-158,"8","HJURP"
9.84742872140569e-162,2.47755715677913,0.678,0.139,2.49996672950326e-157,"8","DIAPH3"
2.64754561395055e-161,2.37773017960025,0.743,0.172,6.72132405013626e-157,"8","MKI67"
1.00835755301891e-159,2.12621309951223,0.859,0.249,2.55991731984909e-155,"8","PRR11"
7.48177603361e-156,2.45300853680273,0.664,0.136,1.89939848165257e-151,"8","CCNB2"
5.08008996289121e-152,2.24408678434817,0.726,0.166,1.28968243887919e-147,"8","KIF20B"
3.27768340417616e-149,2.50466544974325,0.61,0.117,8.32105485818202e-145,"8","DLGAP5"
2.10382444104882e-147,2.24280329225354,0.726,0.174,5.34097910849063e-143,"8","CKAP2"
1.62380444992459e-145,2.3689403608384,0.63,0.128,4.12235235702355e-141,"8","KIFC1"
3.2668146477428e-145,2.60639649425755,0.562,0.103,8.29346234622464e-141,"8","RAD51AP1"
1.48815076125593e-144,2.01624897251683,0.811,0.223,3.77796833760042e-140,"8","BIRC5"
2.33240305085161e-143,1.81422350404506,0.935,0.369,5.92127162519697e-139,"8","PTTG1"
2.51705671440676e-141,2.32944286032243,0.647,0.138,6.39005188086443e-137,"8","CENPE"
5.83468767895975e-141,2.46839291396982,0.582,0.112,1.48125216105751e-136,"8","TTK"
3.13729439443457e-140,2.58879802281239,0.545,0.099,7.96464927915103e-136,"8","AURKB"
2.35596733712471e-138,2.22084387581015,0.695,0.166,5.9810942787585e-134,"8","AURKA"
3.03041501087593e-138,1.7253912840098,0.938,0.426,7.69331458811072e-134,"8","STMN1"
6.39642273902138e-137,1.75065974277903,0.932,0.407,1.62385984075536e-132,"8","SMC4"
8.29642698515494e-137,2.57868390022242,0.548,0.103,2.10621391872128e-132,"8","KIF14"
4.66292717540091e-135,1.64841457134699,0.949,0.506,1.18377732201903e-130,"8","HMGB2"
3.5609104144029e-130,2.08197012624931,0.754,0.218,9.04008326904464e-126,"8","CCNB1"
5.96605949092783e-129,2.37641045872119,0.559,0.112,1.51460352296185e-124,"8","DEPDC1"
3.37915854076344e-128,1.83079370873716,0.867,0.313,8.57866978743614e-124,"8","PCLAF"
8.63500275123253e-128,2.11260549957431,0.681,0.168,2.1921681484554e-123,"8","ANLN"
1.40824833930645e-127,2.65969161942616,0.497,0.09,3.57512005899727e-123,"8","NCAPG"
5.01798410591951e-127,2.04576388081637,0.734,0.203,1.27391562496979e-122,"8","CDKN3"
4.1846590257363e-124,2.29736688224912,0.582,0.125,1.06235938686368e-119,"8","CDCA3"
1.99937645913144e-123,2.4899500645132,0.511,0.097,5.07581701679699e-119,"8","SPAG5"
8.07057521336942e-121,2.68575055357069,0.452,0.077,2.04887692941809e-116,"8","CDCA5"
3.18207819312676e-120,2.41296366904051,0.511,0.099,8.0783419088909e-116,"8","CCNA2"
1.74842417830914e-118,1.57333454162166,0.924,0.469,4.43872446147342e-114,"8","CKS2"
2.92065470087036e-118,2.18188369125663,0.616,0.147,7.41466608909958e-114,"8","SGO2"
6.17367736196157e-118,2.20733912605374,0.616,0.15,1.56731147188118e-113,"8","CENPK"
3.18804959472208e-113,2.06041722019289,0.664,0.178,8.09350150612096e-109,"8","RRM2"
2.02383761831183e-111,2.15519625924042,0.596,0.146,5.13791656160825e-107,"8","MAD2L1"
5.10873780552375e-111,2.54975409486912,0.455,0.085,1.29695526668832e-106,"8","PSRC1"
1.27310016822224e-110,2.51348443567771,0.455,0.085,3.2320193970658e-106,"8","PLK1"
3.8905653572315e-110,2.39312800526694,0.492,0.099,9.87697827240361e-106,"8","BUB1"
1.04664064418305e-109,2.30778936668131,0.506,0.104,2.65710660338751e-105,"8","KIF11"
1.59271515054517e-106,1.19563467565281,0.98,0.707,4.04342595268903e-102,"8","ARL6IP1"
1.88419286565677e-105,2.0789446049077,0.621,0.165,4.78340042804284e-101,"8","IQGAP3"
3.55091417791403e-105,1.39673282708409,0.929,0.481,9.01470582347035e-101,"8","CKS1B"
8.79428157100992e-105,2.49130367241413,0.438,0.083,2.23260426243229e-100,"8","KIF20A"
1.73916643522031e-104,2.54184592421028,0.395,0.067,4.4152218290938e-100,"8","NEK2"
8.97208570091883e-100,2.24654165844787,0.534,0.13,2.27774339689226e-95,"8","TROAP"
2.01748612468398e-99,2.33975232166618,0.449,0.09,5.12179202473521e-95,"8","BUB1B"
5.66318352417193e-99,2.59718595133278,0.373,0.062,1.43771240128153e-94,"8","KIF15"
2.01302526212986e-98,1.9980150328785,0.616,0.175,5.11046723296909e-94,"8","CENPW"
1.14421437783367e-97,2.09782549282547,0.551,0.138,2.90481704100635e-93,"8","RACGAP1"
8.95730964513284e-97,2.36058066646068,0.432,0.086,2.27399219960987e-92,"8","KNL1"
3.16170888248078e-96,2.19153010503563,0.489,0.109,8.02663033995397e-92,"8","CDCA8"
7.05642084551876e-94,2.17248029819989,0.5,0.118,1.79141356005185e-89,"8","KIF4A"
1.50632548079648e-93,2.27094738836238,0.463,0.102,3.82410849809801e-89,"8","SHCBP1"
3.36511402297552e-93,2.14744641916558,0.497,0.116,8.54301497012795e-89,"8","GTSE1"
1.33518602608737e-89,2.12206505305935,0.489,0.115,3.38963676442801e-85,"8","CIT"
1.98290538270127e-87,2.23111028857501,0.458,0.105,5.03400189506371e-83,"8","CEP55"
3.00651685630072e-87,2.52887303879706,0.381,0.075,7.63264434309063e-83,"8","MELK"
6.97284830627897e-87,2.35821976676697,0.412,0.086,1.77019699951504e-82,"8","ARHGAP11A"
3.84870107888134e-86,2.12323459346116,0.506,0.131,9.77069742895605e-82,"8","CDT1"
1.04982543970452e-85,2.25973835186573,0.438,0.098,2.66519184377787e-81,"8","SPC25"
2.52782721171252e-85,1.99178597671887,0.506,0.127,6.41739494237458e-81,"8","CDC20"
2.82373229824575e-84,2.49815254948175,0.353,0.065,7.16860918555648e-80,"8","CENPA"
1.54777206486008e-83,2.34274554795608,0.376,0.073,3.9293289410603e-79,"8","KIF23"
1.11967342717054e-82,2.31986901915501,0.367,0.071,2.84251492955784e-78,"8","GAS2L3"
1.13961632382891e-81,2.6365544403849,0.331,0.06,2.89314396130445e-77,"8","MXD3"
4.0457931067858e-81,1.61178236062824,0.703,0.254,1.02710549601971e-76,"8","TMPO"
1.44813741019617e-79,1.98147408414503,0.523,0.146,3.67638644326501e-75,"8","ECT2"
2.63183774978682e-78,1.86070142509819,0.565,0.172,6.68144649538379e-74,"8","PTN"
4.0718230711035e-78,2.24588756497453,0.39,0.084,1.03371372306104e-73,"8","PIMREG"
5.26840156898894e-77,1.97537053037489,0.486,0.128,1.33748910631922e-72,"8","TACC3"
1.25145278761232e-75,1.9783881143026,0.458,0.115,3.17706319191141e-71,"8","ZWINT"
1.12330658712662e-74,2.58211827248318,0.325,0.063,2.85173843273835e-70,"8","SKA1"
2.79144850318707e-74,1.62836737486525,0.658,0.236,7.086650315041e-70,"8","TYMS"
6.71038965477703e-73,1.65920585984744,0.599,0.192,1.70356662165824e-68,"8","TK1"
1.21294547267336e-72,2.12812996146707,0.444,0.116,3.07930467147587e-68,"8","ARL6IP1P3"
1.07226722628999e-71,1.42062597723079,0.797,0.4,2.7221648073824e-67,"8","CDC25B"
1.38933058209723e-71,2.54537743277858,0.285,0.05,3.52709354877025e-67,"8","KIF18A"
1.59926823852492e-70,2.19654667596487,0.39,0.092,4.06006227714322e-66,"8","SPC24"
3.56550880569319e-66,1.98794672547695,0.381,0.091,9.05175720501329e-62,"8","SKA3"
5.9806812030614e-66,1.84506232135838,0.497,0.153,1.5183155370212e-61,"8","CENPQ"
1.8570110420167e-65,2.0603719147452,0.381,0.093,4.71439393236779e-61,"8","LMNB1"
3.02262481109962e-65,2.33658807446,0.308,0.063,7.67353760793859e-61,"8","NCAPH"
7.12365216075836e-64,2.38534617665143,0.288,0.056,1.80848157405172e-59,"8","KIF18B"
4.77533299691601e-63,0.70390774299621,0.975,0.792,1.21231378792707e-58,"8","H2AFZ"
3.64128539386223e-62,1.46681434020696,0.661,0.262,9.24413122939805e-58,"8","NCAPD2"
1.5211692701402e-61,2.12496261036479,0.339,0.078,3.86179242610491e-57,"8","POC1A"
1.82034953891521e-59,1.52819798895038,0.59,0.221,4.62132137444405e-55,"8","MIS18A"
7.88383062048275e-57,1.80045440162244,0.432,0.13,2.00146807962196e-52,"8","RFC3"
3.33308777934421e-56,1.78796924339275,0.404,0.114,8.46170994542115e-52,"8","CIP2A"
2.7683411283143e-54,1.62602670061987,0.489,0.168,7.02798762245152e-50,"8","CENPH"
3.19554598707854e-54,2.15393540602931,0.297,0.068,8.11253259739628e-50,"8","LIN9"
3.21455515137911e-54,0.623949723078072,0.975,0.822,8.16079116280613e-50,"8","RAD21"
5.64416197888321e-54,1.27549913915291,0.684,0.301,1.43288340157908e-49,"8","SKA2"
1.11023750977454e-53,1.29553231718447,0.703,0.321,2.81855996606463e-49,"8","CDKN2C"
2.03587432905535e-53,1.6946595902801,0.415,0.122,5.16847415917282e-49,"8","APOLD1"
1.05581037038798e-52,1.3620146942912,0.607,0.241,2.68038578730397e-48,"8","NSD2"
1.18000148213838e-52,0.576850004077239,0.992,0.836,2.99566976270471e-48,"8","SNHG5"
1.66885961391644e-52,1.63030159856626,0.477,0.162,4.23673390184967e-48,"8","SPDL1"
3.38905658300172e-52,1.45666364935525,0.545,0.202,8.60379794726648e-48,"8","MIS18BP1"
1.50010553757434e-51,2.2717131042821,0.274,0.061,3.80831792823997e-47,"8","ASF1B"
1.93057931998507e-51,1.84390906932211,0.401,0.122,4.9011617196461e-47,"8","FBXO5"
1.61526439989147e-50,2.17430623082555,0.254,0.054,4.10067173200449e-46,"8","FAM83D"
2.0358355405902e-50,1.93659032019401,0.359,0.102,5.16837568689635e-46,"8","KNSTRN"
1.04172118527366e-49,1.20180215697887,0.703,0.327,2.64461757305425e-45,"8","GGH"
1.37058317231139e-49,1.01647893175545,0.825,0.459,3.47949949954692e-45,"8","ANP32E"
3.22795646552834e-49,1.42660861456075,0.593,0.26,8.1948130790368e-45,"8","REEP4"
3.85625740235545e-49,1.78284025896069,0.384,0.116,9.78988066735979e-45,"8","NCAPG2"
4.85749411907138e-49,1.92916665118215,0.288,0.069,1.23317203200865e-44,"8","NEURL1B"
8.53620149875474e-49,1.45734727730539,0.582,0.25,2.16708547448887e-44,"8","KPNA2"
1.23853535726254e-47,1.43914994041496,0.531,0.205,3.14426971148242e-43,"8","ZWILCH"
3.96729905243796e-47,2.17291466565915,0.277,0.067,1.00717821044243e-42,"8","AL590617.2"
4.44831478659999e-47,2.09570163658269,0.268,0.063,1.12929367487414e-42,"8","MND1"
9.88958817679348e-47,1.14496522426151,0.718,0.353,2.51066975044256e-42,"8","SMC2"
1.5873271997922e-46,1.60267292775293,0.435,0.146,4.02974756211247e-42,"8","EZH2"
4.93106539062443e-46,2.14038219220349,0.274,0.068,1.25184957071782e-41,"8","CENPN"
3.14395806940469e-45,1.50459154773662,0.435,0.149,7.98156635079768e-41,"8","NEMP1"
9.07058636005088e-45,0.755028043972685,0.904,0.665,2.30274975922612e-40,"8","BUB3"
5.75840140020608e-44,1.81956827410195,0.319,0.089,1.46188536347032e-39,"8","CENPM"
1.46741747400358e-43,1.27236088600341,0.571,0.243,3.72533274125288e-39,"8","ITGB3BP"
6.0707219882922e-43,2.00073120871468,0.274,0.071,1.54117419116774e-38,"8","PARPBP"
1.36422490491257e-42,1.20935103324186,0.636,0.301,3.46335776610153e-38,"8","DIXDC1"
2.68035873128422e-42,1.1893302122059,0.621,0.284,6.80462671111126e-38,"8","HMGN2"
4.90637819963252e-42,1.46342003768852,0.469,0.181,1.24558223354071e-37,"8","RPL39L"
1.08704178040409e-41,1.95829380425133,0.305,0.089,2.75967296791185e-37,"8","FANCI"
1.98155076389543e-41,1.29556879942335,0.576,0.259,5.03056292430133e-37,"8","ADAMTS4"
3.96526447988038e-41,1.3214069735676,0.523,0.217,1.00666169350723e-36,"8","CCDC34"
1.51934478693912e-40,1.05367295997804,0.718,0.394,3.85716061060234e-36,"8","CKAP5"
4.4340380251712e-40,0.594496961324985,0.952,0.771,1.12566923345021e-35,"8","DUT"
5.07215911135531e-39,1.73003289980616,0.311,0.093,1.28766903359977e-34,"8","SCLT1"
1.35305570614406e-38,0.638037906528189,0.958,0.722,3.43500252118792e-34,"8","FBLN1"
1.28219701277994e-36,1.66382229907261,0.325,0.104,3.25511355634444e-32,"8","DBF4"
1.78425726898985e-35,1.63062973818231,0.331,0.11,4.52969392878453e-31,"8","CCSAP"
1.94304543567755e-35,1.30466994310536,0.466,0.189,4.9328094475546e-31,"8","CHEK1"
5.21912338455215e-35,0.882513708272924,0.734,0.392,1.32497885363625e-30,"8","METTL7A"
9.20654305907213e-35,1.12996994698453,0.542,0.246,2.33726508640664e-30,"8","LMNB2"
9.60650086134988e-35,1.17795169418489,0.54,0.245,2.43880237367089e-30,"8","TMEM107"
6.13503224262346e-34,0.708891878659198,0.876,0.6,1.55750063543482e-29,"8","H2AFV"
1.57052509632722e-33,1.52290875896832,0.316,0.104,3.98709206204592e-29,"8","NDE1"
2.06341697615903e-33,1.01507680793004,0.619,0.311,5.23839667737492e-29,"8","MZT1"
2.32893795135703e-33,1.23765234050308,0.455,0.188,5.91247477711009e-29,"8","LMO7"
4.68517316074339e-33,1.73892016314735,0.274,0.084,1.18942491031792e-28,"8","CENPJ"
5.12752196600567e-33,0.85183115106315,0.766,0.428,1.30172400150986e-28,"8","FBLN2"
8.84245827633347e-33,1.14804997893546,0.506,0.227,2.24483488261278e-28,"8","CDK2"
9.17245923935579e-33,0.693368152230845,0.876,0.618,2.32861222709525e-28,"8","SGCB"
1.49003939031262e-32,1.60337309752201,0.274,0.084,3.78276300018664e-28,"8","ESPL1"
1.86944681531348e-32,0.527308311896498,0.941,0.785,4.74596463003634e-28,"8","HP1BP3"
5.33585872523553e-32,1.14093308903863,0.542,0.264,1.35461445457554e-27,"8","FANCG"
7.46111271288691e-32,1.74666550632688,0.263,0.08,1.8941526844206e-27,"8","SYNE2"
1.49547931708984e-31,1.57787161453977,0.311,0.107,3.79657334229597e-27,"8","CEP152"
2.38566370040676e-31,0.637223591262657,0.912,0.705,6.05648443622264e-27,"8","SMS"
2.6948475504198e-31,1.03425533330407,0.52,0.233,6.84140947625075e-27,"8","OLFML2B"
5.89198851706252e-31,1.03319809909703,0.582,0.297,1.49579912482666e-26,"8","JPT1"
8.5766936804537e-31,0.884884669661993,0.698,0.395,2.17736522465678e-26,"8","CEP57"
3.99729626709297e-30,0.579981009737396,0.915,0.711,1.01479360332689e-25,"8","DEK"
4.0342426781207e-30,1.24421679227732,0.39,0.154,1.0241731886945e-25,"8","CDCA2"
4.25063248315867e-30,0.960810651265725,0.624,0.325,1.07910806849949e-25,"8","PCSK1"
4.30370613495589e-30,1.26179489910698,0.398,0.159,1.09258187648125e-25,"8","JAM2"
5.23498852073486e-30,1.17465473964621,0.486,0.223,1.32900653575896e-25,"8","FAM111A"
9.01398060947238e-30,1.24962257508709,0.427,0.183,2.28837925732675e-25,"8","KIF22"
1.03431495347826e-29,1.1490928796305,0.5,0.239,2.62581537239525e-25,"8","ANGPTL5"
1.68647441895167e-29,1.30940496633929,0.384,0.155,4.28145260739262e-25,"8","MASTL"
1.7289682845471e-29,1.16600134574915,0.455,0.199,4.38933178397972e-25,"8","SCML1"
1.77211747134895e-29,1.08181286281307,0.514,0.245,4.49887462451358e-25,"8","DTYMK"
2.21378948256413e-29,1.14525433200051,0.449,0.195,5.62014735938556e-25,"8","FBLN7"
5.93526361038079e-29,1.08003878301527,0.523,0.253,1.50678537276737e-24,"8","H2AFX"
1.15985124316218e-28,1.14409352610949,0.46,0.206,2.94451435101582e-24,"8","HMGB3"
2.79932360107171e-28,0.817940034746818,0.743,0.465,7.10664282604076e-24,"8","RRM1"
3.29274166934126e-28,0.977481885574551,0.551,0.269,8.35928327595667e-24,"8","DPT"
5.12731165156193e-28,1.25177235332889,0.376,0.152,1.30167060898203e-23,"8","RNASEH2A"
5.69435908397645e-28,1.38486993541426,0.288,0.099,1.4456269406491e-23,"8","CENPU"
5.86627151606317e-28,1.13488399220756,0.444,0.197,1.48927034978296e-23,"8","ATAD2"
6.69709246349877e-28,0.999461452287349,0.599,0.329,1.70019086370843e-23,"8","PHGDH"
1.00324691579591e-27,0.751212673094116,0.726,0.399,2.54694294513108e-23,"8","COL14A1"
1.48827998362597e-27,0.669239367415008,0.842,0.589,3.77829639443126e-23,"8","CLEC11A"
1.58448551137194e-27,1.3884899987298,0.308,0.112,4.02253336771994e-23,"8","BRCA1"
2.60903029813576e-27,0.994562760459145,0.585,0.306,6.62354521787725e-23,"8","MFAP5"
3.23470525362582e-27,0.754196142838716,0.785,0.502,8.21194622737986e-23,"8","BHLHE41"
4.30750832227072e-27,1.45634023487851,0.314,0.118,1.09354713777487e-22,"8","CMAHP"
5.47208111496129e-27,0.9479636683026,0.554,0.279,1.38919723265522e-22,"8","BCL2L12"
5.99979386761554e-27,1.16635540635818,0.395,0.168,1.52316766917156e-22,"8","RCCD1"
7.73511225956257e-27,0.63532288104679,0.856,0.603,1.96371294933515e-22,"8","LAMA4"
1.43570984293245e-26,1.44608764256145,0.299,0.111,3.64483657825262e-22,"8","CEP70"
1.45270438612692e-26,0.881906481908917,0.672,0.389,3.68798062506041e-22,"8","SFRP4"
1.61046874129755e-26,0.860134379072228,0.636,0.348,4.0884969935321e-22,"8","FXYD6"
1.90434354034172e-26,1.36547720799207,0.345,0.138,4.83455694586551e-22,"8","TNFRSF21"
2.21630313070523e-26,0.608305183462325,0.873,0.63,5.62652875792138e-22,"8","HMGB1P5"
2.23181578794362e-26,1.0425148165815,0.497,0.248,5.66591074085247e-22,"8","BRD8"
2.41608800290671e-26,0.871450051789016,0.647,0.367,6.13372261297927e-22,"8","MZT2A"
2.85064217525689e-25,1.27716445068636,0.325,0.126,7.23692529032466e-21,"8","RHNO1"
6.33186430049404e-25,0.620301221676314,0.845,0.568,1.60747038996642e-20,"8","KCNE4"
8.28317020772639e-25,1.0655832978288,0.438,0.203,2.1028484206355e-20,"8","IGFBP2"
9.62106200959101e-25,0.974241007200779,0.5,0.247,2.44249901237487e-20,"8","CA5B"
1.29135522964173e-24,0.830097781024477,0.593,0.324,3.27836352149146e-20,"8","TIFA"
4.44549040344601e-24,0.905134500116153,0.585,0.328,1.12857664872284e-19,"8","AC097534.2"
8.66222465032084e-24,0.880532088960127,0.588,0.33,2.19907897197695e-19,"8","TUBB4B"
1.39295609931846e-23,0.997063786546981,0.427,0.198,3.53629764933978e-19,"8","KLF5"
1.70180409510036e-23,1.16278947764518,0.373,0.163,4.32037005623128e-19,"8","RNF26"
1.93702868415239e-23,0.547983634237047,0.912,0.685,4.91753472045768e-19,"8","PRG4"
2.61895380950414e-23,1.00054021833172,0.5,0.259,6.64873803618816e-19,"8","AL354714.2"
3.76377367884742e-23,1.17485821281406,0.393,0.181,9.55509223848995e-19,"8","DSN1"
5.087137965209e-23,0.76826226134222,0.647,0.38,1.29147171522761e-18,"8","RASSF1"
5.14299941834765e-23,1.22701010923459,0.314,0.126,1.30565326233592e-18,"8","AC092718.4"
5.59179782474192e-23,0.796645203882014,0.585,0.321,1.41958971376723e-18,"8","GMNN"
9.24483869211283e-23,0.985378918517613,0.381,0.165,2.34698719876668e-18,"8","GPM6B"
1.26263196012228e-22,1.18654533829788,0.356,0.156,3.20544375716243e-18,"8","CEP97"
1.64411376336938e-22,0.611301751342528,0.771,0.458,4.17391161106585e-18,"8","COL15A1"
2.4977706011285e-22,1.2765097649385,0.305,0.124,6.34109022508491e-18,"8","WEE1"
6.24290346970778e-22,0.989011101602418,0.463,0.235,1.58488590385471e-17,"8","TMEM106C"
7.63914173856451e-22,1.03603316643338,0.342,0.145,1.93934891316937e-17,"8","LRRCC1"
7.87339462624239e-22,1.13357494965826,0.319,0.132,1.99881869376415e-17,"8","TRIP13"
1.50718620818718e-21,1.08625442756302,0.424,0.212,3.82629362672478e-17,"8","ACYP1"
1.70801464678766e-21,1.2202902193176,0.297,0.12,4.33613678379984e-17,"8","FAM110A"
2.52794753321901e-21,1.03636983366406,0.404,0.193,6.4177004025831e-17,"8","G2E3"
4.885549215248e-21,1.05922552403742,0.404,0.196,1.24029437927501e-16,"8","PHTF2"
5.91422129845087e-21,1.11849585699799,0.345,0.156,1.50144336103772e-16,"8","CDCA4"
6.51694613261818e-21,0.9311095925654,0.514,0.287,1.65445711468778e-16,"8","CCDC14"
1.06796095545397e-20,1.01626208781511,0.401,0.195,2.711232477611e-16,"8","PHF19"
2.10905333008778e-20,1.28797826853851,0.274,0.11,5.35425368909385e-16,"8","LRR1"
2.56312326321384e-20,0.706406979754641,0.647,0.404,6.50700102832098e-16,"8","RHEB"
2.66976748483206e-20,1.18031868876015,0.294,0.122,6.77773871374315e-16,"8","HMGN2P5"
2.87875237446393e-20,0.709280789039112,0.655,0.399,7.30828865305157e-16,"8","HMGB1P6"
3.86685511779387e-20,1.42911399714162,0.26,0.105,9.8167850875433e-16,"8","KLHDC8B"
9.65762324759e-20,1.19901940183865,0.271,0.109,2.45178081386567e-15,"8","POLH"
1.08193177648194e-19,0.644334175773473,0.723,0.478,2.74670020095471e-15,"8","SAP30"
1.30100463213145e-19,0.718931645050589,0.655,0.411,3.30286045959211e-15,"8","NGLY1"
1.31299617672829e-19,1.11776723863051,0.328,0.146,3.33330339386012e-15,"8","TMEM97"
2.36015119160533e-19,0.720323394691674,0.605,0.348,5.99171583012846e-15,"8","ZNF385D"
2.80522382459687e-19,0.91232078801862,0.46,0.252,7.12162172350407e-15,"8","ALDH7A1"
3.03639812864056e-19,0.505807054852909,0.89,0.64,7.70850392917979e-15,"8","CYGB"
3.84316409818652e-19,0.955950727619428,0.429,0.222,9.75664069606611e-15,"8","PRTFDC1"
5.0161389494949e-19,0.520116240906291,0.836,0.629,1.27344719510827e-14,"8","IKBIP"
8.28709385361367e-19,1.05075212651008,0.314,0.138,2.1038445166169e-14,"8","CFD"
9.18804675556671e-19,1.04791004250696,0.373,0.18,2.33256942983572e-14,"8","ARMT1"
9.83517641962967e-19,0.52787033577281,0.853,0.621,2.49685623765138e-14,"8","TUBB6"
1.011074145546e-18,0.594663404277465,0.684,0.415,2.56681393329762e-14,"8","TWIST1"
1.13024300392838e-18,0.940156503524086,0.35,0.161,2.86934791407297e-14,"8","RFWD3"
1.13964978502882e-18,0.561268358268906,0.811,0.605,2.89322890925268e-14,"8","ACSL3"
1.27388531472803e-18,0.947921962999938,0.421,0.219,3.23401264850006e-14,"8","DHFR"
1.34392736273502e-18,0.856623335351379,0.489,0.269,3.41182839577541e-14,"8","MCM4"
1.64391060324441e-18,0.7440315627022,0.588,0.354,4.17339584845658e-14,"8","SUGP2"
3.08350567804837e-18,1.12516779264206,0.282,0.121,7.8280958648614e-14,"8","TIMELESS"
3.32372592503288e-18,0.643134832352012,0.641,0.376,8.43794300588098e-14,"8","COL5A3"
4.95623762243004e-18,0.530828913207039,0.828,0.593,1.25824004520631e-13,"8","PRRX2"
6.68615084463468e-18,0.560452013320519,0.785,0.553,1.69741311492741e-13,"8","MZT2B"
6.97890541286089e-18,0.631316103368951,0.672,0.434,1.77173471716299e-13,"8","NREP"
7.17295080357906e-18,0.542702756076573,0.819,0.581,1.82099702050462e-13,"8","ADAMTS2"
8.11243039286537e-18,1.02781567203499,0.339,0.161,2.05950270383673e-13,"8","NRM"
8.59464384183464e-18,0.621564058879148,0.667,0.42,2.18192223212656e-13,"8","CCDC88A"
9.33141939944818e-18,0.747973293743189,0.593,0.378,2.36896744293791e-13,"8","NAV2"
1.21119954700331e-17,0.848607011253802,0.438,0.229,3.07487228997731e-13,"8","HACD4"
1.54184733928865e-17,0.676738558583479,0.636,0.412,3.91428784025211e-13,"8","WDFY1"
1.62817453850444e-17,0.678393576005799,0.664,0.43,4.13344670090122e-13,"8","RANGAP1"
2.40562272106832e-17,0.964277527986404,0.359,0.174,6.10715440197614e-13,"8","FAM122B"
3.82766613290686e-17,0.814343280375826,0.525,0.309,9.71729601161065e-13,"8","HIST1H4C"
7.93600429396471e-17,0.632930189485215,0.675,0.442,2.01471341010882e-12,"8","CBX1"
9.47707426639467e-17,0.567278018641869,0.644,0.405,2.40594484400962e-12,"8","CSF3"
1.06292476643069e-16,0.842898361542374,0.401,0.208,2.69844710453758e-12,"8","KMT5A"
1.07627761824726e-16,0.514994874437111,0.805,0.599,2.73234598944432e-12,"8","PPP2R5C"
1.13184633256817e-16,0.964841087060427,0.333,0.159,2.8734182844908e-12,"8","MMD"
1.1806827572405e-16,0.605479014927132,0.63,0.385,2.99739931580644e-12,"8","GGT5"
1.23522926822187e-16,0.746725689443093,0.48,0.273,3.13587654323485e-12,"8","NID1"
1.36820097090985e-16,0.632694282027117,0.636,0.398,3.47345180484883e-12,"8","CDK19"
2.91654602794728e-16,0.781908213486433,0.525,0.318,7.40423540114975e-12,"8","PCNA"
6.58059307982718e-16,0.875090859974396,0.364,0.185,1.67061516517573e-11,"8","PTGIS"
1.05123475501858e-15,0.769835381679827,0.492,0.288,2.66876967256566e-11,"8","CDO1"
1.06700554123137e-15,0.564640893388706,0.709,0.483,2.70880696752407e-11,"8","ZEB1"
1.09430962370584e-15,0.611063207192704,0.633,0.416,2.778123841702e-11,"8","RPA3"
1.27809611007742e-15,0.643426972366576,0.511,0.287,3.24470259465355e-11,"8","TGFB1"
2.22084795110827e-15,0.542393890451073,0.729,0.499,5.63806669347856e-11,"8","PSIP1"
2.22981140058611e-15,0.68231002180377,0.568,0.36,5.66082220266797e-11,"8","SEMA4B"
3.67197522749326e-15,0.916744545593358,0.322,0.158,9.32204351003714e-11,"8","YEATS4"
5.76395344994381e-15,0.871392480486318,0.328,0.162,1.46329486233724e-10,"8","TRMU"
9.75641760141525e-15,0.96801683565166,0.26,0.118,2.47686173647129e-10,"8","LBR"
1.33282590404897e-14,0.568597312270008,0.664,0.437,3.38364512260912e-10,"8","RUVBL2"
1.4893552770096e-14,0.517141625952275,0.746,0.519,3.78102624174428e-10,"8","CRLF1"
1.51776387722736e-14,0.965886496629403,0.319,0.161,3.85314715511709e-10,"8","C19orf48"
1.6912146425549e-14,1.03460533936802,0.254,0.116,4.29348661305413e-10,"8","COQ2"
2.58051293285416e-14,0.568870006218144,0.653,0.422,6.55114818263686e-10,"8","SNAPC3"
3.92429471627981e-14,0.733250963398782,0.449,0.262,9.96260699621956e-10,"8","NUDT1"
4.66225271554748e-14,0.570158461260544,0.627,0.405,1.18360609689604e-09,"8","MAD2L2"
4.86495506663188e-14,0.620009973021776,0.537,0.332,1.23506614276584e-09,"8","FBLN5"
5.6936556811605e-14,0.841478968750297,0.387,0.216,1.44544836777622e-09,"8","TOPBP1"
5.96996439469997e-14,0.546385913283881,0.621,0.387,1.51559486088248e-09,"8","LINC01578"
6.82667556329622e-14,0.802283430679167,0.401,0.226,1.73308812525401e-09,"8","FAP"
8.20748023554607e-14,0.669382526688381,0.528,0.322,2.08363300739808e-09,"8","DDB2"
9.07873376306135e-14,0.511478104771411,0.709,0.493,2.30481814042839e-09,"8","AL358472.1"
1.41847587041618e-13,0.89751877088468,0.271,0.129,3.60108469222556e-09,"8","EEF1AKMT2"
1.55764983113062e-13,0.825096163614676,0.319,0.162,3.95440562629131e-09,"8","CALM2P2"
1.70682721523616e-13,0.666728677439555,0.441,0.255,4.33312225132005e-09,"8","MT1M"
1.90204381961959e-13,0.661656319244311,0.455,0.26,4.82871864486827e-09,"8","DDIT4"
2.33886801048043e-13,0.614095977827114,0.517,0.312,5.93768421820667e-09,"8","RPS15AP1"
2.80368895723851e-13,0.622296370245842,0.537,0.339,7.11772515574139e-09,"8","RAB27A"
2.97448928125503e-13,0.758032002017093,0.39,0.216,7.55133593832214e-09,"8","CRYBB2P1"
3.11294984075353e-13,0.597535044031959,0.472,0.273,7.90284576072099e-09,"8","SERPINF1"
3.87194376989092e-13,0.595453921505308,0.52,0.313,9.82970364862209e-09,"8","CSE1L"
3.96410620765714e-13,0.937521492553092,0.308,0.16,1.00636764293792e-08,"8","CEP44"
4.28024396992041e-13,0.510758718602912,0.726,0.519,1.08662553664369e-08,"8","TUBA1A"
4.39543977668509e-13,0.991413437963549,0.263,0.126,1.11587029610704e-08,"8","RFC2"
5.22091641531461e-13,0.652523776466275,0.444,0.254,1.32543405035592e-08,"8","CA9"
5.60198779533423e-13,0.634284397623174,0.568,0.375,1.4221766416015e-08,"8","DCTN3"
6.07804515315376e-13,0.722546613867261,0.41,0.235,1.54303332303114e-08,"8","GUSB"
6.52816197732876e-13,0.823043931047431,0.294,0.146,1.65730448118445e-08,"8","FEN1"
6.98344425156221e-13,0.791666946123019,0.387,0.22,1.7728869921441e-08,"8","C2orf69"
7.88360811186132e-13,0.630357427282368,0.517,0.331,2.00141159135823e-08,"8","IFI27L1"
8.422101223777e-13,0.874397038665053,0.328,0.175,2.13811883768027e-08,"8","PPP2R5D"
9.27745837247708e-13,0.958655154751614,0.294,0.151,2.35526835702076e-08,"8","MGME1"
9.28114087533362e-13,0.725534399715279,0.342,0.179,2.35620323402094e-08,"8","EXOSC8"
1.01711179835563e-12,0.677356641227463,0.316,0.162,2.58214172248543e-08,"8","PCK1"
1.09590876550299e-12,0.691149760951057,0.472,0.287,2.78218358298244e-08,"8","MCM7"
1.4694038301348e-12,0.886718715369022,0.282,0.141,3.73037550356322e-08,"8","CSRP2"
1.56744011071837e-12,0.667382791210938,0.384,0.215,3.97926020908072e-08,"8","DCAF16"
1.85771584806039e-12,0.514672807369639,0.706,0.512,4.71618322347092e-08,"8","TMEM18"
1.89815160364389e-12,0.734426420168147,0.362,0.199,4.81883747617075e-08,"8","LRRK1"
2.12819746034565e-12,0.61325166082087,0.489,0.295,5.40285489257949e-08,"8","PER1"
2.26635735990552e-12,0.505837620898601,0.726,0.522,5.75360142959214e-08,"8","RBP4"
2.30157635046342e-12,0.855783765855938,0.282,0.142,5.84301188092149e-08,"8","PARP2"
2.51375270655736e-12,0.568240677624211,0.523,0.323,6.38166399613718e-08,"8","NXPH4"
2.71725043354241e-12,0.686741702672816,0.325,0.169,6.89828367563412e-08,"8","NDC1"
3.91599633060895e-12,0.520799295774953,0.607,0.401,9.94153988451694e-08,"8","TUBB2A"
4.06092815686763e-12,0.709241651460773,0.376,0.211,1.03094783118399e-07,"8","FBXO17"
4.26364260335512e-12,0.542399292170345,0.59,0.392,1.08241094771376e-07,"8","LSM5"
4.50971908466145e-12,0.616990726907482,0.514,0.336,1.144882384023e-07,"8","NUDCD2"
8.96420236292094e-12,0.629386565914002,0.449,0.27,2.27574205387474e-07,"8","FAM216A"
9.59250853129835e-12,0.563288886526006,0.525,0.339,2.43525014084071e-07,"8","AC023157.1"
1.00219826620664e-11,0.704682212910415,0.381,0.217,2.54428073841879e-07,"8","TTC9C"
1.01772359198049e-11,0.672999312901248,0.294,0.149,2.58369488296086e-07,"8","NECAB1"
1.05776330500278e-11,0.685374991129785,0.37,0.21,2.68534370241055e-07,"8","LBP"
1.06590646915243e-11,0.803136993524422,0.277,0.141,2.70601675323726e-07,"8","CLEC2B"
1.24759248897102e-11,0.959403694898064,0.251,0.125,3.16726305175073e-07,"8","KRT7"
1.32352589854577e-11,0.672586787285446,0.367,0.205,3.36003519863815e-07,"8","HPD"
1.51289412328125e-11,0.737992549723509,0.407,0.247,3.84078431077411e-07,"8","PMM1"
1.76343430315567e-11,0.745490490797889,0.305,0.162,4.47683066542131e-07,"8","THOC3"
1.83580237070856e-11,0.636206196126254,0.415,0.244,4.66055147851781e-07,"8","DNM1"
2.63973258518194e-11,0.790165003097069,0.316,0.172,6.70148911400139e-07,"8","RFC4"
2.79337417617598e-11,0.544975330484814,0.483,0.295,7.09153902105796e-07,"8","AC106795.1"
3.25249256626747e-11,0.558625242677638,0.573,0.393,8.25710287798323e-07,"8","LSM8"
3.54793732902722e-11,0.741399930359152,0.367,0.216,9.00714849720141e-07,"8","NEDD1"
4.10421098723996e-11,0.530328402590883,0.559,0.365,1.04193604333061e-06,"8","SAE1"
4.25251739610923e-11,0.801395818628318,0.285,0.15,1.07958659135025e-06,"8","EMC9"
5.4585018424946e-11,0.7845110830736,0.362,0.211,1.3857498627541e-06,"8","TTC39B"
5.60070999853096e-11,0.678637198971453,0.331,0.181,1.42185224732705e-06,"8","PAPD7"
6.97751233871812e-11,0.524715191026097,0.559,0.372,1.77138105743037e-06,"8","AP000769.1"
7.12762579657478e-11,0.667778677542338,0.373,0.218,1.80949036097644e-06,"8","NUDT15"
1.00369120960354e-10,0.864005226270767,0.274,0.146,2.54807087382051e-06,"8","CDKN2D"
1.03667963211318e-10,0.544788626955683,0.503,0.326,2.63181858204572e-06,"8","PIM1"
1.13640483979627e-10,0.549461842853927,0.52,0.338,2.8849909667908e-06,"8","OSBPL5"
1.41080952872446e-10,0.513618258897489,0.477,0.296,3.58162215057279e-06,"8","RAB20"
1.66754321240097e-10,0.635818323457894,0.342,0.193,4.23339195332235e-06,"8","NAP1L1P1"
1.99471575392087e-10,0.766968121142064,0.308,0.171,5.06398488447891e-06,"8","ODF3B"
2.31331150585507e-10,0.609573018172183,0.37,0.216,5.87280391991427e-06,"8","AC084033.3"
2.3529076616934e-10,0.63884780341383,0.336,0.19,5.97332668074105e-06,"8","NUP107"
2.46419144237073e-10,0.525567762344556,0.508,0.325,6.25584281474658e-06,"8","HMG20B"
3.19847874997267e-10,0.683399797304347,0.376,0.227,8.11997800255561e-06,"8","SOGA1"
3.61130072445459e-10,0.775172805086168,0.311,0.176,9.16800914917287e-06,"8","FN3KRP"
3.87075670604466e-10,0.575398583572355,0.381,0.224,9.82669004963557e-06,"8","C1QTNF6"
4.04818064766659e-10,0.582650712398844,0.472,0.304,1.02771162102312e-05,"8","CYBA"
4.66581218892166e-10,0.687865383688288,0.347,0.202,1.18450974040154e-05,"8","RMND1"
6.80319180101053e-10,0.571705885011231,0.446,0.283,1.72712630252254e-05,"8","OLFML3"
7.13668164864739e-10,0.521111128599997,0.528,0.362,1.81178937014211e-05,"8","ABHD12"
7.2107732069314e-10,0.694076420424273,0.311,0.173,1.83059899404368e-05,"8","CENPT"
7.59010223038543e-10,0.616100016770074,0.353,0.204,1.92689925322795e-05,"8","SNX7"
8.03156975441723e-10,0.502637758761388,0.559,0.382,2.0389746135539e-05,"8","COMMD4"
8.08942658921528e-10,0.628308504751834,0.35,0.203,2.05366272820408e-05,"8","DCAF15"
1.10083179026624e-09,0.583070074317623,0.455,0.296,2.79468166594889e-05,"8","BARX1"
1.13259636203381e-09,0.511653455688529,0.52,0.347,2.87532238429524e-05,"8","DNMT1"
1.13513882925034e-09,0.543211744572295,0.398,0.239,2.88177694581783e-05,"8","JPT2"
1.39279343413881e-09,0.511136557289903,0.395,0.239,3.5358846912482e-05,"8","C1orf54"
1.40930285661135e-09,0.71893845585467,0.302,0.17,3.57779716207924e-05,"8","WTIP"
1.55564953021477e-09,0.56512031870472,0.469,0.313,3.94932746235623e-05,"8","SYNE1"
1.64594044848995e-09,0.532285575143219,0.379,0.225,4.17854901658143e-05,"8","DNM3OS"
1.66104914296492e-09,0.54071657850803,0.398,0.24,4.21690545924505e-05,"8","LETMD1"
1.75659446700011e-09,0.686871670052557,0.353,0.212,4.45946637337317e-05,"8","WDR34"
2.08540116258403e-09,0.554405173400784,0.37,0.223,5.29420793145208e-05,"8","POLD3"
2.18709703787764e-09,0.597564725238586,0.39,0.24,5.55238325005997e-05,"8","ODF2"
2.4648734826299e-09,0.511592935930964,0.441,0.275,6.25757431035254e-05,"8","TMBIM4"
2.65704278423173e-09,0.627143560964448,0.291,0.161,6.74543451632908e-05,"8","KAZN"
3.08444222782451e-09,0.660095555088797,0.297,0.167,7.83047348377808e-05,"8","FAM76B"
3.26043789903019e-09,0.650636475747009,0.274,0.15,8.27727369426794e-05,"8","TNFRSF9"
3.99690289482329e-09,0.550023402717178,0.427,0.274,0.000101469373790879,"8","HAPLN1"
4.10315314593025e-09,0.532159850144673,0.393,0.239,0.000104166748915731,"8","CTDSPL2"
4.98534760854879e-09,0.63112423452816,0.359,0.222,0.000126563019738228,"8","NUP37"
5.72732004034642e-09,0.524658103847762,0.46,0.304,0.000145399473864275,"8","DHRS3"
8.25075342635571e-09,0.574408152467247,0.418,0.279,0.000209461877234893,"8","CNTLN"
1.01541699346723e-08,0.552347651212702,0.435,0.281,0.000257783912131525,"8","MYH10"
1.07998622243069e-08,0.722781582563947,0.277,0.157,0.000274176102288479,"8","MTCO1P12"
1.6055463608998e-08,0.5912037783605,0.364,0.226,0.000407600054641631,"8","LIMCH1"
1.9441913355104e-08,0.546519096822712,0.424,0.272,0.000493571854346026,"8","FAM210A"
2.2332861042504e-08,0.569533515347201,0.263,0.145,0.00056696434328605,"8","CENPC"
2.51636040723009e-08,0.580673873916156,0.339,0.208,0.000638828416583504,"8","ENPP2"
2.83078867179232e-08,0.798498812735458,0.254,0.146,0.000718652320107915,"8","SRD5A1"
2.84967651059784e-08,0.744481075549754,0.251,0.141,0.000723447375745473,"8","COQ8A"
3.59154561992586e-08,0.520736404860529,0.285,0.162,0.000911785686530579,"8","CRABP2"
3.89325396188383e-08,0.613041558830778,0.26,0.145,0.000988380383303448,"8","HIC1"
4.3809216923617e-08,0.578872512273836,0.274,0.155,0.00111218459003987,"8","SLC39A10"
5.34808286744786e-08,0.691749949541344,0.297,0.178,0.00135771779755899,"8","GLA"
5.82988851699674e-08,0.553257860787553,0.331,0.201,0.00148003379780996,"8","PPP2R2D"
6.15772501558689e-08,0.53716413339993,0.379,0.245,0.00156326164970704,"8","CMC2"
6.2186651835171e-08,0.569417001240153,0.282,0.164,0.00157873253013949,"8","MPP2"
6.30953546467574e-08,0.702335751604699,0.288,0.174,0.00160180176841723,"8","ARL6IP6"
8.4244470825311e-08,0.522981821266056,0.319,0.193,0.00213871438084217,"8","NFYB"
9.05119618824213e-08,0.619428863130112,0.367,0.237,0.00229782717630903,"8","ILVBL"
9.8932805275252e-08,0.515449835004656,0.336,0.207,0.00251160712752282,"8","SNUPN"
1.02525583577466e-07,0.671386077147367,0.271,0.159,0.00260281699028113,"8","DCP2"
1.091023053747e-07,0.551903854456803,0.345,0.216,0.00276978022654751,"8","RBM7"
1.13234533534879e-07,0.577472742489494,0.316,0.193,0.00287468510284997,"8","PDGFRL"
1.16062577384436e-07,0.715811925438764,0.254,0.147,0.00294648065205867,"8","MDC1"
1.31078545283715e-07,0.569964643685024,0.28,0.164,0.00332769102911768,"8","IFT22"
1.68753797172017e-07,0.559077787248884,0.345,0.219,0.00428415264880599,"8","MGST2"
1.73725448188459e-07,0.729361375396029,0.266,0.157,0.0044103679531604,"8","AL138785.1"
1.84698659562764e-07,0.639089731468658,0.308,0.193,0.00468894487031988,"8","AC138392.1"
2.15460482582708e-07,0.707523905510884,0.263,0.158,0.00546989527132721,"8","AC005000.1"
2.31938544286624e-07,0.568297125144004,0.311,0.192,0.00588822382380454,"8","ANG"
4.06745659581891e-07,0.516830502758363,0.37,0.242,0.0103260520598055,"8","SUMF2"
5.4549924346627e-07,0.500298878496233,0.314,0.197,0.0138485892938782,"8","RNF44"
5.8527503235687e-07,0.519365763154624,0.288,0.174,0.0148583772464439,"8","YPEL2"
5.86427642942069e-07,0.595080899671533,0.266,0.16,0.0148876385713703,"8","MRE11"
6.05567889636375e-07,0.706472164262818,0.302,0.195,0.0153735520141987,"8","MT1XP1"
7.78917386758752e-07,0.524829330744291,0.353,0.234,0.0197743756976444,"8","PIN1"
8.33408529242943e-07,0.744453539956514,0.26,0.16,0.0211577423318906,"8","FZR1"
9.96747045760236e-07,0.540232432647614,0.26,0.156,0.0253044172507151,"8","HAUS6"
1.27919046094525e-06,0.631228357873078,0.288,0.183,0.0324748082320171,"8","SNRNP48"
1.44362710053649e-06,0.512152900207164,0.376,0.252,0.03664936120132,"8","STX2"
1.54076096376028e-06,0.641292068143662,0.257,0.157,0.0391152985869821,"8","VANGL1"
2.52890559508903e-06,0.538851162944898,0.288,0.18,0.0642013263425252,"8","OLMALINC"
2.57047869279269e-06,0.57702201240118,0.26,0.161,0.0652567425739281,"8","TMEM19"
2.76597990854168e-06,0.565467893872166,0.268,0.168,0.0702199319381476,"8","COX20P1"
2.83279906063937e-06,0.569032808536022,0.271,0.172,0.0719162697524516,"8","CCP110"
3.03105568960544e-06,0.55011662100104,0.277,0.172,0.0769494107920134,"8","ST3GAL4"
4.13891469640418e-06,0.588103804858381,0.277,0.178,0.105074627397613,"8","NXN"
5.10042276077207e-06,0.566438009909195,0.251,0.157,0.12948443262772,"8","ORC3"
5.31372664572946e-06,0.577914768998548,0.288,0.188,0.134899578355134,"8","PCNT"
5.44841309414403e-06,0.516248469238238,0.325,0.217,0.138318863221034,"8","KLHL7"
6.76838895797038e-06,0.516139875568751,0.251,0.157,0.171829090475994,"8","SPPL2B"
7.01461003110037e-06,0.522950779332392,0.339,0.231,0.178079904859545,"8","RAD1"
1.06605742712729e-05,0.508534292839071,0.266,0.169,0.270639999024806,"8","EEF1D"
1.33310211592145e-05,0.500638016532077,0.367,0.258,0.338434634168978,"8","LSP1"
1.43536300912276e-05,0.505339238879297,0.291,0.193,0.364395607125994,"8","HAUS1"
1.5686012257872e-05,0.510446080723872,0.288,0.19,0.398220793190597,"8","SLC35F5"
2.96082736762498e-05,0.504640827910366,0.257,0.165,0.751665243818953,"8","SMAD9"
5.5302356587836e-05,0.524131389908971,0.302,0.214,1,"8","KATNAL1"
0.000410240816881706,0.500076045477754,0.251,0.177,1,"8","MUS81"
7.863651981198e-140,2.31061992665929,0.782,0.188,1.99634532846674e-135,"9","TK1"
3.38135479126169e-129,2.14132679593859,0.821,0.229,8.58424540857605e-125,"9","BIRC5"
1.32896716567258e-118,2.53241335785761,0.611,0.127,3.37384894349298e-114,"9","CDC20"
7.4173561418549e-116,2.11375011456307,0.716,0.172,1.8830442037327e-111,"9","ANLN"
1.1667866761708e-112,2.33649293074439,0.551,0.102,2.96212133479482e-108,"9","SHCBP1"
1.48003994179466e-106,2.35203719112803,0.54,0.105,3.7573774002341e-102,"9","CEP55"
8.34450536108561e-106,2.00631183344195,0.747,0.211,2.1184195760188e-101,"9","PBK"
3.31862679367458e-104,1.99668208780597,0.74,0.207,8.42499784110165e-100,"9","DHFR"
1.62778672448649e-103,2.41532861046452,0.551,0.115,4.13246215745386e-99,"9","ZWINT"
8.05290186083236e-102,2.42285815669341,0.477,0.085,2.04439019540951e-97,"9","CENPM"
7.36782921061168e-100,1.93872636238368,0.758,0.236,1.87047080169799e-95,"9","TYMS"
1.64074109606243e-99,2.25015712243937,0.505,0.094,4.1653494205737e-95,"9","NCAPG"
6.99438798572155e-99,1.63203757621072,0.926,0.432,1.77566527793513e-94,"9","STMN1"
1.39235027781701e-95,2.28601032940002,0.565,0.131,3.53475965029405e-91,"9","CDCA3"
3.14519953145604e-95,2.08913288457652,0.667,0.183,7.98471805050744e-91,"9","RRM2"
1.20482645192423e-94,2.3219829767385,0.498,0.099,3.05869291350004e-90,"9","SPC25"
5.05569068293863e-93,2.50385881309289,0.414,0.069,1.28348819367763e-88,"9","GINS2"
5.3985613522807e-93,2.30797980270956,0.463,0.085,1.3705327705035e-88,"9","KIF20A"
1.23159334048589e-90,1.58051487222005,0.877,0.318,3.12664601349154e-86,"9","PCLAF"
5.25727289609294e-89,1.9199222640842,0.663,0.181,1.33466387013111e-84,"9","MKI67"
2.32026141935269e-87,2.21389999512913,0.495,0.104,5.89044766531068e-83,"9","CCNA2"
2.38485187586439e-86,2.18918676761254,0.544,0.13,6.05442345725694e-82,"9","TACC3"
4.5806798331921e-86,1.94742235790785,0.705,0.226,1.16289718925248e-81,"9","CCNB1"
6.83958779595388e-86,2.01062084697636,0.547,0.125,1.73636615375881e-81,"9","DLGAP5"
4.28064598260057e-85,2.2749175681653,0.453,0.089,1.08672759560281e-80,"9","KNL1"
7.15607723500125e-84,2.45815268083311,0.351,0.054,1.81671332764977e-79,"9","CLSPN"
4.75003908632042e-83,2.54154651495284,0.351,0.055,1.20589242284416e-78,"9","TCF19"
4.79087373856278e-83,1.84769030682264,0.709,0.228,1.21625911600893e-78,"9","TPX2"
3.81816542207992e-82,1.95154076867455,0.575,0.144,9.6931765570343e-78,"9","NUF2"
4.87782609880043e-81,2.19643995491427,0.453,0.093,1.23833371170246e-76,"9","LMNB1"
1.15358812168388e-80,2.11555343308261,0.512,0.118,2.92861416451888e-76,"9","DEPDC1"
1.92208287117091e-80,0.931744920324532,0.979,0.794,4.87959178504159e-76,"9","H2AFZ"
4.77787272149307e-80,2.1384774938796,0.456,0.093,1.21295854780545e-75,"9","CENPU"
6.0015062331321e-79,2.09266958492353,0.533,0.133,1.52360238740525e-74,"9","NDC80"
7.00700194244671e-78,1.85358773751192,0.579,0.149,1.77886758312895e-73,"9","DIAPH3"
1.95864821727803e-77,2.4628373598258,0.354,0.06,4.97242022920373e-73,"9","ASF1B"
5.23854408893886e-77,1.7733568686977,0.635,0.179,1.32990918785891e-72,"9","CENPW"
7.75109376200982e-77,1.97412756468745,0.544,0.137,1.96777017336143e-72,"9","KIFC1"
2.04114457980764e-76,2.17049165846867,0.446,0.094,5.18185374475766e-72,"9","BUB1B"
3.88839572683e-76,2.01265914855897,0.516,0.126,9.87147023170333e-72,"9","TRIP13"
6.56518003214567e-76,1.65425190859745,0.747,0.266,1.66670225476082e-71,"9","PRC1"
2.63107321908002e-75,1.85576911539646,0.625,0.184,6.67950558127843e-71,"9","CKAP2"
4.85391481538173e-75,2.34974123612416,0.361,0.064,1.23226335418096e-70,"9","SKA1"
1.24463995779854e-74,1.88145525288889,0.561,0.146,3.15976746086314e-70,"9","RNASEH2A"
9.72957357353263e-74,1.88001154299771,0.568,0.152,2.47004684311273e-69,"9","MAD2L1"
2.13865987626535e-72,2.15316672222898,0.435,0.093,5.42941582787484e-68,"9","SPC24"
3.29806838883705e-72,2.27897113248177,0.33,0.055,8.37280621874063e-68,"9","GINS1"
1.83535247334955e-71,1.56695394341888,0.765,0.292,4.65940932409251e-67,"9","JPT1"
1.18365066866923e-70,1.9850810444775,0.432,0.092,3.00493395255057e-66,"9","SKA3"
9.64162415183423e-70,1.6237758034823,0.663,0.212,2.44771912342615e-65,"9","CDKN3"
1.11513205267538e-69,1.62109953494138,0.709,0.247,2.83098574212698e-65,"9","NUSAP1"
1.45282605368455e-69,1.76483530518962,0.565,0.154,3.68828950248896e-65,"9","SGO2"
1.57844560574153e-69,2.0037347258408,0.519,0.139,4.00719985929601e-65,"9","SDC1"
2.51219817529138e-69,2.49275356522595,0.309,0.051,6.37771750761223e-65,"9","RAD51"
6.1548125435907e-69,1.42705345305847,0.842,0.379,1.56252226044137e-64,"9","PTTG1"
1.31182350888072e-68,1.59779840233299,0.716,0.259,3.33032634199548e-64,"9","TMPO"
1.0851490995584e-67,1.74575870818421,0.596,0.178,2.7548680190489e-63,"9","KIF20B"
1.89671010712233e-67,1.57454649800245,0.684,0.228,4.81517794895145e-63,"9","TMEM106C"
1.93902807025154e-67,1.47700098460484,0.74,0.26,4.92261056194759e-63,"9","PRR11"
2.14943681245735e-67,1.71116508205739,0.635,0.204,5.45677523578548e-63,"9","HMMR"
5.36131937719339e-67,1.77705574474568,0.533,0.144,1.36107815028809e-62,"9","RACGAP1"
6.17707226314701e-67,1.10704868026904,0.958,0.602,1.56817333544513e-62,"9","ID3"
6.78178427581484e-66,2.28058494795663,0.34,0.064,1.72169157410111e-61,"9","NCAPH"
1.28361940390942e-65,1.53105323600871,0.691,0.24,3.25872458070485e-61,"9","DTYMK"
3.28100133456648e-65,1.91547101734095,0.481,0.123,8.32947808806393e-61,"9","KIF4A"
3.98155846238699e-65,1.9380686910656,0.456,0.111,1.01079824684619e-60,"9","KIF11"
3.66548356367211e-64,1.98956734828505,0.442,0.105,9.30556312309438e-60,"9","BUB1"
5.07424239510416e-64,1.40426979161289,0.782,0.301,1.28819791684509e-59,"9","SKA2"
6.41853300100251e-64,1.45052903120613,0.775,0.324,1.62947297296451e-59,"9","TUBB4B"
8.50936393619418e-64,1.61793603543136,0.625,0.198,2.16027222248162e-59,"9","ATOH8"
1.06246920062567e-63,2.20821247580028,0.337,0.064,2.69729055962839e-59,"9","ORC6"
5.00356259919411e-62,1.79856700413293,0.505,0.139,1.27025443705741e-57,"9","CKAP2L"
6.93889600843002e-62,1.59068462446881,0.621,0.202,1.76157752966013e-57,"9","WDR34"
7.25260051509562e-62,1.74665325309802,0.526,0.148,1.84121769276733e-57,"9","CCNB2"
8.66973916972876e-62,2.0358806293112,0.386,0.084,2.20098668301904e-57,"9","CDCA5"
9.50648773771014e-62,2.00044100650188,0.393,0.087,2.41341204197247e-57,"9","PIMREG"
2.3124349731032e-61,1.54559823416246,0.737,0.311,5.8705786662171e-57,"9","PCNA"
3.51582447830345e-60,1.82925198483432,0.512,0.15,8.92562360306898e-56,"9","CENPE"
4.69031275415266e-60,1.90312868518961,0.432,0.105,1.19072969889674e-55,"9","SPAG5"
5.08663978233768e-60,1.7825485284826,0.484,0.129,1.29134524154207e-55,"9","MCM5"
1.86832703320094e-59,1.92356813740788,0.428,0.105,4.74312183918722e-55,"9","LRR1"
5.60753861282258e-59,1.47176066184744,0.691,0.255,1.42358582763727e-54,"9","TFDP1"
9.69520519147303e-59,2.34546619950536,0.295,0.054,2.46132174195926e-54,"9","FAM83D"
1.13109425236055e-58,1.49510092086526,0.691,0.264,2.87150897846773e-54,"9","CENPF"
7.83434094102194e-58,1.53311858896879,0.632,0.215,1.98890413469724e-53,"9","CCDC34"
2.61253407298929e-57,2.15249967450914,0.354,0.078,6.6324402510979e-53,"9","KIF23"
3.58174501792788e-57,1.6062493844021,0.579,0.185,9.09297607701352e-53,"9","LMO7"
3.93629607135322e-57,2.00715002559424,0.361,0.08,9.99307483634441e-53,"9","POC1A"
5.087667777691e-57,1.87713402144518,0.428,0.109,1.29160621872241e-52,"9","AURKB"
5.70966377118065e-57,1.75800705697471,0.46,0.122,1.44951234158963e-52,"9","GTSE1"
8.70347397820036e-57,1.58634107923107,0.568,0.181,2.20955093884572e-52,"9","MCM3"
1.29818988755555e-56,2.0276472027622,0.432,0.116,3.29571466753727e-52,"9","CDCA8"
2.83029550970251e-56,1.59205950069748,0.656,0.25,7.18527121048177e-52,"9","H2AFX"
4.10940059096473e-56,1.78193992654744,0.446,0.116,1.04325352802822e-51,"9","NCAPG2"
7.10514463336346e-56,1.79065629403131,0.439,0.114,1.80378306807198e-51,"9","RAD51AP1"
7.26073499947339e-56,1.56718994573538,0.537,0.158,1.84328279431631e-51,"9","AC097263.1"
8.15017134162768e-55,1.70458371956109,0.456,0.122,2.06908399849902e-50,"9","TTK"
9.00712931659059e-55,1.69890772029637,0.526,0.163,2.28663991960285e-50,"9","SPDL1"
4.26692386603217e-54,1.5619765691802,0.653,0.25,1.08324396186959e-49,"9","KPNA2"
4.35670230538474e-54,1.44412271295657,0.653,0.245,1.10603601426802e-49,"9","LMNB2"
9.83525461436651e-54,1.400025527871,0.698,0.279,2.49687608894923e-49,"9","MCM7"
2.07743868688979e-53,1.35413787007919,0.691,0.261,5.27399359440711e-49,"9","FANCG"
4.91261970181114e-53,1.7423679813997,0.432,0.115,1.24716676369879e-48,"9","CIP2A"
7.4688658597975e-53,1.7755833956242,0.446,0.124,1.89612097582679e-48,"9","KIF2C"
7.57806937439099e-53,1.23227019658612,0.8,0.356,1.92384447207664e-48,"9","SAE1"
8.43329024725873e-53,1.87739755541961,0.351,0.079,2.14095939507157e-48,"9","MELK"
1.16437825629667e-52,1.43031050002146,0.582,0.189,2.95600707926035e-48,"9","PHF19"
1.39099754205489e-52,1.65364650306085,0.516,0.159,3.53132546001475e-48,"9","CENPK"
1.615669486775e-52,1.17484604752555,0.828,0.386,4.10170012607569e-48,"9","RANBP1"
3.00468240995492e-52,1.83726695086539,0.372,0.088,7.62798723415256e-48,"9","FANCI"
3.81688039055869e-52,1.19919830682266,0.828,0.418,9.68991424751133e-48,"9","SMC4"
5.9565979010373e-52,1.47912714706073,0.656,0.264,1.51220150913634e-47,"9","MCM4"
7.32552290655461e-52,1.53138015816171,0.568,0.194,1.85973050028702e-47,"9","ATAD2"
1.62477040582733e-51,0.715969660126877,0.972,0.772,4.12480462927384e-47,"9","DUT"
3.43169971488241e-51,1.60060556629411,0.474,0.136,8.71205606617197e-47,"9","CDT1"
4.45165284218721e-51,1.218672051412,0.758,0.339,1.13014110704607e-46,"9","DNMT1"
4.90893959045724e-51,1.54920908659446,0.502,0.151,1.24623249382938e-46,"9","ECT2"
1.02807185169097e-50,1.89727682127628,0.33,0.073,2.60996600988785e-46,"9","NEK2"
1.19869969124897e-50,1.82386050092196,0.358,0.084,3.04313890617376e-46,"9","LIG1"
1.24131322851475e-50,2.00289174302789,0.305,0.064,3.15132189323039e-46,"9","AL365203.2"
1.25460982952515e-50,1.74660193969155,0.467,0.14,3.1850779742155e-46,"9","FEN1"
1.81947955330711e-50,1.6420289759744,0.474,0.142,4.61911274198075e-46,"9","TMEM97"
4.72361218046829e-50,1.33597296218916,0.653,0.243,1.19918342425548e-45,"9","NSD2"
6.36818022961631e-50,1.67282187201453,0.53,0.179,1.61668991489269e-45,"9","AURKA"
7.38159742712616e-50,1.4302580599409,0.586,0.203,1.87396613882452e-45,"9","HMGB3"
9.34452286405511e-50,1.50157944739639,0.554,0.188,2.37229401949767e-45,"9","CHEK1"
1.76042699481365e-49,1.40566779310566,0.593,0.206,4.4691960117334e-45,"9","ZWILCH"
5.25074399323496e-49,1.43295466443119,0.593,0.209,1.33300637756256e-44,"9","MCM6"
4.62451285604189e-48,2.00466192069494,0.361,0.093,1.17402507876335e-43,"9","PLK1"
2.39777238551116e-47,1.54915816101399,0.463,0.137,6.08722475509718e-43,"9","TROAP"
4.90514891138175e-47,1.92997199386639,0.435,0.134,1.24527015413248e-42,"9","CD248"
6.73897740696724e-47,1.97283995352907,0.253,0.048,1.71082419430677e-42,"9","PRADC1"
8.69449186754617e-47,1.17824605226041,0.758,0.336,2.20727065041395e-42,"9","LSM4"
1.91496319630802e-46,1.48900225954195,0.516,0.17,4.86151706646718e-42,"9","CENPH"
2.40077046297485e-46,1.19278732717072,0.726,0.309,6.09483597435425e-42,"9","ICMT"
2.5525038901259e-46,1.24520407134438,0.677,0.265,6.48004162586263e-42,"9","PRPS1"
3.28401801418019e-46,1.26313719739232,0.656,0.254,8.33713653259925e-42,"9","NUDT1"
3.49016238303018e-46,1.01716632147068,0.884,0.457,8.86047524179872e-42,"9","HNRNPAB"
4.24256097953202e-46,1.41786737427585,0.54,0.181,1.07705895587379e-41,"9","RPL39L"
1.58740182261158e-45,2.13635170006435,0.277,0.059,4.02993700706403e-41,"9","KIF18B"
2.42424632526631e-45,1.94420116571301,0.274,0.057,6.15443414595359e-41,"9","E2F1"
3.3353340232604e-45,1.19955628937523,0.74,0.325,8.46741248485119e-41,"9","PHGDH"
4.33933313790621e-45,1.71271723867839,0.393,0.11,1.10162650372025e-40,"9","BRCA1"
5.1581079574355e-45,1.96336282178126,0.302,0.069,1.30948886715415e-40,"9","CENPN"
2.73970012434709e-44,1.26940080465592,0.66,0.266,6.95527670567996e-40,"9","NCAPD2"
2.7966159787097e-44,1.02443731781508,0.828,0.39,7.09976898515031e-40,"9","ID1"
3.10902000671059e-44,1.42474712314398,0.625,0.253,7.89286909103617e-40,"9","LOXL1"
4.46694384429138e-44,1.2777823741785,0.66,0.269,1.13402303375025e-39,"9","RPL22L1"
4.69225636513622e-44,1.17267317639175,0.768,0.385,1.19122312341713e-39,"9","TOP2A"
5.72529622316117e-44,1.03655456185514,0.828,0.464,1.45348095217393e-39,"9","RRM1"
9.3530136923792e-44,1.74873688187245,0.344,0.088,2.37444958608431e-39,"9","WDR76"
6.77526115041611e-43,1.48264299022676,0.495,0.17,1.72003554825614e-38,"9","ASPM"
8.07365527743582e-43,1.50817306879631,0.54,0.202,2.04965886528263e-38,"9","CDK1"
8.41844521789446e-43,1.52985643146088,0.354,0.092,2.13719068746687e-38,"9","DCK"
1.13807354029768e-42,1.39386161723314,0.523,0.181,2.88922729675373e-38,"9","KIF22"
2.00015746920272e-42,1.40784405596872,0.502,0.169,5.07779976706494e-38,"9","FN3KRP"
2.78821629519402e-42,1.59431266925848,0.4,0.117,7.07844470860907e-38,"9","TIMELESS"
1.72182480392964e-41,1.6687741278624,0.354,0.097,4.37119662973618e-37,"9","HELLS"
2.01050151400546e-41,1.7553397473276,0.344,0.093,5.10406019360567e-37,"9","ARHGAP11A"
2.79200899474991e-41,1.60960783385772,0.407,0.123,7.08807323497161e-37,"9","MCM2"
3.71390025688845e-41,1.35844407429601,0.481,0.156,9.42847858216271e-37,"9","NRM"
2.24957848868747e-40,1.05667888038763,0.751,0.343,5.71100490923089e-36,"9","GLIPR1"
5.76930349208297e-40,0.805005456678636,0.947,0.6,1.4646530775351e-35,"9","H2AFV"
6.9061779337624e-40,1.56840903722604,0.407,0.125,1.75327139204426e-35,"9","FBXO5"
7.56963454500844e-40,1.5834497387849,0.404,0.124,1.92170312194129e-35,"9","AC092718.4"
9.54499752218243e-40,1.88234854081725,0.277,0.065,2.42318852095645e-35,"9","MND1"
1.14400384626864e-39,1.04650483250275,0.842,0.515,2.9042825645222e-35,"9","HMGB2"
2.39297193923639e-39,1.29912671170946,0.547,0.204,6.07503786213942e-35,"9","DCTPP1"
3.02207403086266e-39,0.993131821057101,0.828,0.491,7.67213934215102e-35,"9","CKS1B"
3.64475364199444e-39,1.07256265567303,0.772,0.387,9.25293607093128e-35,"9","SNHG3"
4.96128860188787e-39,1.09908145906884,0.73,0.356,1.25952233736127e-34,"9","SMC2"
5.35442323103095e-39,1.20075187000221,0.607,0.247,1.35932742566183e-34,"9","TUBG1"
7.69386448522846e-39,0.983337211973012,0.818,0.426,1.95324137686495e-34,"9","RANGAP1"
1.79795964889869e-38,1.20345967211614,0.628,0.259,4.56448016065909e-34,"9","ACOT7"
2.52795729056526e-38,1.18015861748919,0.533,0.193,6.41772517355802e-34,"9","SMAD6"
3.01486697138648e-38,1.31205124786471,0.477,0.163,7.65384278025886e-34,"9","MAT2A"
3.29816743246916e-38,1.26347159714791,0.519,0.187,8.37305766080946e-34,"9","NT5DC2"
8.97987475750298e-38,1.51617503421214,0.414,0.134,2.27972080468728e-33,"9","RFC3"
1.9786275597897e-37,1.0586875928659,0.681,0.297,5.02314178603812e-33,"9","CENPX"
4.66101331407447e-37,1.05553205497178,0.716,0.351,1.18329145004409e-32,"9","PARP1"
5.33340805997035e-37,1.84456599630671,0.263,0.062,1.35399230418467e-32,"9","HYLS1"
5.80975619783797e-37,1.62960151322897,0.372,0.115,1.47492280594513e-32,"9","KIF14"
1.34572603142532e-36,1.82870780016412,0.256,0.06,3.41639467597947e-32,"9","PRIM1"
1.52592075930811e-36,1.45880895207725,0.4,0.127,3.8738550316555e-32,"9","HJURP"
1.58752556179247e-36,1.67784560964495,0.284,0.072,4.03025114372255e-32,"9","MCM8"
1.62461974840704e-36,1.50238422952558,0.34,0.096,4.12442215528096e-32,"9","CEP78"
4.17068718954798e-36,1.55108375334412,0.277,0.068,1.05881235681055e-31,"9","TOR3A"
5.16643915256678e-36,1.32818300180773,0.47,0.167,1.31160390766213e-31,"9","RFC4"
5.24133509124916e-36,0.98639319384277,0.807,0.479,1.33061773961542e-31,"9","CKS2"
1.0031312292114e-35,0.975164272404993,0.775,0.408,2.54664925159899e-31,"9","YWHAH"
1.37171958993721e-35,1.7480377031209,0.281,0.072,3.48238452297359e-31,"9","CENPA"
1.94272013726325e-35,1.12196023000374,0.621,0.262,4.93198361247021e-31,"9","REEP4"
1.94935511806975e-35,1.34296585823995,0.439,0.149,4.94882783824366e-31,"9","EZH2"
2.32109192273314e-35,1.23591614045668,0.47,0.165,5.89255606424261e-31,"9","IMPA2"
2.88020575974744e-35,1.05155295103372,0.646,0.278,7.31197836227082e-31,"9","BCL2L12"
4.6985957426748e-35,1.07923078775934,0.646,0.287,1.19283250119285e-30,"9","HMGN2"
7.81584028914555e-35,0.750249458163219,0.937,0.604,1.98420737420538e-30,"9","NME1"
1.36070570449156e-34,0.93932595817034,0.796,0.426,3.45442357199273e-30,"9","MAP1B"
5.28480285457966e-34,1.22520549599193,0.481,0.175,1.34165290069214e-29,"9","GAS2L1"
6.01908662492473e-34,1.14410696241558,0.554,0.223,1.52806552146964e-29,"9","C20orf27"
7.00360189512319e-34,1.41323558344937,0.386,0.126,1.77800441311492e-29,"9","RHNO1"
9.22063677469506e-34,0.769852696426726,0.912,0.577,2.34084305799184e-29,"9","NQO1"
1.7856367302392e-33,1.71042519961351,0.302,0.084,4.53319596705825e-29,"9","VRK1"
2.81298572359222e-33,1.83187586319625,0.302,0.088,7.14132685648358e-29,"9","RPL10P6"
2.82486035779403e-33,1.56644854264132,0.323,0.095,7.1714729903317e-29,"9","RMI1"
5.68317676179401e-33,1.01853546609761,0.663,0.309,1.44278808451665e-28,"9","CSE1L"
6.07516815790008e-33,1.5916104704916,0.27,0.07,1.54230294024609e-28,"9","KIF15"
1.39257487924e-32,0.730845467398651,0.909,0.621,3.53532984592659e-28,"9","TUBB6"
1.61378507156409e-32,1.54634527052803,0.267,0.068,4.09691616117977e-28,"9","SAC3D1"
1.66226655274326e-32,0.624613695721307,0.933,0.719,4.21999609744932e-28,"9","POLR2L"
1.95324977915338e-32,1.59902696849746,0.337,0.106,4.95871521433668e-28,"9","DBF4"
2.73207362102422e-32,1.01707575994984,0.66,0.308,6.93591530169418e-28,"9","DDX39A"
3.13088477467524e-32,1.11198023315145,0.554,0.228,7.94837717746803e-28,"9","MTHFD1"
3.82617358711954e-32,0.815174279778402,0.849,0.47,9.71350688562037e-28,"9","SRSF1"
4.82993462337493e-32,0.856081997117253,0.825,0.435,1.22617550283619e-27,"9","NOP56"
9.09763582610456e-32,0.797460986593049,0.881,0.553,2.30961680717317e-27,"9","RBM3"
1.24156783057897e-31,0.588516810070377,0.972,0.74,3.15196825149082e-27,"9","DRAP1"
1.56149095552731e-31,1.28832611868373,0.428,0.154,3.96415708879717e-27,"9","TMEM19"
1.69669752553377e-31,0.951347191820882,0.723,0.354,4.30740600807257e-27,"9","C12orf75"
2.00689598869165e-31,0.900356776590362,0.751,0.376,5.09490684649149e-27,"9","COMMD4"
2.27584959242745e-31,1.11019147124744,0.558,0.234,5.77769936029558e-27,"9","JPT2"
2.52638188056965e-31,1.16241212030382,0.484,0.185,6.41372568020217e-27,"9","RANP1"
3.36096822911261e-31,0.679392995128229,0.94,0.629,8.53249004324819e-27,"9","HMGB1P5"
4.39309603024546e-31,1.68514247369007,0.281,0.079,1.11527528919841e-26,"9","CDC6"
4.73197959211297e-31,1.18403932836016,0.411,0.14,1.20130765904972e-26,"9","NIPSNAP3A"
7.95628576338409e-31,0.897324256714548,0.782,0.416,2.01986226675032e-26,"9","ERLIN1"
1.02779710158024e-30,1.40878740845241,0.344,0.11,2.60926850178176e-26,"9","ELOVL6"
1.37850553223918e-30,0.873154648633415,0.709,0.331,3.49961199469561e-26,"9","GGH"
1.4517328730425e-30,0.592767748880678,0.958,0.726,3.68551424479301e-26,"9","TPM2"
3.11584054173893e-30,1.78367591730575,0.253,0.068,7.91018438331262e-26,"9","CCNF"
3.16722793117514e-30,1.15463034380424,0.411,0.144,8.04064154887433e-26,"9","PPIL1"
3.24101778723515e-30,1.20922842625588,0.396,0.138,8.22797185645387e-26,"9","ENDOD1"
5.15872197628825e-30,1.38583205433856,0.379,0.131,1.3096447481203e-25,"9","SH2D4A"
6.23629668745428e-30,1.55393298974244,0.26,0.07,1.58320864004402e-25,"9","FANCD2"
9.5827463056098e-30,0.502282541394692,0.989,0.805,2.43277180460516e-25,"9","PLP2"
1.17095282231926e-29,1.07228005520485,0.561,0.247,2.97269793002191e-25,"9","ITGB3BP"
1.25290932886166e-29,0.8870796876997,0.709,0.343,3.18076091318111e-25,"9","AMD1"
2.14041361257579e-29,0.936865063977175,0.632,0.287,5.43386803824615e-25,"9","COPS3"
2.57619520236948e-29,0.888267172477788,0.695,0.342,6.54018676025539e-25,"9","SIGMAR1"
3.00065255842531e-29,1.09232126000346,0.53,0.227,7.61775665007433e-25,"9","MIS18A"
3.43370661647053e-29,1.64022554946669,0.263,0.073,8.71715098723373e-25,"9","PARPBP"
3.92975182774661e-29,1.40778881386766,0.284,0.082,9.97646096510031e-25,"9","NCAPD3"
4.59643836469192e-29,1.45220310018125,0.316,0.099,1.16689780764434e-24,"9","SNRNP25"
6.58560320327235e-29,0.904834359799246,0.674,0.32,1.67188708521475e-24,"9","PPIH"
8.58153576977083e-29,1.46460010870869,0.326,0.106,2.17859448587172e-24,"9","KNSTRN"
9.52768688869334e-29,0.768715715205017,0.856,0.497,2.41879387043258e-24,"9","SRSF2"
1.23298312512927e-28,0.930820630736361,0.625,0.278,3.13017425976567e-24,"9","NCLN"
2.11285650178811e-28,1.3548356788592,0.358,0.123,5.36390880108947e-24,"9","RFC2"
2.33651771346862e-28,1.22542602364802,0.453,0.181,5.93171751918278e-24,"9","DSN1"
2.6490188578123e-28,1.15868104624364,0.407,0.147,6.72506417432808e-24,"9","MGME1"
3.06266018227472e-28,1.42504088675072,0.288,0.085,7.77517540474083e-24,"9","ESPL1"
4.4754868016363e-28,1.06686724530833,0.498,0.206,1.13619183433141e-23,"9","KMT5A"
7.00831328653908e-28,1.21115371946032,0.358,0.121,1.77920049405368e-23,"9","HMGN2P5"
7.61411486246682e-28,0.865193973218017,0.761,0.412,1.93299534013445e-23,"9","RPA3"
7.96283206963827e-28,1.35801853692253,0.305,0.096,2.02152417751907e-23,"9","PSRC1"
8.18434800698268e-28,0.951556389620967,0.6,0.271,2.07776042853269e-23,"9","CCND3"
9.28893466010893e-28,1.14798512880003,0.361,0.123,2.35818184216185e-23,"9","JADE1"
1.09383400237428e-27,1.27231652334136,0.333,0.11,2.7769163818276e-23,"9","MSH2"
1.18146536008771e-27,0.954252238152801,0.625,0.291,2.99938610965468e-23,"9","AC106795.1"
1.22791328499978e-27,0.925710735093923,0.586,0.258,3.11730345662895e-23,"9","BCL7C"
1.51456276790671e-27,1.24412381146968,0.365,0.129,3.84502049888476e-23,"9","VGLL3"
1.63326363826154e-27,0.811121510143953,0.796,0.436,4.14636639845457e-23,"9","RBBP7"
1.7554902420204e-27,1.2240860318411,0.411,0.155,4.45666307741718e-23,"9","CDCA4"
2.15700228011847e-27,1.70014417795474,0.27,0.082,5.47598168853676e-23,"9","PEG10"
3.05171711516169e-27,1.34624819093943,0.277,0.082,7.74739424026098e-23,"9","CASP6"
3.40121368316923e-27,0.987092538508567,0.484,0.194,8.63466117746172e-23,"9","THOP1"
5.12725629563966e-27,1.26320069195068,0.347,0.121,1.30165655577404e-22,"9","NEXN"
5.23176649617091e-27,0.815193671381118,0.751,0.406,1.32818856038291e-22,"9","CDC25B"
6.17297386976445e-27,0.555218721878016,0.968,0.719,1.5671328763171e-22,"9","CUTA"
9.57023296223708e-27,1.25326323584664,0.365,0.131,2.42959504212313e-22,"9","ARMC6"
1.5420586842579e-26,1.40671833302438,0.309,0.102,3.91482438172553e-22,"9","CHAF1A"
2.32762689286815e-26,1.25460306803696,0.305,0.097,5.90914639292436e-22,"9","EBP"
2.59307405518762e-26,0.616440641880644,0.919,0.65,6.58303710390482e-22,"9","HACD3"
3.13543134811861e-26,0.815567088797833,0.751,0.411,7.95991956346871e-22,"9","CDC42EP1"
5.01462619500796e-26,1.29529451652236,0.344,0.122,1.27306315212667e-21,"9","TEX30"
5.30204845388405e-26,1.2866594939872,0.34,0.118,1.34603104098754e-21,"9","HTRA3"
5.7132589823467e-26,0.883042541284429,0.558,0.241,1.45042505784836e-21,"9","PIGX"
7.40761141706338e-26,0.58884684285311,0.916,0.68,1.88057031044988e-21,"9","SFPQ"
1.08960841151099e-25,0.84927180030225,0.632,0.296,2.76618887430296e-21,"9","NAXE"
1.25854621974574e-25,1.28437326255242,0.347,0.123,3.1950712880685e-21,"9","ARL6IP1P3"
1.29108190880388e-25,0.808046393682923,0.719,0.37,3.2776696418804e-21,"9","DCTN3"
1.48631279125218e-25,0.990100177951166,0.632,0.328,3.77330228315192e-21,"9","CDKN2C"
1.48814019681533e-25,0.949926877564398,0.554,0.25,3.77794151765509e-21,"9","ALDH7A1"
1.48912860112457e-25,0.826168109667298,0.726,0.397,3.78045077967494e-21,"9","CKAP5"
1.85730895816423e-25,0.810654876059817,0.702,0.355,4.71515025209152e-21,"9","KPNA3"
2.03902791484903e-25,0.885907071390693,0.505,0.212,5.17648016742722e-21,"9","TOPBP1"
2.07725242908605e-25,1.0215307272008,0.477,0.2,5.27352074172075e-21,"9","ITGAE"
2.64817273292446e-25,0.727547887445811,0.828,0.493,6.72291611707532e-21,"9","SRSF7"
2.8366153707471e-25,1.27549976209209,0.281,0.087,7.20131544171567e-21,"9","WDHD1"
3.05325399418772e-25,0.800829684833191,0.568,0.246,7.75129591504436e-21,"9","MFSD14B"
3.11631877950044e-25,0.857242932860347,0.653,0.316,7.91139848551777e-21,"9","TMEM14A"
3.62770154171549e-25,0.51049621329883,0.965,0.751,9.20964590395311e-21,"9","ACTN4"
3.79250539769428e-25,1.17896567084395,0.351,0.125,9.62803345312647e-21,"9","CIT"
4.38392863022644e-25,0.589295933927412,0.94,0.711,1.11294796135559e-20,"9","CYR61"
4.64622048608635e-25,1.23531647856041,0.284,0.091,1.17953599480274e-20,"9","FAM213B"
6.82958551804026e-25,0.979493673154214,0.53,0.24,1.73382687546488e-20,"9","CMC2"
7.16506513065791e-25,1.16340448324844,0.344,0.122,1.81899508472012e-20,"9","BRI3BP"
9.44772242433195e-25,1.26640139197084,0.361,0.134,2.39849329186515e-20,"9","MEOX2"
1.00407809440802e-24,0.973069934983853,0.516,0.23,2.54905305827364e-20,"9","CDK2"
1.69305934858867e-24,0.902253806463008,0.544,0.239,4.29816976826205e-20,"9","SEPHS1"
2.15611353169904e-24,1.1157016866012,0.354,0.128,5.47372542292435e-20,"9","CTPS1"
2.42273448261022e-24,1.52657782062802,0.256,0.079,6.15059603100255e-20,"9","GAS2L3"
2.46587282698267e-24,0.894842649287167,0.628,0.314,6.26011134586091e-20,"9","MZT1"
2.57230139943584e-24,0.726989976338251,0.828,0.5,6.53030156274777e-20,"9","CALM3"
2.65756505493918e-24,0.797870455778362,0.733,0.399,6.74676040497408e-20,"9","HMGB1P6"
2.99832210987136e-24,0.949271955756337,0.456,0.187,7.61184034033042e-20,"9","HAUS1"
3.30049852669142e-24,1.13224192128232,0.33,0.116,8.3789756097115e-20,"9","LBR"
3.54332016701518e-24,1.02713719902011,0.435,0.177,8.99542690800143e-20,"9","FDXR"
3.70867452605359e-24,0.77565394813398,0.649,0.317,9.41521201929224e-20,"9","MLH1"
4.47513171172961e-24,1.04602745443756,0.421,0.167,1.1361016876568e-19,"9","NDC1"
4.50713371591689e-24,1.02092704587709,0.442,0.182,1.14422603645982e-19,"9","TMEM237"
8.13159068935902e-24,0.952209403894414,0.491,0.213,2.06436692830758e-19,"9","ATAD3A"
9.08054455517991e-24,0.884524879607714,0.554,0.253,2.30527784622353e-19,"9","NCS1"
1.01500827511168e-23,0.99921921799236,0.509,0.234,2.57680150802602e-19,"9","HINT2"
1.1192818818516e-23,1.51036605493631,0.33,0.123,2.84152091345666e-19,"9","KRT7"
1.13751722565933e-23,0.890387896890414,0.502,0.217,2.88781498078133e-19,"9","NUP37"
1.36462166877085e-23,0.937980391868679,0.554,0.267,3.46436503050856e-19,"9","ALCAM"
1.37630282034133e-23,0.692723473706277,0.853,0.516,3.49401997000053e-19,"9","TUBA1A"
1.4260812194006e-23,1.05498516937834,0.537,0.262,3.6203923916923e-19,"9","ELP5"
1.54736706427284e-23,0.628318447191894,0.891,0.612,3.92830076606945e-19,"9","CBX5"
1.73624355696472e-23,1.03166868822005,0.432,0.179,4.40780151806634e-19,"9","IQGAP3"
1.92577395675615e-23,1.42619195974863,0.34,0.128,4.88896234401685e-19,"9","PDK4"
2.14574222491398e-23,0.791039191922447,0.663,0.331,5.44739578638913e-19,"9","KIF1BP"
2.28118784401486e-23,0.77166324066043,0.705,0.38,5.79125157960052e-19,"9","ADI1"
3.13790190317453e-23,0.879546104666717,0.537,0.245,7.96619156158919e-19,"9","PMVK"
3.948542147726e-23,0.610142042129354,0.912,0.628,1.0024163950432e-18,"9","IKBIP"
4.48862207055372e-23,1.16562320696373,0.354,0.135,1.13952648505147e-18,"9","WNT5B"
4.64674522593397e-23,1.15611883843645,0.295,0.099,1.17966921050786e-18,"9","CCNQ"
4.80736239274233e-23,0.992625109515494,0.484,0.213,1.2204450906455e-18,"9","CISD3"
6.63242369529649e-23,0.958661124221922,0.509,0.234,1.68377340352492e-18,"9","SLC2A4RG"
8.821473166031e-23,0.672177495933963,0.825,0.477,2.23950739266029e-18,"9","POLD2"
9.9013901762395e-23,0.71433525193915,0.765,0.445,2.51366592404192e-18,"9","CACYBP"
9.94825039733185e-23,0.715919437320917,0.779,0.44,2.52556232837064e-18,"9","CBX1"
1.25111030495707e-22,1.01080751087697,0.446,0.194,3.17619373119451e-18,"9","G2E3"
1.3384140932778e-22,1.09363890532422,0.351,0.132,3.39783185860434e-18,"9","GPX1P1"
1.36829492390223e-22,0.933438341143143,0.53,0.252,3.47369032331058e-18,"9","SNHG19"
1.37511195689718e-22,1.05777926036564,0.47,0.212,3.49099672497488e-18,"9","PSAT1"
1.73350889640285e-22,0.982405886732304,0.354,0.132,4.40085903529791e-18,"9","NUP93"
1.97123336264e-22,1.23945203183401,0.291,0.101,5.00437013773416e-18,"9","CCDC18"
1.98457667816327e-22,0.928589039653623,0.512,0.233,5.03824481285308e-18,"9","RBBP8"
2.07966313887844e-22,0.874261341016788,0.533,0.247,5.27964081067069e-18,"9","QDPR"
2.26132282859629e-22,1.21445770802869,0.27,0.089,5.74082026495741e-18,"9","GAMT"
3.72355253391898e-22,0.693377602002104,0.772,0.452,9.45298281786012e-18,"9","ALYREF"
3.72999565337472e-22,0.833858219652843,0.593,0.288,9.46933996522241e-18,"9","MSRB3"
4.26419390592709e-22,0.712552891554413,0.747,0.418,1.08255090689771e-17,"9","ARPC5L"
4.30938490656503e-22,0.76985461458464,0.639,0.321,1.09402354622966e-17,"9","CFL2"
4.314631548712e-22,0.683454134247595,0.684,0.348,1.09535551127152e-17,"9","HSP90AA2P"
4.4362433125278e-22,0.515356493098048,0.93,0.712,1.12622908975143e-17,"9","DEK"
4.81613320980049e-22,0.953328293295,0.393,0.155,1.22267173797205e-17,"9","OXCT1"
6.3920117058101e-22,0.607516505606892,0.877,0.553,1.62274001175401e-17,"9","CENPB"
7.26053742118314e-22,0.614098120255567,0.87,0.555,1.84323263511576e-17,"9","TRAM2"
7.69851878809596e-22,0.645149403441614,0.874,0.576,1.95442296473392e-17,"9","FHL2"
8.11086634223514e-22,0.622712040728334,0.881,0.56,2.05910563830324e-17,"9","PPM1G"
8.97876947493753e-22,1.23124402899378,0.267,0.089,2.27944020660239e-17,"9","PGP"
9.63299591548337e-22,0.528992034653378,0.961,0.693,2.44552867306376e-17,"9","NDUFS6"
9.64825421488159e-22,0.681226396109422,0.828,0.515,2.44940229753199e-17,"9","CREB3L1"
1.03936259698769e-21,0.942916650307238,0.488,0.22,2.63862982497266e-17,"9","POLR3K"
1.09888846805458e-21,1.04526185204234,0.411,0.173,2.78974815385017e-17,"9","DDAH1"
1.10222152697724e-21,0.740415746095439,0.646,0.319,2.79820979053712e-17,"9","BOLA3"
1.26067216323441e-21,1.19533805459865,0.26,0.085,3.20046842080321e-17,"9","BRCA2"
1.35677270170059e-21,0.637196371333731,0.842,0.505,3.44443885780729e-17,"9","PPA1"
1.51897289677228e-21,0.679066156601246,0.712,0.377,3.8562164930358e-17,"9","LRRC59"
1.58530864511031e-21,0.923489049096024,0.432,0.182,4.02462305734155e-17,"9","SMIM10"
1.62540513652321e-21,0.635358561471337,0.849,0.519,4.12641602009148e-17,"9","NAP1L4"
1.72521241099828e-21,0.727898577010379,0.768,0.466,4.37979674780134e-17,"9","ANP32E"
1.7729336362441e-21,0.557176175235615,0.916,0.626,4.5009466223329e-17,"9","SNRPD1"
2.0430193329206e-21,0.863068799500984,0.418,0.171,5.18661318048554e-17,"9","BAG2"
2.56872566606896e-21,0.633382815097365,0.842,0.529,6.52122384844927e-17,"9","APMAP"
2.98038216223652e-21,1.13189942224143,0.312,0.114,7.56629619526985e-17,"9","COQ2"
3.65325809212613e-21,1.03016889420206,0.389,0.161,9.27452631848061e-17,"9","RFWD3"
4.09939246826045e-21,0.918319121616952,0.33,0.122,1.04071276591728e-16,"9","MICALL1"
4.26648586810254e-21,0.630244537586832,0.898,0.714,1.08313276733519e-16,"9","ARL6IP1"
4.54065883212015e-21,0.797873170132715,0.572,0.28,1.15273705771034e-16,"9","WDR5"
5.36461029119703e-21,0.70307431868746,0.705,0.376,1.36191361462619e-16,"9","ELOVL1"
5.51285590204304e-21,0.780793965604001,0.733,0.426,1.39954872785167e-16,"9","FHL1"
6.58937314421851e-21,0.884724256164343,0.467,0.209,1.67284416012275e-16,"9","MIS18BP1"
6.91323709256968e-21,0.552296088274421,0.919,0.61,1.75506350069066e-16,"9","ILF2"
8.40941612894322e-21,0.845941885577472,0.604,0.323,2.13489847265482e-16,"9","GMNN"
9.84652249692518e-21,0.982579031708488,0.33,0.124,2.4997366662944e-16,"9","ASF1A"
1.06642293748948e-20,0.708174188943378,0.702,0.384,2.70732791140454e-16,"9","FAM98A"
1.07591822136631e-20,0.715946334582649,0.691,0.371,2.73143358858266e-16,"9","TTL"
1.15437446966996e-20,1.01965613964537,0.333,0.126,2.93061046615114e-16,"9","TCTEX1D2"
1.1809066739784e-20,0.667305648996917,0.744,0.409,2.99796777322897e-16,"9","TIMM8B"
1.18553383457998e-20,0.636866718719374,0.8,0.446,3.00971474584819e-16,"9","MRPL41"
1.19835589418068e-20,1.15101471711744,0.305,0.113,3.04226610855648e-16,"9","RALGPS2"
1.20822080449344e-20,0.916040724728446,0.432,0.185,3.06731015636751e-16,"9","AKIP1"
1.23534098012606e-20,0.746287182042641,0.74,0.47,3.13616014624603e-16,"9","CTGF"
1.24553821009979e-20,0.851268814058889,0.495,0.228,3.16204785398035e-16,"9","PHB"
1.31458471665859e-20,0.626960583644998,0.625,0.294,3.33733622018117e-16,"9","NIP7"
1.37909901365177e-20,0.913664515461092,0.389,0.159,3.50111866595775e-16,"9","C19orf48"
1.38204335140516e-20,0.935229823416744,0.404,0.168,3.50859345621228e-16,"9","DOCK5"
1.68244110709444e-20,0.883206421393505,0.481,0.219,4.27121323858065e-16,"9","GIPC1"
1.8026663039659e-20,0.659018369315021,0.772,0.442,4.57642894587824e-16,"9","B4GALT2"
1.88170768520313e-20,0.966254735370908,0.421,0.183,4.77709130042518e-16,"9","PTN"
2.09775192931046e-20,0.782305590561341,0.432,0.18,5.32556282294047e-16,"9","CACYBPP2"
2.20578676159503e-20,0.590083145236904,0.877,0.54,5.5998308516613e-16,"9","CCT5"
2.22256213096833e-20,0.86717218804177,0.414,0.172,5.64241848188929e-16,"9","RRP36"
2.23833255692393e-20,0.94164809698701,0.326,0.122,5.68245486226279e-16,"9","APOO"
2.34451643385055e-20,0.741469242535131,0.498,0.225,5.9520238706164e-16,"9","CYB5R2"
2.39584188389368e-20,0.974173780303378,0.372,0.151,6.08232379064088e-16,"9","GOT1"
3.02415083449167e-20,0.82069539196972,0.519,0.245,7.677411723524e-16,"9","RPA1"
3.50962695720888e-20,0.64168079052339,0.8,0.442,8.90988995626617e-16,"9","HNRNPA1P48"
4.48561075357191e-20,0.810014935420202,0.519,0.245,1.1387620020093e-15,"9","SMPD4"
4.91107998018032e-20,0.927309702681282,0.368,0.148,1.24677587456838e-15,"9","ADAT1"
5.0277003081855e-20,0.61921005745592,0.846,0.519,1.27638227723905e-15,"9","NAA38"
5.28825878114721e-20,0.765207203237722,0.516,0.238,1.34253025676984e-15,"9","GALNT10"
6.28533924444436e-20,1.14718727882432,0.288,0.104,1.59565907398709e-15,"9","TUBA1C"
6.86548292137233e-20,1.04445567305418,0.309,0.115,1.74294014924879e-15,"9","TCHP"
7.75082658491151e-20,0.964472994265331,0.428,0.191,1.96770234511149e-15,"9","GEMIN6"
1.02689680392365e-19,0.831322574547876,0.442,0.192,2.60698291612096e-15,"9","PDCL3"
1.10710916894902e-19,0.659476988264176,0.761,0.435,2.81061804721089e-15,"9","RUVBL2"
1.13049015208344e-19,0.705176167001446,0.677,0.366,2.86997534909424e-15,"9","DCXR"
1.1377832095239e-19,0.68219292095154,0.677,0.356,2.88849023401834e-15,"9","PCBD1"
1.15592068410174e-19,0.732474584179441,0.604,0.311,2.9345358407291e-15,"9","KDELR3"
1.3033863273728e-19,0.745225340170965,0.611,0.318,3.30890686930132e-15,"9","LASP1"
1.39972499486303e-19,0.645008040082079,0.782,0.477,3.55348184445878e-15,"9","ANXA2P2"
1.51274136611227e-19,0.932212804794384,0.396,0.17,3.84039650614921e-15,"9","STK39"
1.53277045923705e-19,0.714842495841856,0.6,0.305,3.8912443648651e-15,"9","POLE4"
1.53281730884464e-19,0.651558120538807,0.737,0.408,3.89136330196388e-15,"9","ANAPC13"
1.68245129959791e-19,0.605290045444703,0.814,0.456,4.27123911428921e-15,"9","SRM"
1.7686710843723e-19,0.995612002187039,0.288,0.104,4.49012528189596e-15,"9","HOXC8"
1.87665117470097e-19,0.914384096494718,0.481,0.229,4.76425433721336e-15,"9","ELP6"
2.23356564446557e-19,1.10742014985525,0.319,0.126,5.67035310160474e-15,"9","NTM"
2.25912633387303e-19,1.03820499453871,0.302,0.114,5.73524402380345e-15,"9","MCUB"
2.52722118250959e-19,0.890013978369634,0.347,0.139,6.41585641603709e-15,"9","DIS3L"
2.62645071918805e-19,0.769318646858859,0.54,0.261,6.66777044080271e-15,"9","IDH2"
2.70646510410597e-19,0.988095020907545,0.288,0.105,6.87090295979383e-15,"9","HMBS"
2.73226525699453e-19,0.844475983363216,0.428,0.188,6.93640180793202e-15,"9","ERAP2"
2.74497840785683e-19,0.649677250738665,0.751,0.413,6.96867668402613e-15,"9","EFHD2"
3.42080468840869e-19,0.895141014669126,0.326,0.125,8.68439686246315e-15,"9","OSGEP"
4.00259915443656e-19,0.868066335166387,0.488,0.235,1.01613984733681e-14,"9","PSMG1"
4.02806030822679e-19,1.1294544724491,0.358,0.154,1.02260367044953e-14,"9","FLNC"
4.12875178575407e-19,0.713623437292777,0.558,0.269,1.04816621584938e-14,"9","WDR61"
4.94956265100125e-19,0.809393882681156,0.551,0.274,1.25654547020969e-14,"9","MRPL15"
5.54619196945572e-19,0.779890308413133,0.526,0.26,1.40801175528572e-14,"9","PSMG3"
5.74718753884798e-19,1.00136871330318,0.333,0.135,1.45903850048734e-14,"9","DHCR24"
5.7752775572806e-19,0.971092443597261,0.333,0.131,1.46616971346683e-14,"9","PLEKHJ1"
5.96899357398799e-19,0.667169360649257,0.649,0.345,1.51534839862833e-14,"9","HAT1"
6.76906177514503e-19,0.661403456819091,0.677,0.354,1.71846171285607e-14,"9","RBM42"
6.85181945442194e-19,0.912547027196916,0.368,0.155,1.7394714048941e-14,"9","TST"
7.20885473798902e-19,0.894565716821814,0.47,0.227,1.83011195233327e-14,"9","FAM111A"
7.63229780602226e-19,0.935867330699446,0.312,0.12,1.93761144401487e-14,"9","NCAPH2"
8.02976117335122e-19,0.858324742726969,0.382,0.161,2.03851546907867e-14,"9","CENPQ"
8.15336912713084e-19,1.07418899623473,0.274,0.099,2.06989582030471e-14,"9","PPIHP1"
8.21749040775266e-19,1.00986670199313,0.312,0.121,2.08617428981617e-14,"9","CASP2"
1.09789554902277e-18,0.739799594513554,0.523,0.252,2.78722743030409e-14,"9","MRPL12"
1.10466679700185e-18,0.664700673534264,0.67,0.356,2.8044175975486e-14,"9","ISOC2"
1.1581761497019e-18,0.697746155033711,0.618,0.32,2.9402617912482e-14,"9","VPS29"
1.20253411251336e-18,0.991851321693758,0.291,0.109,3.05287335143766e-14,"9","POP1"
1.20969598123665e-18,1.15121761515834,0.263,0.095,3.07105518756549e-14,"9","ALDH7A1P1"
1.21098536404913e-18,1.08214630190907,0.316,0.127,3.07432854371152e-14,"9","PKP4"
1.3111930487686e-18,0.815221700470727,0.421,0.184,3.32872579290885e-14,"9","ELAC2"
1.4016786145371e-18,0.791348465771662,0.47,0.215,3.55844149872535e-14,"9","NUDT15"
1.43613408669724e-18,0.853248486272915,0.428,0.194,3.64591360589829e-14,"9","DGKZ"
1.49762910382186e-18,0.74442566864295,0.432,0.188,3.80203100587256e-14,"9","NUP107"
1.6197248566168e-18,0.849062635070051,0.418,0.187,4.11199549349306e-14,"9","SLBP"
1.62801910445506e-18,0.995116262398408,0.312,0.122,4.13305210048005e-14,"9","MCU"
1.74489820789751e-18,0.613212988344379,0.832,0.538,4.4297730803894e-14,"9","AMOTL2"
1.85702361560827e-18,0.741353829928015,0.614,0.328,4.7144258529447e-14,"9","IFI27L1"
1.92959463712777e-18,0.596453466025352,0.768,0.443,4.89866190527628e-14,"9","SF3B4"
2.02353107402079e-18,0.903859271528414,0.361,0.153,5.13713833761658e-14,"9","MMAB"
2.05577521431422e-18,0.912705498895239,0.358,0.148,5.21899653657952e-14,"9","C1orf35"
2.22464521211957e-18,1.00052428136803,0.326,0.132,5.64770680000796e-14,"9","ERCC2"
2.29084122112789e-18,0.616838304489556,0.779,0.459,5.81575860807737e-14,"9","CRIP2"
2.61422143907584e-18,1.11418104732182,0.281,0.106,6.63672396738184e-14,"9","POLA1"
2.77365682646843e-18,0.840021201776246,0.337,0.133,7.04148258535541e-14,"9","MANEA"
2.80738073318219e-18,0.744563199985064,0.47,0.22,7.12709746732962e-14,"9","EXOSC9"
3.10878188135737e-18,0.739539484509172,0.491,0.231,7.89226456220195e-14,"9","NHP2P1"
3.4858397582854e-18,0.85623599753077,0.414,0.186,8.84950139435916e-14,"9","ARL16"
3.63929537885792e-18,0.905117638098232,0.305,0.117,9.2390791783066e-14,"9","MRPS11"
3.72390589147828e-18,0.706246086873363,0.551,0.272,9.45387988669592e-14,"9","SSNA1"
3.77444852813037e-18,0.76013073696615,0.449,0.205,9.58219247836457e-14,"9","COPS7B"
3.95246154627673e-18,0.778638973065359,0.449,0.209,1.00341141275327e-13,"9","TSPAN17"
4.16434570985568e-18,0.709401687088912,0.446,0.199,1.05720244536106e-13,"9","ANAPC7"
4.30352472019188e-18,0.910916056696636,0.347,0.143,1.09253582071511e-13,"9","KAZALD1"
4.56051071694783e-18,0.508720594367394,0.923,0.644,1.15777685571155e-13,"9","SNRPF"
5.39454868574758e-18,0.635458668913777,0.733,0.43,1.36951407485074e-13,"9","CTNNAL1"
5.41067162439651e-18,1.15267317667996,0.256,0.093,1.37360720528554e-13,"9","RAD51D"
5.56605130879486e-18,0.910494096700513,0.379,0.165,1.41305344576375e-13,"9","RNF26"
5.61024578820801e-18,0.776827282487328,0.453,0.208,1.42427309825237e-13,"9","PSMG4"
5.88520094452245e-18,0.990698475199094,0.267,0.097,1.49407596378591e-13,"9","ATP13A2"
6.08068465122529e-18,1.04744922597105,0.305,0.121,1.54370341240656e-13,"9","RPS6KA4"
6.10244381771477e-18,0.546589060767254,0.905,0.598,1.54922741200325e-13,"9","LSM3"
6.42361026802249e-18,0.815842056605878,0.389,0.169,1.63076193874287e-13,"9","EIF2B3"
6.61861390249122e-18,0.718529138565075,0.484,0.225,1.68026751142545e-13,"9","NFIA"
9.06015315485679e-18,0.625876753401701,0.618,0.317,2.30010108142349e-13,"9","TOMM40"
9.76491320157125e-18,0.704045129799056,0.604,0.315,2.47901851448289e-13,"9","NPM3"
1.00020460731108e-17,0.577719954655734,0.754,0.431,2.53921943658065e-13,"9","SMC1A"
1.0103436306679e-17,0.500095079996916,0.93,0.644,2.5649593751766e-13,"9","NUTF2"
1.04186637030291e-17,0.66820370619923,0.519,0.251,2.64498615428801e-13,"9","FH"
1.09046879424014e-17,0.560899725977635,0.87,0.56,2.76837312793745e-13,"9","CORO1C"
1.21080064323428e-17,0.795800797516204,0.372,0.158,3.07385959297887e-13,"9","PCDH18"
1.21740380913383e-17,0.928589189602875,0.281,0.105,3.09062305024805e-13,"9","NDUFAF5"
1.42989323952964e-17,0.671668647981669,0.691,0.377,3.63006996719391e-13,"9","ARPC1A"
1.44816462729983e-17,0.831242484185755,0.442,0.207,3.67645553932608e-13,"9","DERA"
1.52720816815046e-17,0.676410551226568,0.533,0.265,3.87712337648358e-13,"9","SLC29A1"
1.62823836680008e-17,0.783727321545982,0.389,0.169,4.13360874179536e-13,"9","SLC39A3"
1.96990546141649e-17,0.771601703372591,0.474,0.228,5.00099899489804e-13,"9","COPZ2"
2.14089490077454e-17,0.610939210572011,0.712,0.391,5.43508988459631e-13,"9","PMF1"
2.24358227111503e-17,0.705372901893033,0.604,0.319,5.69578231167972e-13,"9","LDHBP2"
2.31197568362067e-17,0.734967058459868,0.404,0.178,5.8694126680078e-13,"9","RAP2B"
2.39123329689349e-17,0.73156733039604,0.474,0.224,6.07062397082351e-13,"9","SOGA1"
2.40710887732249e-17,0.550097269296181,0.856,0.538,6.1109273068586e-13,"9","AURKAIP1"
2.42780359202927e-17,0.907682002852365,0.372,0.162,6.1634649790847e-13,"9","RGMB"
2.46055220407755e-17,0.560235239173561,0.853,0.56,6.24660388049168e-13,"9","NASP"
2.68154272765653e-17,0.721831744007458,0.439,0.2,6.80763252270164e-13,"9","KIF2A"
2.81398465414237e-17,0.606061903931683,0.772,0.475,7.14386284147124e-13,"9","CARHSP1"
2.90324894636509e-17,0.648683525532218,0.695,0.412,7.37047810013706e-13,"9","DOK1"
3.07208846298543e-17,0.614412854043118,0.663,0.365,7.79911098098111e-13,"9","DIAPH1"
3.08735209804229e-17,0.588556918644573,0.793,0.48,7.83786077129995e-13,"9","IRAK1"
3.14045768711555e-17,0.577474705542224,0.786,0.468,7.97267993028025e-13,"9","VDAC3"
3.15997568014166e-17,0.73810910011406,0.505,0.247,8.02223025917563e-13,"9","STX2"
3.21806125210229e-17,0.637014783083437,0.656,0.359,8.16969210071208e-13,"9","BZW2"
3.31170935306915e-17,0.752733421980145,0.456,0.215,8.40743653463665e-13,"9","GATD1"
3.38211625714328e-17,0.523927072211471,0.912,0.675,8.58617854200964e-13,"9","SLC38A2"
3.51169501551637e-17,0.649876331118836,0.684,0.39,8.9151401358914e-13,"9","LSM5"
3.57144225884863e-17,0.506885027822805,0.912,0.708,9.06682046253902e-13,"9","ELN"
4.30610339838361e-17,0.899250607435102,0.347,0.148,1.09319046974765e-12,"9","SGPP1"
4.33932865308362e-17,0.960737166955166,0.361,0.158,1.10162536515834e-12,"9","ZDHHC12"
4.3461567647585e-17,0.911271230979976,0.312,0.125,1.10335881786924e-12,"9","WEE1"
4.38646143759991e-17,0.70187017893392,0.596,0.321,1.11359096516349e-12,"9","VMA21"
4.79316242271783e-17,0.921288061470309,0.358,0.157,1.21684014425538e-12,"9","LACTB2"
4.82689144835663e-17,0.629728962322966,0.73,0.408,1.2254029319943e-12,"9","DNPH1"
5.11959767372399e-17,1.01911973248543,0.281,0.108,1.29971226142831e-12,"9","MPP6"
5.27397248460399e-17,0.885791688408855,0.333,0.139,1.33890339466642e-12,"9","DHRS4"
5.63718794788692e-17,0.671365703380985,0.526,0.258,1.43111290433005e-12,"9","BLVRA"
6.04166457797631e-17,0.638405698293791,0.667,0.372,1.53379738641085e-12,"9","MRPS16"
6.17523773424354e-17,0.669734002362269,0.554,0.282,1.56770760359241e-12,"9","EXTL2"
6.19264325859987e-17,0.937709222674221,0.288,0.111,1.57212634406075e-12,"9","CNN2"
6.38370296087474e-17,0.603304981990556,0.677,0.369,1.62063067067727e-12,"9","SNRPEP2"
6.40629485637802e-17,1.04112919786953,0.256,0.095,1.62636607518869e-12,"9","KIAA0586"
6.47049367960821e-17,0.696844420987174,0.47,0.223,1.64266423044214e-12,"9","CDC42EP4"
7.51228577312134e-17,0.683429757501734,0.516,0.257,1.90714398922232e-12,"9","TSFM"
7.66770962602646e-17,0.758499079719342,0.47,0.227,1.94660144275934e-12,"9","CBX3P9"
7.72759839686344e-17,0.782082249843601,0.414,0.19,1.96180540501172e-12,"9","PDE7B"
8.89754727400844e-17,0.625068713950576,0.526,0.256,2.25882032645252e-12,"9","HSD17B10"
9.11455064174412e-17,0.625974129359153,0.6,0.31,2.31391097141958e-12,"9","GTF3A"
9.74824392984452e-17,0.729005960830134,0.428,0.196,2.47478668646963e-12,"9","TSEN15"
9.75165187439959e-17,0.658776825348636,0.512,0.25,2.47565186135382e-12,"9","BRD8"
1.08197693941538e-16,0.531724563623266,0.835,0.491,2.74681485609383e-12,"9","PSME3"
1.27402854561521e-16,0.787203980823704,0.344,0.147,3.23437626875334e-12,"9","LRRCC1"
1.32396786512642e-16,0.787974564708119,0.432,0.202,3.36115721919643e-12,"9","SNX7"
1.34249331724346e-16,0.574594671180194,0.768,0.459,3.40818778448598e-12,"9","NME4"
1.46528607222731e-16,0.66264156183335,0.453,0.213,3.71992175156347e-12,"9","RBM14"
1.47501489646894e-16,0.725970858249561,0.435,0.203,3.74462031766569e-12,"9","RNASEH1"
1.51250392376565e-16,0.609957567701411,0.684,0.374,3.83979371126387e-12,"9","FAM96A"
1.51719856158943e-16,0.577493004758853,0.765,0.452,3.85171198830707e-12,"9","PSMD6"
1.57945059569903e-16,1.09841218003654,0.277,0.109,4.00975122730112e-12,"9","CAPN5"
1.59408287808452e-16,0.830098981670515,0.554,0.306,4.04689820259316e-12,"9","IL13RA2"
1.59804309185108e-16,0.858395336554934,0.372,0.165,4.05695199728235e-12,"9","SDC3"
1.67003199713023e-16,0.886210777795149,0.312,0.128,4.23971023111452e-12,"9","ADGRE5"
1.68116862380227e-16,0.623007627172253,0.6,0.323,4.26798278524681e-12,"9","FARSB"
1.73539913775461e-16,0.60397925426415,0.698,0.411,4.40565779101762e-12,"9","RUVBL1"
1.75070942814299e-16,1.09784595572605,0.256,0.097,4.44452602522661e-12,"9","SCLT1"
1.97537844172376e-16,0.79618242175375,0.344,0.144,5.0148932500041e-12,"9","TARBP2"
1.97852466865029e-16,0.86620223117217,0.386,0.177,5.02288057630248e-12,"9","PAK1"
2.07549206970154e-16,0.910605506290575,0.316,0.132,5.26905171735129e-12,"9","PSPH"
2.0947010095102e-16,0.775780205210899,0.449,0.219,5.31781745284355e-12,"9","C2orf69"
2.1844239353631e-16,0.727876022243687,0.442,0.208,5.54559704470631e-12,"9","RIOK1"
2.61595439093862e-16,0.902513300553619,0.33,0.14,6.64112341227587e-12,"9","TXNDC9"
2.66506881492643e-16,0.587738237457933,0.53,0.272,6.76581020045372e-12,"9","MYLK"
2.67692082927558e-16,0.730224750374238,0.544,0.292,6.79589890928191e-12,"9","ZFP36L2"
2.7934659076486e-16,0.588451529577642,0.758,0.472,7.0917718997475e-12,"9","TBCB"
2.87807027837153e-16,0.912285763758167,0.281,0.11,7.3065570157018e-12,"9","RPGRIP1L"
2.98949297020151e-16,0.546425023812364,0.818,0.506,7.58942580345058e-12,"9","SLC25A39"
3.34317240312439e-16,0.57407450231852,0.663,0.349,8.48731177981188e-12,"9","NAE1"
3.46628607783101e-16,0.801038350563767,0.389,0.175,8.79986046578957e-12,"9","FAM122B"
3.52440313033698e-16,0.9433518565304,0.263,0.101,8.94740222698649e-12,"9","GPAM"
3.80164469901382e-16,0.915552270570762,0.309,0.129,9.65123539738638e-12,"9","PRR5L"
4.40705568808388e-16,0.680602238944621,0.404,0.183,1.11881922753385e-11,"9","CYTH3"
4.46020747355247e-16,0.827215328226328,0.368,0.165,1.13231287131076e-11,"9","FAM149B1"
4.5693932958311e-16,0.796800896298645,0.358,0.157,1.16003187601264e-11,"9","CCM2"
4.60596197479385e-16,0.798170597863258,0.404,0.189,1.16931556654091e-11,"9","HACD2"
4.62121458698093e-16,0.56919690780266,0.772,0.472,1.17318774719685e-11,"9","SIVA1"
4.9421842164855e-16,1.12539262909981,0.288,0.121,1.25467230703917e-11,"9","ARHGAP18"
5.05356667276236e-16,0.618190845408938,0.67,0.364,1.28294897121418e-11,"9","FKBP3"
5.18601707904651e-16,0.689058355072882,0.512,0.263,1.31657415585754e-11,"9","JDP2"
5.35684745003088e-16,0.706175300054423,0.47,0.232,1.35994286213934e-11,"9","COPRS"
5.48912701807752e-16,0.878443084824196,0.375,0.171,1.39352467607934e-11,"9","RCCD1"
5.71362063325311e-16,0.651457924192297,0.537,0.277,1.45051687016397e-11,"9","LRP11"
5.79191243041278e-16,0.865839053231461,0.337,0.145,1.47039280870889e-11,"9","PNPO"
5.95053750702489e-16,0.932557691659973,0.309,0.129,1.51066295690841e-11,"9","FOXRED2"
6.24686271890069e-16,0.895812162834882,0.305,0.125,1.58589103844732e-11,"9","TSPAN5"
6.42674981428731e-16,0.622583656813209,0.716,0.439,1.63155897535312e-11,"9","DBNL"
7.53113898178631e-16,0.569258802446558,0.474,0.221,1.91193025330609e-11,"9","INIP"
7.93639449102342e-16,0.614878563792428,0.635,0.352,2.01481246943612e-11,"9","TIMM10"
8.65379146975909e-16,0.663851158441308,0.498,0.248,2.19693804042774e-11,"9","HRAS"
9.34250170545334e-16,0.937543406915035,0.354,0.162,2.37178090796344e-11,"9","NCEH1"
9.37398805607117e-16,0.807412489543961,0.414,0.198,2.37977434779479e-11,"9","RNASEH2B"
9.67596148365133e-16,0.97217790784602,0.4,0.197,2.45643634185456e-11,"9","PITX1"
1.04644236319837e-15,0.611883475761048,0.646,0.365,2.65660322745169e-11,"9","AP1M1"
1.07982889171322e-15,1.06243966217469,0.26,0.102,2.74136160739235e-11,"9","MYCBP"
1.10180612736147e-15,0.590180717481921,0.663,0.363,2.79715521553256e-11,"9","ACAT1"
1.11753435564754e-15,0.906063693566636,0.295,0.123,2.8370844686824e-11,"9","AC012146.1"
1.15247335855925e-15,0.712894461381501,0.358,0.158,2.92578411537437e-11,"9","CDCA2"
1.17586676338782e-15,0.581734470449117,0.73,0.43,2.98517295221265e-11,"9","HIGD1A"
1.17656947216377e-15,0.734488954442273,0.421,0.197,2.98695691898217e-11,"9","COMMD1"
1.17687735055647e-15,0.605249615840614,0.667,0.387,2.98773852985772e-11,"9","ITGB1BP1"
1.25443391074174e-15,0.512649254568393,0.849,0.551,3.18463136920006e-11,"9","MAP7D1"
1.27074035541131e-15,0.62311056832806,0.586,0.316,3.2260285402827e-11,"9","SLC20A1"
1.31378801440241e-15,0.825257149892202,0.358,0.161,3.3353136321634e-11,"9","THOC3"
1.32228738642145e-15,1.00876661137278,0.295,0.124,3.35689098790814e-11,"9","C3orf14"
1.32462678636209e-15,0.614812361096322,0.604,0.32,3.36283002253744e-11,"9","GOT2"
1.39829406628611e-15,0.538012311966674,0.596,0.308,3.54984914608055e-11,"9","MRPL11"
1.4075877976055e-15,0.862181730560027,0.54,0.31,3.57344314178109e-11,"9","HIST1H4C"
1.44584228784769e-15,0.557753596298082,0.698,0.395,3.67055981615893e-11,"9","SRRT"
1.8999548042655e-15,0.559670443150105,0.726,0.423,4.82341526158882e-11,"9","DBN1"
1.95698809372197e-15,0.996606820283953,0.26,0.101,4.96820567353197e-11,"9","SNCG"
1.98190293147984e-15,0.812244328754209,0.344,0.151,5.03145697214787e-11,"9","C1orf174"
2.00203586801016e-15,0.673044901747923,0.477,0.237,5.08256845811739e-11,"9","IMPDH1"
2.1533686026358e-15,0.665404271133404,0.495,0.25,5.46675687151152e-11,"9","CTDSPL"
2.21199031411254e-15,0.560616012019196,0.786,0.499,5.61557981043751e-11,"9","PSIP1"
2.23405044389604e-15,0.52755413692535,0.789,0.471,5.67158386191889e-11,"9","PRKAR2A"
2.33017233663838e-15,0.544919729093826,0.747,0.443,5.91560851102386e-11,"9","GNB4"
2.40037540886551e-15,0.592272414804686,0.709,0.428,6.09383305048686e-11,"9","TEX261"
2.49908416246739e-15,0.807779772605425,0.305,0.126,6.34442496325596e-11,"9","ABHD10"
2.54426443407526e-15,0.62206192080705,0.586,0.32,6.45912411878686e-11,"9","SGTA"
2.63070744455223e-15,0.706127282501395,0.418,0.197,6.67857698948474e-11,"9","CSTF3"
2.66612765469125e-15,0.831819907333355,0.277,0.111,6.76849827696468e-11,"9","AP006296.1"
2.68512846014738e-15,0.780412767815332,0.351,0.157,6.81673562177616e-11,"9","MRE11"
2.76213830301091e-15,0.644267886282733,0.386,0.174,7.01224050985381e-11,"9","RRS1"
3.21946759809122e-15,0.824515165279832,0.354,0.159,8.17326239127419e-11,"9","RPS26"
3.34555186182425e-15,0.991109384951673,0.263,0.106,8.49335251161323e-11,"9","ANKRD35"
3.47294938726517e-15,0.684091325841746,0.442,0.215,8.8167766094501e-11,"9","NF2"
3.47383145178385e-15,0.595695466422034,0.618,0.34,8.81901590664367e-11,"9","HSPB11"
3.5827060454424e-15,0.90639894544112,0.347,0.159,9.09541583756462e-11,"9","YEATS4"
3.6948271396182e-15,0.654172700741715,0.47,0.236,9.38005765934871e-11,"9","SLC26A2"
3.84391109290784e-15,0.515500482848954,0.807,0.506,9.75853709156514e-11,"9","CPT1A"
3.89314027408116e-15,0.629818342275485,0.404,0.184,9.88351521380984e-11,"9","PCNT"
4.15534666458685e-15,0.850114212363899,0.323,0.14,1.05491785773866e-10,"9","SAAL1"
4.55870188576194e-15,0.936237939057406,0.267,0.107,1.15731764773838e-10,"9","FOXRED1"
4.71089203522656e-15,0.760944841575759,0.372,0.171,1.19595416098297e-10,"9","GALK1"
5.18118364779627e-15,0.891529451364056,0.263,0.104,1.31534709266604e-10,"9","INO80E"
5.24058024859635e-15,0.638995387406354,0.484,0.243,1.33042610771116e-10,"9","MEA1"
5.33057000685297e-15,0.836722503404148,0.368,0.169,1.35327180763976e-10,"9","BCS1L"
5.36479418697668e-15,0.505124960249413,0.842,0.561,1.36196030024777e-10,"9","PCMT1"
5.47661716997169e-15,0.689699207649584,0.558,0.315,1.39034880094071e-10,"9","NELFB"
5.70792135351303e-15,0.931654586853667,0.295,0.124,1.44906999401635e-10,"9","PA2G4P4"
5.89450372192001e-15,0.708465366947465,0.432,0.211,1.49643765988383e-10,"9","ABCD3"
5.96409178502073e-15,0.956571658340527,0.27,0.109,1.51410398146321e-10,"9","HMGN5"
5.97849217718298e-15,0.905596638445183,0.253,0.099,1.51775980902144e-10,"9","WDR77"
6.13477151065289e-15,0.807173939788752,0.309,0.132,1.55743444340945e-10,"9","L3MBTL2"
6.25506118425307e-15,0.664742115721095,0.379,0.172,1.58797238284633e-10,"9","ASH2L"
6.84507771891576e-15,0.903537380559093,0.309,0.133,1.73775988050115e-10,"9","BAD"
6.99756394238025e-15,0.526746762318218,0.568,0.294,1.77647155805207e-10,"9","RHBDF1"
7.48165435983106e-15,0.679407820040973,0.551,0.31,1.89936759233031e-10,"9","MFAP5"
7.64152778831353e-15,0.67505275732713,0.653,0.389,1.93995465961916e-10,"9","ATF5"
7.88417765124363e-15,0.651274982006802,0.547,0.294,2.00155618032122e-10,"9","PYGB"
7.92334379212601e-15,0.54156147217203,0.761,0.466,2.01149928850703e-10,"9","PRMT2"
9.13399907035848e-15,0.616913031205216,0.625,0.363,2.31884834399191e-10,"9","PGF"
9.21324208498084e-15,0.871432525939513,0.267,0.108,2.33896576811409e-10,"9","MYO19"
9.73666761090083e-15,0.55393634399933,0.607,0.327,2.47184780637939e-10,"9","CINP"
9.75957732606477e-15,0.524659169925459,0.744,0.44,2.47766389576806e-10,"9","MRPS34"
1.06350109448435e-14,0.642116705651803,0.418,0.197,2.69991022856742e-10,"9","CDKN2AIPNL"
1.08692641930657e-14,0.534253268469235,0.698,0.408,2.7593801006936e-10,"9","ATIC"
1.12835508338825e-14,0.736614632758553,0.432,0.214,2.86455505019776e-10,"9","ACYP1"
1.14083623246215e-14,0.621514229915355,0.572,0.311,2.89624094335167e-10,"9","PLIN3"
1.17831965445279e-14,0.955913198257073,0.256,0.103,2.99140010675929e-10,"9","TELO2"
1.25485779003203e-14,0.684833657356981,0.432,0.21,3.18570747155431e-10,"9","ADCY3"
1.29359089853703e-14,0.642250938917159,0.547,0.298,3.28403921411595e-10,"9","POP7"
1.31723707764295e-14,0.676157182049535,0.481,0.245,3.34406976901216e-10,"9","AL359918.1"
1.33036615546089e-14,0.535419408138954,0.744,0.435,3.37740055886857e-10,"9","ELAVL1"
1.37140169788701e-14,0.518717481236956,0.818,0.535,3.48157749042575e-10,"9","CRYAB"
1.37411086415895e-14,0.893946954883835,0.309,0.135,3.48845525084033e-10,"9","CKB"
1.47451936851138e-14,0.697236772093561,0.365,0.165,3.74336232083983e-10,"9","DOK4"
1.55773207884901e-14,0.621107357842557,0.484,0.244,3.95461442857399e-10,"9","LDLRAP1"
1.61449734252015e-14,0.638149663019076,0.358,0.159,4.09872440345589e-10,"9","PPRC1"
1.6244111508264e-14,0.627880889737124,0.596,0.339,4.12389258860298e-10,"9","CHST14"
1.64369942779677e-14,0.854924641604685,0.26,0.103,4.17285973734767e-10,"9","IQCE"
1.78807206639812e-14,0.743443836139132,0.386,0.181,4.53937855496492e-10,"9","TSTA3"
1.80692505408691e-14,0.833691900701977,0.361,0.169,4.58724063481045e-10,"9","SLC16A2"
1.82341370396218e-14,0.611609978890616,0.491,0.244,4.62910037024879e-10,"9","NUP85"
2.07861249818753e-14,0.700269636944327,0.467,0.238,5.27697354914868e-10,"9","STK17A"
2.07963940028386e-14,0.561302379715225,0.618,0.342,5.27958054550064e-10,"9","ABCF2"
2.17614240779989e-14,0.510403110643058,0.702,0.404,5.52457273068158e-10,"9","POLE3"
2.18583243231554e-14,0.645793538568876,0.477,0.243,5.54917279591945e-10,"9","RPS6KA2"
2.18916196230505e-14,0.66248987682857,0.439,0.215,5.55762547370384e-10,"9","ZHX1"
2.19732789762538e-14,0.655759786318767,0.446,0.222,5.57835633370155e-10,"9","SMC6"
2.33815280922143e-14,0.619569222646134,0.561,0.302,5.93586853677045e-10,"9","ERG28"
2.3519007014511e-14,0.634701833372466,0.407,0.192,5.97077031077391e-10,"9","SUSD5"
2.57266652012381e-14,0.598500727951328,0.586,0.324,6.53122849463831e-10,"9","TMSB4XP8"
2.6289763826915e-14,0.673056334089114,0.474,0.242,6.67418234273891e-10,"9","MAEA"
2.64005955346583e-14,0.865710490390954,0.323,0.143,6.70231918838371e-10,"9","POP5"
2.72556428617389e-14,0.588470867556685,0.551,0.293,6.91939005330965e-10,"9","SMIM12"
2.83762798973873e-14,0.739027985518354,0.379,0.177,7.20388617754972e-10,"9","BOP1"
2.92342486783719e-14,0.870417423158619,0.26,0.105,7.42169871197827e-10,"9","TTF2"
3.10799092764358e-14,0.57997030056791,0.589,0.322,7.89025656800877e-10,"9","GGCT"
3.12904668608897e-14,0.65129647425776,0.474,0.244,7.94371082197406e-10,"9","WSB2"
3.16723936217274e-14,0.552869670838288,0.656,0.372,8.04067056874793e-10,"9","MRPL24"
3.17161939732384e-14,0.534329932798146,0.621,0.341,8.05179016398602e-10,"9","MTA2"
3.18579385145138e-14,0.605242416333703,0.537,0.287,8.08777485067962e-10,"9","TCOF1"
3.47214554669925e-14,0.696909481684597,0.365,0.169,8.81473589940539e-10,"9","MRM2"
3.52069061878028e-14,0.582367893375548,0.54,0.284,8.93797727389748e-10,"9","POFUT1"
3.57041909923391e-14,0.744495946994518,0.333,0.148,9.06422296722513e-10,"9","SCRIB"
3.80240146677588e-14,0.577944965606904,0.618,0.348,9.65315660370392e-10,"9","NUBP2"
4.0327291001491e-14,0.716573585219673,0.372,0.176,1.02378893665485e-09,"9","PAXX"
4.27791415812656e-14,0.822781532722737,0.298,0.127,1.08603406732359e-09,"9","LRWD1"
4.28853122320802e-14,0.735128431302188,0.428,0.221,1.08872942163582e-09,"9","XRCC1"
4.57229342512962e-14,0.689073946314677,0.411,0.197,1.16076813183766e-09,"9","SLC35B4"
4.69577158788163e-14,0.518218020178193,0.691,0.4,1.19211553301551e-09,"9","GPC1"
4.84937685914858e-14,0.632919141217271,0.523,0.276,1.23111130323205e-09,"9","BABAM1"
4.97269048220564e-14,0.732000409202656,0.295,0.125,1.26241693271754e-09,"9","HSPA14"
6.0314515722177e-14,0.64277932627019,0.477,0.249,1.53120461063891e-09,"9","VOPP1"
6.03963307311629e-14,0.755808106249989,0.344,0.156,1.53328164827203e-09,"9","NEMP1"
6.07746535807467e-14,0.515064583966612,0.579,0.303,1.54288613045442e-09,"9","STIM1"
6.12303337134088e-14,0.507170394423894,0.796,0.509,1.55445448198231e-09,"9","DHX9"
6.21193412943851e-14,0.641307662429783,0.477,0.247,1.57702371744055e-09,"9","SH3BP4"
6.66897566983351e-14,0.776092742346665,0.319,0.142,1.69305285330063e-09,"9","ACER3"
6.78168813738046e-14,0.879907884897947,0.263,0.109,1.72166716743678e-09,"9","MYC"
7.25690113686104e-14,0.547613981514271,0.614,0.337,1.84230949161491e-09,"9","PMPCA"
7.47745561771141e-14,0.62564233441026,0.526,0.283,1.89830165766839e-09,"9","CERK"
7.58683354598807e-14,0.720945911859924,0.375,0.177,1.92606943231999e-09,"9","AL390039.1"
7.64409109473785e-14,0.754862424187161,0.284,0.119,1.9406054062211e-09,"9","NUP155"
7.75705527388716e-14,0.830147504268737,0.277,0.117,1.96928362238173e-09,"9","PXN"
7.84182512943931e-14,0.801076921168733,0.295,0.128,1.99080414561076e-09,"9","LINC01116"
8.53424023707597e-14,0.797168215725498,0.26,0.106,2.16658756898648e-09,"9","POLR3F"
8.97648560491703e-14,0.620458890615096,0.491,0.253,2.27886040052029e-09,"9","APTX"
9.04321751140535e-14,0.544131353141402,0.625,0.352,2.29580162962048e-09,"9","GTF3C6"
9.30227851672359e-14,0.707902926965028,0.361,0.168,2.36156944704062e-09,"9","DGCR6L"
9.3401507922462e-14,0.54864061368782,0.625,0.342,2.37118408162754e-09,"9","C1QBP"
9.61617813551685e-14,0.657285456328165,0.393,0.188,2.44125914326366e-09,"9","AC026462.1"
9.7138017693504e-14,0.680096877346957,0.446,0.224,2.46604285518499e-09,"9","PRTFDC1"
1.08121776043997e-13,0.591724931861185,0.579,0.322,2.74488752842895e-09,"9","HTATSF1"
1.18977522656547e-13,0.591427746026683,0.526,0.283,3.02048236768176e-09,"9","MED27"
1.29063057307151e-13,0.573921301971515,0.54,0.292,3.27652383585664e-09,"9","RBM12"
1.42324277234159e-13,0.836856830941239,0.263,0.109,3.61318642614359e-09,"9","AC008429.2"
1.44697084880477e-13,0.515135821362896,0.761,0.479,3.67342489386067e-09,"9","MAPRE1"
1.53553256829609e-13,0.70512679250672,0.411,0.205,3.89825653113329e-09,"9","E2F3"
1.6095521710464e-13,0.692944393706002,0.316,0.141,4.0861700966355e-09,"9","TTPAL"
1.63818259482923e-13,0.744076761911042,0.351,0.166,4.15885415349296e-09,"9","RECQL"
1.70489252371945e-13,0.519632661043888,0.716,0.431,4.32821064996658e-09,"9","VBP1"
1.86357071332985e-13,0.658579707923764,0.435,0.226,4.7310469699305e-09,"9","NHP2"
1.94614218212408e-13,0.594319501594344,0.618,0.357,4.94067115775841e-09,"9","TAF9"
2.06684585550039e-13,0.647096770394655,0.449,0.23,5.24710157335885e-09,"9","SIX2"
2.10846814485542e-13,0.538245974247195,0.653,0.382,5.35276807934444e-09,"9","TPRKB"
2.20970054839889e-13,0.546281953745283,0.621,0.353,5.60976678222025e-09,"9","EPDR1"
2.25162828275136e-13,0.726570236869731,0.34,0.157,5.71620872142088e-09,"9","MUM1"
2.29505907544583e-13,0.619278394722387,0.453,0.232,5.82646647483434e-09,"9","HPRT1"
2.34628665023835e-13,0.693913366813482,0.386,0.188,5.9565179189601e-09,"9","ZDHHC16"
2.38981348214454e-13,0.741955361166217,0.305,0.136,6.06701948712034e-09,"9","SNHG17"
2.39090704696152e-13,0.68292182032808,0.365,0.172,6.06979572012122e-09,"9","ARL6IP6"
2.40795779357384e-13,0.64221960434038,0.428,0.216,6.1130824505459e-09,"9","HMCES"
2.41703534971076e-13,0.667423303282941,0.389,0.191,6.13612764231072e-09,"9","NFYB"
2.51646802921911e-13,0.673339215645381,0.288,0.124,6.38855738577855e-09,"9","COA7"
2.62664334888623e-13,0.631438977870106,0.428,0.215,6.66825946981748e-09,"9","FBXO22"
2.63647738717819e-13,0.703917620455973,0.351,0.162,6.69322514282926e-09,"9","CALM2P2"
2.66239502501779e-13,0.983001559413828,0.253,0.107,6.75902225001266e-09,"9","KLHDC8B"
2.69591831553372e-13,0.801954140619161,0.305,0.137,6.84412782764546e-09,"9","ACTL6A"
2.71401062514576e-13,0.60805738364871,0.572,0.323,6.89005877405754e-09,"9","ARMC1"
2.91217180659173e-13,0.726800783777602,0.319,0.145,7.39313056539443e-09,"9","MDC1"
2.91417327027838e-13,0.69254822426083,0.33,0.15,7.39821168125573e-09,"9","AL158801.5"
2.96450846432815e-13,0.533291650099323,0.695,0.415,7.52599763838988e-09,"9","STARD7"
3.06418488138774e-13,0.541318704229957,0.6,0.338,7.77904615837905e-09,"9","TSN"
3.17363221114947e-13,0.714685094886765,0.425,0.217,8.05690009444517e-09,"9","BTBD6"
3.3809228070794e-13,0.632723224908825,0.456,0.237,8.58314873033248e-09,"9","NIF3L1"
3.77096158350407e-13,0.737385519289553,0.344,0.163,9.57334017204177e-09,"9","TRMU"
3.82212881583953e-13,0.635518457761097,0.414,0.207,9.70323842477182e-09,"9","MARS"
3.82357304611823e-13,0.506609364157568,0.642,0.369,9.70690489218036e-09,"9","PON2"
3.84345724502246e-13,0.578987534283654,0.442,0.225,9.75738490793852e-09,"9","HADH"
3.8636897399466e-13,0.624324697022702,0.421,0.213,9.80874914280244e-09,"9","NLN"
4.06102811095452e-13,0.917434303030031,0.26,0.112,1.03097320652802e-08,"9","TAGLN"
4.28914602781769e-13,0.633051442903432,0.449,0.235,1.08888550208208e-08,"9","MICAL2"
4.46702650684998e-13,0.502532838633224,0.702,0.422,1.134044019294e-08,"9","SSSCA1"
4.55173891139343e-13,0.697478671477704,0.354,0.169,1.15554995743545e-08,"9","RAP1GDS1"
4.90733244780043e-13,0.568578513052973,0.575,0.321,1.2458244885231e-08,"9","TMEM9B"
4.98749255015904e-13,0.514106933936794,0.723,0.454,1.26617473370888e-08,"9","GAS6"
4.99763262183569e-13,0.609409858839196,0.46,0.246,1.26874899370543e-08,"9","TM7SF3"
5.19786501475363e-13,0.913217301999934,0.26,0.111,1.3195819912955e-08,"9","POLH"
5.22191792769055e-13,0.538626567691855,0.575,0.323,1.3256883043028e-08,"9","RPP30"
5.57289478142786e-13,0.655530149255796,0.382,0.189,1.41479079816109e-08,"9","WFDC21P"
5.9355067307207e-13,0.569760835428263,0.593,0.334,1.50684709372806e-08,"9","MRPL16"
6.04553579601001e-13,0.535077433949019,0.618,0.35,1.53478017253306e-08,"9","PTDSS1"
6.17322027487017e-13,0.519889487342779,0.674,0.399,1.56719543118129e-08,"9","C7orf50"
6.20184715890262e-13,0.728470756544779,0.389,0.195,1.57446293823061e-08,"9","ARPIN"
6.24746437876586e-13,0.520068345378787,0.474,0.243,1.58604378183729e-08,"9","GNPNAT1"
6.38494463210461e-13,0.646652805714772,0.474,0.249,1.6209458937524e-08,"9","DPH5"
6.64995825581883e-13,0.830734047038259,0.302,0.137,1.68822490240473e-08,"9","PF4V1"
6.97090492434049e-13,0.527136661655022,0.568,0.316,1.76970363314232e-08,"9","DPP9"
6.97442175635579e-13,0.638541239355505,0.446,0.233,1.77059645128604e-08,"9","ETV5"
7.10221022366732e-13,0.616180352164182,0.435,0.222,1.80303810948242e-08,"9","GLRX5"
7.34095995762814e-13,0.74865677093797,0.298,0.134,1.86364950444306e-08,"9","NDUFAF8"
7.45120981361307e-13,0.556321564141403,0.593,0.339,1.89163863538195e-08,"9","CETN2"
7.65671251184612e-13,0.550913491317672,0.481,0.251,1.94380960538237e-08,"9","ANKRD40"
7.98669987801496e-13,0.868569304091854,0.281,0.125,2.02758349803166e-08,"9","GCNT1"
8.1143999492228e-13,0.595379385360738,0.428,0.214,2.06000271510919e-08,"9","KPNA1"
8.11964077167665e-13,0.592444483480281,0.586,0.339,2.06133320270555e-08,"9","RAB27A"
8.13708488581529e-13,0.518124302488176,0.723,0.461,2.06576173996193e-08,"9","CRIM1"
9.25165757985537e-13,0.754940259190445,0.277,0.121,2.34871830979788e-08,"9","CEP57L1"
9.50522634302307e-13,0.533789255757284,0.558,0.312,2.41309181170327e-08,"9","LSM2"
9.76184036408308e-13,0.72835232070161,0.277,0.119,2.47823841322977e-08,"9","DYNLL1P2"
9.91991238671687e-13,0.570230751115261,0.474,0.248,2.51836815761581e-08,"9","DNAAF5"
1.00330522727306e-12,0.513814329996283,0.614,0.35,2.54709098047811e-08,"9","NSL1"
1.01070052399102e-12,0.789480758124565,0.474,0.262,2.56586542025599e-08,"9","CTSC"
1.02129029740472e-12,0.609531269214261,0.396,0.195,2.59274967802136e-08,"9","PREB"
1.07040969272053e-12,0.519878056668941,0.575,0.329,2.71744908690962e-08,"9","DNAJB1"
1.12823614549927e-12,0.546517770259059,0.446,0.226,2.86425310257899e-08,"9","VARS"
1.14352389259229e-12,0.657533587358892,0.428,0.222,2.90306410612406e-08,"9","POLD3"
1.53313171124294e-12,0.777208893232405,0.326,0.155,3.89216147533245e-08,"9","LAGE3"
1.54267319754563e-12,0.655880369345552,0.354,0.169,3.9163844466091e-08,"9","CCP110"
1.54867493757615e-12,0.707784145763109,0.323,0.152,3.93162106402456e-08,"9","FOXC2"
1.57579856777032e-12,0.748082329536425,0.326,0.155,4.00047982399852e-08,"9","VANGL1"
1.60493978817918e-12,0.579593401816442,0.523,0.294,4.07446064025048e-08,"9","DDAH2"
1.63935516527441e-12,0.558945371087762,0.446,0.227,4.16183095808215e-08,"9","LETM1"
1.79277414342965e-12,0.528494155944632,0.611,0.366,4.55131571792486e-08,"9","RNASEH2C"
1.81788028172752e-12,0.509392914209529,0.674,0.405,4.61505267122166e-08,"9","RHEB"
1.86874805446615e-12,0.535087149190348,0.628,0.371,4.74419068587322e-08,"9","MZT2A"
1.8709813465634e-12,0.506963482959971,0.586,0.327,4.74986034452049e-08,"9","HIKESHI"
2.0177905623508e-12,0.514952561595961,0.653,0.376,5.12256490063998e-08,"9","MRPL20"
2.02901204903712e-12,0.523774544873638,0.53,0.286,5.15105288889054e-08,"9","MKKS"
2.03208113339648e-12,0.53767047337391,0.6,0.347,5.15884437335366e-08,"9","HEG1"
2.10075469001995e-12,0.564256026209109,0.519,0.285,5.33318593155364e-08,"9","TIMM21"
2.17665614278453e-12,0.588569269949759,0.446,0.233,5.52587694968709e-08,"9","MAPK9"
2.17818384522024e-12,0.659525601233651,0.347,0.166,5.52975532786061e-08,"9","EEF1D"
2.1885046256547e-12,0.533051092552559,0.558,0.311,5.55595669314959e-08,"9","GYG1"
2.3321857606269e-12,0.630473307017368,0.312,0.142,5.9207199905035e-08,"9","IL11RA"
2.35515700429281e-12,0.533194575290587,0.407,0.202,5.97903708679816e-08,"9","LTV1"
2.36827502827009e-12,0.684454713194186,0.298,0.136,6.01233981426927e-08,"9","ZADH2"
2.50763155526097e-12,0.581790108304146,0.558,0.323,6.36612422934103e-08,"9","RUSC1"
2.54305483259895e-12,0.683960475149328,0.495,0.282,6.45605330351897e-08,"9","OLFML3"
2.73490048242203e-12,0.521200602539417,0.551,0.305,6.94309185472481e-08,"9","G6PD"
2.7706362942502e-12,0.605948983674943,0.418,0.218,7.03381436021297e-08,"9","AL035458.1"
2.791699097361e-12,0.504213626076437,0.642,0.378,7.08728649847036e-08,"9","MAP1A"
2.81674038963028e-12,0.512427091418938,0.481,0.253,7.15085882715438e-08,"9","HNRNPA3P6"
2.96647126780468e-12,1.04412047001152,0.337,0.174,7.53098060757575e-08,"9","HSPB7"
2.99321860931774e-12,0.586156359229332,0.284,0.123,7.59888408347495e-08,"9","THEM4"
3.19380497491057e-12,0.671076097890664,0.323,0.152,8.10811268980547e-08,"9","NAGA"
3.25760891316991e-12,0.662839050852883,0.446,0.236,8.27009174786445e-08,"9","TCTA"
3.45584529024612e-12,0.521025891431274,0.681,0.432,8.77335443834783e-08,"9","KDELC2"
3.5398953047223e-12,0.545126420306568,0.526,0.297,8.98673221009851e-08,"9","PBX1"
3.97239744841103e-12,0.596674393760415,0.428,0.223,1.00847254022811e-07,"9","MTAP"
4.01474565963426e-12,0.689760886099649,0.368,0.183,1.01922348061135e-07,"9","ZHX3"
4.05087633372118e-12,0.734885864772275,0.365,0.185,1.0283959748418e-07,"9","XXYLT1"
4.48106053783996e-12,0.554118387440076,0.621,0.367,1.13760683874143e-07,"9","DHX29"
4.82086470551313e-12,0.730388093894169,0.34,0.168,1.22387292278862e-07,"9","HOXC6"
4.83623604380007e-12,0.562456610013432,0.425,0.216,1.22777524443952e-07,"9","VPS53"
5.07223858011233e-12,0.53867510889615,0.463,0.243,1.28768920833312e-07,"9","MEN1"
5.18324315202713e-12,0.569002992131005,0.512,0.291,1.31586993900513e-07,"9","NUP50"
5.20336480144768e-12,0.621460811178755,0.368,0.181,1.32097822214352e-07,"9","LINC00467"
5.599959646926e-12,0.549903161959308,0.509,0.279,1.4216617555651e-07,"9","MYH10"
5.60337136377866e-12,0.674119123575777,0.435,0.232,1.42252788812249e-07,"9","TMEM138"
5.79631974100457e-12,0.704031465206898,0.316,0.15,1.47151169264883e-07,"9","PPIAP31"
5.90623596172365e-12,0.655476284450973,0.256,0.111,1.49941612360278e-07,"9","PRR34-AS1"
5.91061699880302e-12,0.603389171996393,0.326,0.154,1.50052833748612e-07,"9","BCAT2"
5.98566042877796e-12,0.559710264901808,0.46,0.246,1.51957961305386e-07,"9","TMEM99"
6.76869972476702e-12,0.704837465409362,0.274,0.123,1.7183697991266e-07,"9","STIM2"
6.78627628817324e-12,0.676066377992884,0.34,0.165,1.72283196127854e-07,"9","VAV2"
6.87762534038854e-12,0.689460343714751,0.305,0.141,1.74602274516444e-07,"9","CDK2AP1"
6.94627740306929e-12,0.675275138977023,0.386,0.199,1.7634514443172e-07,"9","HFE"
7.09356888046988e-12,0.621268818408118,0.277,0.123,1.80084433168489e-07,"9","THAP12"
7.17583891958824e-12,0.622556673932058,0.375,0.189,1.82173022651587e-07,"9","TACO1"
7.45934953854818e-12,0.703504881943103,0.274,0.122,1.89370506735123e-07,"9","MSRB1"
7.80782110554074e-12,0.534515253549716,0.432,0.221,1.98217154406363e-07,"9","DLD"
8.50103077946276e-12,0.553846043955608,0.428,0.218,2.15815668398221e-07,"9","SERBP1P1"
8.5033559191066e-12,0.504481569583131,0.614,0.352,2.15874696718359e-07,"9","CTBP2"
8.86252201462318e-12,0.620054281680417,0.467,0.256,2.24992846385239e-07,"9","MPDU1"
8.91600289407993e-12,0.657524959638685,0.337,0.163,2.26350565472007e-07,"9","IFT22"
1.03513810214881e-11,0.691603131126943,0.309,0.144,2.62790509992518e-07,"9","ETFB"
1.05600408958461e-11,0.517082060523305,0.432,0.225,2.68087758222845e-07,"9","NACC1"
1.07853710926364e-11,0.761092776484232,0.27,0.121,2.73808215928759e-07,"9","HARS"
1.10862531737693e-11,0.627129863461005,0.372,0.187,2.8144670932248e-07,"9","NCBP1"
1.11221938754708e-11,0.503935492598487,0.667,0.402,2.82359135916577e-07,"9","RPL23A"
1.14685751653474e-11,0.709232823090795,0.263,0.117,2.91152717722676e-07,"9","NADK"
1.15366674824589e-11,0.518000926128279,0.53,0.3,2.92881377377184e-07,"9","GLRX2"
1.31140752514517e-11,0.554120157404939,0.502,0.28,3.32927028408605e-07,"9","MBOAT2"
1.31295391662309e-11,0.553826864986623,0.446,0.231,3.33319610813105e-07,"9","PIN1"
1.33773072845103e-11,0.549185594339448,0.393,0.201,3.39609700031863e-07,"9","ME2"
1.3720348920614e-11,0.65425899158802,0.298,0.139,3.48318498047626e-07,"9","STRIP1"
1.50506629275153e-11,0.543833131559198,0.396,0.202,3.82091179740832e-07,"9","CHCHD4"
1.57581114067373e-11,0.506141656769505,0.533,0.302,4.00051174282841e-07,"9","CHCHD1"
1.59343350208452e-11,0.510481742041988,0.611,0.361,4.04524963174197e-07,"9","AL445189.2"
1.60954551249978e-11,0.610623193080433,0.288,0.132,4.0861531925832e-07,"9","ARNTL"
1.6296534856768e-11,0.750969765172467,0.298,0.14,4.13720130408769e-07,"9","SUB1P1"
1.68963641888641e-11,0.504639816882912,0.516,0.289,4.28947997662694e-07,"9","GART"
1.72767149062199e-11,0.71896637862049,0.267,0.12,4.38603961324203e-07,"9","NUP35"
1.91027117879274e-11,0.650509621739692,0.407,0.217,4.84960544160114e-07,"9","MAGOHB"
1.94416831382418e-11,0.668895443892791,0.288,0.132,4.93566009830544e-07,"9","HDGFL2"
1.96160684363819e-11,0.585009435258767,0.319,0.152,4.97993129394427e-07,"9","GALNT7"
2.05910576814191e-11,0.683633370435585,0.323,0.156,5.22745181358186e-07,"9","AL049840.4"
2.06718553804177e-11,0.513064847905196,0.477,0.255,5.24796392542665e-07,"9","METAP1"
2.13309120994665e-11,0.60089426113339,0.407,0.213,5.41527865469157e-07,"9","RWDD4"
2.14826314158073e-11,0.54142401756714,0.337,0.162,5.453795637531e-07,"9","RNPEPL1"
2.16485415450123e-11,0.510287908819977,0.326,0.155,5.49591524203228e-07,"9","HAUS6"
2.18457136076345e-11,0.577644904214423,0.523,0.313,5.54597131357016e-07,"9","NR2F2"
2.25856329423072e-11,0.758261970129924,0.284,0.133,5.73381463506352e-07,"9","GON7"
2.27381117464053e-11,0.692089234225857,0.291,0.135,5.77252442905991e-07,"9","R3HDM1"
2.31659363780375e-11,0.5938024756788,0.379,0.192,5.88113626829239e-07,"9","C1orf216"
2.4565286720427e-11,0.634573265268355,0.354,0.175,6.23638933971481e-07,"9","QSOX2"
2.48777703595055e-11,0.558230473958423,0.312,0.146,6.31571956116767e-07,"9","MAP3K3"
2.49087757391698e-11,0.892314877428787,0.298,0.147,6.32359089690305e-07,"9","CDKN2D"
2.5055502814208e-11,0.620846544244364,0.382,0.196,6.36084049944298e-07,"9","TRAF7"
2.5234513900927e-11,0.526225863674977,0.407,0.209,6.40628604402833e-07,"9","NUP205"
2.52595389029445e-11,0.581854920449328,0.375,0.188,6.41263914129051e-07,"9","RPE"
2.6858539200572e-11,0.696127961675783,0.267,0.12,6.81857734684922e-07,"9","GRK6"
2.74179042349338e-11,0.827623416772322,0.263,0.12,6.96058334812263e-07,"9","SVEP1"
3.25874372479152e-11,0.723436523721511,0.333,0.17,8.27297269412822e-07,"9","CXCL12"
3.35987925884778e-11,0.517296809516404,0.477,0.263,8.52972547443686e-07,"9","ARHGEF40"
3.58560168505353e-11,0.628702084892183,0.267,0.12,9.10276699784539e-07,"9","ORC5"
3.87270823869677e-11,0.574721123689332,0.404,0.212,9.83164440557948e-07,"9","GLT8D1"
3.96974964710701e-11,0.513444657251864,0.561,0.327,1.00780034291106e-06,"9","MRPS25"
4.11548019191868e-11,0.725267353316433,0.277,0.128,1.04479695632239e-06,"9","C16orf87"
4.1984909530876e-11,0.537276436877009,0.425,0.224,1.06587089826035e-06,"9","ASB8"
4.29295903842646e-11,0.569623297826711,0.365,0.185,1.08985351108533e-06,"9","EEF1AKMT1"
4.53977251041901e-11,0.595801898622877,0.382,0.2,1.15251204722007e-06,"9","ZNF703"
4.5769904574641e-11,0.793516806892121,0.26,0.118,1.16196056743641e-06,"9","OLA1P1"
4.81110276365624e-11,0.718171712370344,0.27,0.125,1.22139465860941e-06,"9","FGFR1OP"
4.91692758151033e-11,0.623232108560057,0.281,0.129,1.24826040511803e-06,"9","WDYHV1"
5.26772752047199e-11,0.747589919209672,0.267,0.122,1.33731798562222e-06,"9","NIPA2"
5.5863707462134e-11,0.893292229914857,0.26,0.122,1.41821194134119e-06,"9","SNAI1"
5.75721624463086e-11,0.611846340672478,0.33,0.163,1.46158448802444e-06,"9","SMAD9"
6.6401260048658e-11,0.546848605176829,0.414,0.214,1.68572878885528e-06,"9","CHPT1"
6.66332403213951e-11,0.604428481080756,0.319,0.155,1.69161807203926e-06,"9","ORC3"
6.92017443756992e-11,0.508578702166201,0.491,0.27,1.75682468446587e-06,"9","FAM216A"
7.01452626408201e-11,0.763049859935318,0.295,0.143,1.7807777826625e-06,"9","NMT2"
7.02363665493892e-11,0.542020146652731,0.481,0.27,1.78309063758934e-06,"9","GGCX"
7.59380863749068e-11,0.589303101362768,0.291,0.137,1.92784019879976e-06,"9","CEP135"
7.70300893898575e-11,0.771827302804322,0.284,0.135,1.95556287934031e-06,"9","POGLUT1"
7.76593667926173e-11,0.672843856053637,0.277,0.13,1.97153834476418e-06,"9","POLR1A"
7.79449503051224e-11,0.611110080889096,0.27,0.124,1.97878845339614e-06,"9","HNRNPA3P5"
8.24209699309526e-11,0.50078098968029,0.505,0.28,2.09242116363709e-06,"9","NABP2"
8.77253888337567e-11,0.591582075646807,0.337,0.168,2.22708444632258e-06,"9","TAF1B"
9.12728155194376e-11,0.683036655148615,0.288,0.137,2.31714296759196e-06,"9","MEG8"
9.47391968046949e-11,0.68222877655069,0.281,0.133,2.40514398928079e-06,"9","ABCB8"
1.04797718299146e-10,0.576067842057153,0.309,0.15,2.66049967446041e-06,"9","PSPC1"
1.12729569439814e-10,0.680008443857073,0.274,0.127,2.86186557936856e-06,"9","RCC2"
1.13453641092374e-10,0.52129570102746,0.414,0.218,2.88024758641209e-06,"9","SLC35F6"
1.21235657516891e-10,0.545366093448934,0.467,0.264,3.07780963738132e-06,"9","RABEPK"
1.21476253640524e-10,0.601568967661937,0.274,0.127,3.08391765117197e-06,"9","SNORD104"
1.27025424979664e-10,0.545127405136661,0.295,0.139,3.22479446395874e-06,"9","SUPT20H"
1.30895245992874e-10,0.558809183987041,0.382,0.202,3.32303761002109e-06,"9","ANKRD52"
1.32505591907529e-10,0.521246994192711,0.428,0.23,3.36391946175643e-06,"9","AL596087.1"
1.34343850944024e-10,0.528026782031632,0.442,0.244,3.41058734391595e-06,"9","ANGPTL5"
1.45307345378633e-10,0.559684525979341,0.351,0.179,3.68891757712735e-06,"9","DCAKD"
1.46768071295463e-10,0.688096020511201,0.312,0.156,3.72600102597792e-06,"9","SNRPFP1"
1.50355573975746e-10,0.655483324963966,0.347,0.18,3.81707695652227e-06,"9","EXOSC8"
1.5096920434208e-10,0.569660276863306,0.404,0.216,3.83265519063238e-06,"9","NEDD1"
1.66685439447356e-10,0.529199257964893,0.379,0.197,4.23164325125002e-06,"9","BTBD10"
1.67423483706395e-10,0.653424326386962,0.256,0.117,4.25037998085424e-06,"9","AL356653.1"
1.74135357825423e-10,0.521355321095314,0.614,0.388,4.42077432911402e-06,"9","TGM2"
1.76504816856772e-10,0.52626220249199,0.495,0.284,4.48092778554288e-06,"9","CFAP20"
1.78614012297552e-10,0.643200559120041,0.305,0.151,4.53447393019795e-06,"9","EMC9"
2.03206428333804e-10,0.532944167692613,0.47,0.263,5.15880159611029e-06,"9","MRPL35"
2.23546359487669e-10,0.72527717985394,0.284,0.137,5.67517142831346e-06,"9","ARV1"
2.26904673496002e-10,0.543791715756367,0.26,0.119,5.76042894604299e-06,"9","S100A2"
2.35119757020599e-10,0.608280585330843,0.312,0.154,5.96898527148194e-06,"9","PUS7L"
2.3767148283268e-10,0.509257916453704,0.453,0.252,6.03376593467325e-06,"9","TECR"
2.49591337453406e-10,0.624892152897907,0.344,0.179,6.33637528392961e-06,"9","RPL21"
2.5200823620335e-10,0.523699855637419,0.389,0.206,6.39773309249443e-06,"9","NDUFB1P1"
2.59696637071693e-10,0.549767603723089,0.368,0.192,6.59291852533908e-06,"9","GLE1"
2.71293357862986e-10,0.510962410905689,0.449,0.244,6.88732447606763e-06,"9","WRB"
3.13720330260472e-10,0.59069626251829,0.284,0.136,7.96441802432261e-06,"9","FAF1"
3.18322383023111e-10,0.564765304243918,0.379,0.201,8.08125033780773e-06,"9","GSTM5"
3.22908720410748e-10,0.573074678909711,0.274,0.128,8.19768368506767e-06,"9","TMEM267"
3.46265936168682e-10,0.61305348200836,0.333,0.169,8.79065332151433e-06,"9","SRD5A3"
4.10482541638395e-10,0.601450949429935,0.295,0.144,1.04209202845739e-05,"9","SH3RF1"
4.1161715526461e-10,0.590685530707933,0.312,0.156,1.04497247207026e-05,"9","NCOA5"
4.26589135123194e-10,0.537002942948487,0.354,0.183,1.08298183733725e-05,"9","CPSF4"
4.61890399375815e-10,0.661003219964112,0.256,0.12,1.17260115689538e-05,"9","MPP1"
4.7921461929921e-10,0.676687228609795,0.274,0.133,1.2165821540149e-05,"9","GLIPR2"
5.08446896194808e-10,0.637094676762571,0.323,0.164,1.29079413536976e-05,"9","RIN1"
5.09543532608445e-10,0.728066987989761,0.288,0.144,1.29357816623306e-05,"9","PARP2"
5.28666120916108e-10,0.54235568473739,0.344,0.177,1.34212468116972e-05,"9","NFS1"
5.47981349053446e-10,0.64609087281491,0.333,0.176,1.39116025084198e-05,"9","PPP2R5D"
5.49853091373986e-10,0.562111022782976,0.326,0.165,1.39591204307114e-05,"9","NEK1"
5.52950011263017e-10,0.705076325424661,0.312,0.16,1.40377419359342e-05,"9","CDK5"
6.02322204366294e-10,0.525702189154855,0.428,0.239,1.52911538022471e-05,"9","ACADM"
6.15721164900272e-10,0.547419784737375,0.389,0.214,1.56313132133232e-05,"9","SMIM4"
6.27698980720001e-10,0.570726350446337,0.372,0.199,1.59353940235387e-05,"9","SLC10A3"
6.45879966607428e-10,0.541411836926464,0.372,0.195,1.63969547122628e-05,"9","LOXL3"
6.84399056246675e-10,0.571303821971815,0.312,0.157,1.73748388409343e-05,"9","MSX1"
6.98891942363767e-10,0.540747928142357,0.418,0.232,1.77427697407889e-05,"9","TCTN3"
7.43629592726199e-10,0.555036115619431,0.365,0.191,1.887852447054e-05,"9","AC138392.1"
7.45072314175268e-10,0.663532603912994,0.295,0.147,1.89151508399675e-05,"9","DHRS7B"
7.91473829920386e-10,0.514077464168351,0.365,0.194,2.00931461201888e-05,"9","ORAI1"
8.00005863051914e-10,0.503672390250568,0.337,0.173,2.03097488452989e-05,"9","HPS5"
8.99254337937275e-10,0.556238570268587,0.33,0.17,2.28293698772136e-05,"9","PGAM5"
9.13422279302326e-10,0.59522893116943,0.382,0.213,2.31890514046481e-05,"9","FBXO17"
9.17942415825331e-10,0.532397728761569,0.382,0.207,2.33038041105577e-05,"9","IRF2BP1"
1.00911768392391e-09,0.512636975395186,0.404,0.219,2.56184706417763e-05,"9","RTL8B"
1.0498465114538e-09,0.538482124980225,0.277,0.134,2.66524533862777e-05,"9","ZNF618"
1.08696870203482e-09,0.507876848764997,0.326,0.167,2.75948744385579e-05,"9","NSDHL"
1.15988476589827e-09,0.580263863408715,0.26,0.123,2.94459945518593e-05,"9","VPS45"
1.1747571067756e-09,0.644031419031155,0.333,0.176,2.98235586697122e-05,"9","STYX"
1.51497970907026e-09,0.514820784221327,0.323,0.163,3.84607898741668e-05,"9","C22orf39"
1.62963098615186e-09,0.584570252531327,0.277,0.135,4.13714418454373e-05,"9","MRPS26"
1.63914149765911e-09,0.669441820347384,0.274,0.135,4.16128852010717e-05,"9","EIPR1"
1.6562323848437e-09,0.502996917148923,0.347,0.182,4.2046771554027e-05,"9","C6orf203"
1.87563247555951e-09,0.676219167074009,0.302,0.158,4.76166816570294e-05,"9","PACSIN3"
1.96307253394814e-09,0.555630362245592,0.351,0.188,4.98365224193416e-05,"9","KCTD17"
1.9768287148611e-09,0.520284863431841,0.365,0.194,5.01857505841787e-05,"9","PIEZO1"
1.98252212893137e-09,0.576227279177506,0.404,0.229,5.03302892871807e-05,"9","RAD1"
2.00511517918369e-09,0.539525388588927,0.368,0.197,5.09038590539364e-05,"9","BLCAP"
2.2438877598958e-09,0.590668601354268,0.333,0.176,5.69655785604746e-05,"9","LGR4"
2.7183297225073e-09,0.650149431755173,0.295,0.152,6.90102366652929e-05,"9","CEP41"
3.1756343779398e-09,0.518494113127963,0.404,0.225,8.06198299527576e-05,"9","DNM3OS"
3.50237753904804e-09,0.55856261360518,0.26,0.125,8.89148585838125e-05,"9","NUFIP1"
3.7118660301178e-09,0.545562750063973,0.295,0.148,9.42331429066005e-05,"9","GPR180"
3.93830953832804e-09,0.710637235772226,0.263,0.132,9.99818642495339e-05,"9","C17orf75"
4.06321148283173e-09,0.585167401967063,0.26,0.126,0.000103152749914649,"9","AL020997.1"
4.45082177347031e-09,0.68412985548015,0.309,0.165,0.000112993012363091,"9","AC098614.1"
4.7196214660347e-09,0.574802730891338,0.396,0.229,0.000119817030158223,"9","HOXA10"
4.84304264657468e-09,0.541539459856523,0.27,0.134,0.000122950323668591,"9","FAM109B"
4.98908513676186e-09,0.532123424226923,0.354,0.193,0.000126657904366973,"9","TBX2"
6.38465840264623e-09,0.610073881909336,0.281,0.142,0.00016208732286798,"9","CDC42P6"
6.78451467143814e-09,0.51324106639849,0.316,0.166,0.0001722384739638,"9","AC016747.1"
7.20223558073628e-09,0.618336665819278,0.365,0.212,0.000182843154688152,"9","LBP"
7.63824357715383e-09,0.614883425430982,0.288,0.148,0.000193912089693204,"9","BAK1"
7.94943969343388e-09,0.542497870623904,0.337,0.18,0.000201812425497206,"9","PAK4"
8.27474914615783e-09,0.519696997022136,0.34,0.183,0.000210071056573509,"9","RPAP3"
8.71151603352491e-09,0.507285508264295,0.358,0.196,0.000221159257543097,"9","COPS4"
8.97626100258224e-09,0.584680906321113,0.281,0.144,0.000227880338072555,"9","SELENOO"
9.19854552056904e-09,0.526556299551989,0.333,0.18,0.000233523475130686,"9","GFM1"
9.34392401607222e-09,0.555933307608995,0.358,0.197,0.000237214198996026,"9","AC023512.1"
9.81790737210256e-09,0.554227905859551,0.284,0.146,0.000249247214455568,"9","PHTF1"
1.00649315597838e-08,0.558847239046283,0.281,0.144,0.000255518417508231,"9","CC2D2A"
1.03681430689025e-08,0.513540919243995,0.33,0.175,0.000263216048090229,"9","CHST3"
1.0371772947984e-08,0.550912433348232,0.291,0.151,0.000263308199830471,"9","MSH6"
1.09620819505284e-08,0.776461641008313,0.33,0.185,0.000278294374478065,"9","FZD2"
1.14556451571551e-08,0.525006656536811,0.27,0.136,0.000290824463604696,"9","RABIF"
1.15679627335376e-08,0.533170249560618,0.277,0.14,0.000293675869916318,"9","SNRNP40"
1.1588478130076e-08,0.542011181001245,0.295,0.152,0.00029419669428824,"9","TMEM80"
1.20071444489661e-08,0.608577648324741,0.274,0.139,0.000304825376125901,"9","TRUB1"
1.25055905102657e-08,0.575029431684662,0.305,0.163,0.000317479426284115,"9","STK32C"
1.28944606822217e-08,0.587753784675215,0.298,0.158,0.000327351673339563,"9","RNF4"
1.39834730669496e-08,0.50069806163042,0.316,0.166,0.000354998430750649,"9","TSR3"
1.52193659272218e-08,0.537504242644818,0.368,0.207,0.00038637404279438,"9","EVA1A"
1.69276332850235e-08,0.551373091727185,0.305,0.16,0.000429741826206891,"9","FZR1"
2.27732929440623e-08,0.540260080539956,0.347,0.196,0.000578145587970909,"9","SNHG25"
2.4855292148466e-08,0.520673408072628,0.27,0.139,0.000631001301773107,"9","GXYLT1"
2.54226996441032e-08,0.606718988620599,0.302,0.163,0.000645406075864849,"9","CRABP2"
2.95412447416143e-08,0.503140266747551,0.347,0.192,0.000749963580255363,"9","DHX30"
3.45754956462452e-08,0.518703228361399,0.368,0.21,0.000877768107971227,"9","IFT74"
3.65604416826467e-08,0.641434502257629,0.281,0.148,0.000928159932997353,"9","MUL1"
3.98790674037054e-08,0.56090844248034,0.302,0.162,0.00101240988417787,"9","NADK2"
3.98802970093616e-08,0.5098991644446,0.291,0.153,0.00101244110017666,"9","TBL3"
4.15872302092533e-08,0.508517830994005,0.274,0.141,0.00105577501332231,"9","MTFMT"
4.29559751013349e-08,0.521857559215583,0.267,0.139,0.00109052333989759,"9","EMILIN2"
4.43015936247113e-08,0.543797675854965,0.263,0.135,0.00112468455735055,"9","ALDH16A1"
5.21672967045079e-08,0.593683367935015,0.316,0.176,0.00132437116143734,"9","SVIP"
5.66827659322479e-08,0.523898276025504,0.281,0.148,0.00143900537872198,"9","DPP3"
5.83813461129341e-08,0.564524019534477,0.267,0.139,0.00148212723376906,"9","AP5S1"
6.71079096270446e-08,0.594155652625072,0.253,0.131,0.00170366850170178,"9","SUB1P3"
6.77457121482432e-08,0.501049355044736,0.26,0.133,0.00171986039430745,"9","FAM53B"
1.02698101260358e-07,0.551801327390573,0.263,0.139,0.00260719669669671,"9","FAHD2A"
1.07448007127062e-07,0.559060406048251,0.295,0.162,0.00272778255693472,"9","TRIM37"
1.15054148031516e-07,0.527655673981368,0.312,0.173,0.00292087965607611,"9","VTI1B"
1.59979571106145e-07,0.567668362056677,0.256,0.135,0.00406140137167171,"9","CCDC71"
1.97990157980419e-07,0.527376153954997,0.291,0.158,0.00502637614064889,"9","SNAP47"
2.12692504685146e-07,0.510349963180985,0.26,0.138,0.0053996246164418,"9","SLC25A13"
2.19130721297857e-07,0.567243376063159,0.277,0.151,0.0055630716215887,"9","L3HYPDH"
2.62006474075186e-07,0.56986528263739,0.323,0.187,0.00665155835734674,"9","PHF6"
3.86958455711109e-07,0.50736372915607,0.411,0.258,0.00982371431513794,"9","MT1M"
3.98900770191185e-07,0.51502958450007,0.305,0.175,0.0101268938528436,"9","CENPT"
1.42884470191482e-06,0.562693752669028,0.256,0.142,0.0362740804475115,"9","LSM12P1"
1.44383237205362e-06,0.518240931662474,0.284,0.165,0.0366545724293252,"9","IMMP1L"
2.43489454525782e-06,0.504305882043127,0.27,0.155,0.0618146678204601,"9","TPD52L1"
3.16811792702777e-06,0.543644447186797,0.267,0.155,0.0804290098134541,"9","CCBE1"
0,4.19171301037807,0.745,0.055,0,"10","RPS4Y1"
1.97626258336499e-323,3.84181875087187,0.803,0.071,5.01713782038869e-319,"10","RPL10P6"
4.50247274600985e-224,4.17855871902348,0.448,0.027,1.14304275602952e-219,"10","DDX3Y"
1.6233031192323e-143,4.27831570766902,0.297,0.019,4.12107962879503e-139,"10","EIF1AY"
1.40128219400336e-64,2.06651119651464,0.623,0.195,3.55743510591632e-60,"10","GDF6"
5.88223622264783e-63,3.10489160673216,0.276,0.04,1.4933233098436e-58,"10","LCN2"
4.52412592392484e-57,1.13028733911547,0.891,0.607,1.1485398483068e-52,"10","RPL10P9"
7.01957800672701e-52,0.927107395862107,0.95,0.685,1.78206026856779e-47,"10","SMOC1"
2.64140114634143e-51,2.99210470279982,0.318,0.065,6.70572509021698e-47,"10","SAA1"
4.80462173742561e-47,1.40789216235531,0.787,0.411,1.21974932048024e-42,"10","DOK1"
1.09484135098766e-43,0.729348084850453,0.971,0.792,2.77947373775236e-39,"10","GALNT2"
1.05676812935065e-42,2.62151794944088,0.293,0.064,2.6828172499825e-38,"10","COL11A1"
4.17674936345599e-41,0.522732105442928,0.987,0.897,1.06035136090057e-36,"10","CKAP4"
1.43889855685901e-40,1.80680067287105,0.515,0.186,3.65293176629796e-36,"10","WFDC21P"
1.4445405367502e-39,1.8812606800162,0.255,0.051,3.66725506064772e-35,"10","ITGB2"
4.77340788074959e-39,0.521413673063899,0.987,0.873,1.2118250586859e-34,"10","ERGIC1"
2.04061888180686e-38,2.21454809326557,0.301,0.072,5.18051915524308e-34,"10","SPTLC3"
5.5846258757407e-37,1.11589029998847,0.9,0.652,1.41776897107429e-32,"10","TNFRSF11B"
1.65989792703287e-35,0.860965603573197,0.891,0.611,4.21398286735835e-31,"10","CAPG"
2.57519770254958e-34,1.28044983093694,0.682,0.348,6.53765440746262e-30,"10","GLIPR1"
6.10748635697071e-34,1.58812735919089,0.707,0.377,1.55050756144415e-29,"10","C2orf40"
1.58687263821516e-32,0.607105548133294,0.937,0.817,4.02859356663683e-28,"10","ITGB5"
6.99257683611715e-31,1.0978688151456,0.745,0.431,1.77520548138506e-26,"10","FZD8"
1.2803715539227e-30,0.533414019769042,1,0.909,3.25047926394357e-26,"10","PTTG1IP"
1.68639752694771e-30,0.884266201980689,0.87,0.578,4.28125740166215e-26,"10","FHL2"
2.0797696232458e-30,0.579294324581336,0.962,0.818,5.27991114253411e-26,"10","STAT1"
5.88755202431188e-30,0.930881790741151,0.833,0.513,1.49467283241206e-25,"10","GALNT15"
3.59304544937618e-29,0.608327730143982,0.958,0.76,9.12166448233131e-25,"10","NDUFB2"
1.63272793170313e-28,1.27079297864473,0.653,0.343,4.14500640021473e-24,"10","PALMD"
1.68954991020696e-28,1.02818683903502,0.787,0.506,4.28926035704242e-24,"10","GPX3"
1.2034467295329e-27,1.28105820142234,0.715,0.403,3.05519021226518e-23,"10","SERPINA1"
1.81351022778051e-27,0.535967349834088,0.967,0.844,4.60395841526639e-23,"10","PRSS23"
2.32680423904236e-27,1.30848214113359,0.59,0.292,5.90705792165683e-23,"10","ATP1B1"
2.74590156251217e-27,1.21741256686562,0.565,0.259,6.97102029674966e-23,"10","CMKLR1"
2.76541394032496e-27,1.10383527414539,0.665,0.344,7.02055637030297e-23,"10","DUSP4"
3.60103364469845e-27,0.89273043946034,0.849,0.565,9.14194411379596e-23,"10","IFIT1"
7.92652764208041e-27,0.813049848586571,0.954,0.8,2.01230757249495e-22,"10","CHI3L2"
1.2892228495686e-26,1.82044567672502,0.314,0.1,3.2729500481998e-22,"10","LOXL4"
1.56737940141597e-25,0.763952558127817,0.891,0.688,3.97910608637472e-21,"10","MRPS6"
1.68325849282601e-25,1.17584069358382,0.674,0.387,4.27328833573739e-21,"10","TGM2"
3.41619759283689e-25,1.31453408827555,0.46,0.193,8.672700828935e-21,"10","LOXL3"
5.04697319125935e-25,1.33810706522134,0.494,0.216,1.28127508406501e-20,"10","MT1F"
1.0776255436537e-24,1.11022604992614,0.665,0.366,2.73576796767366e-20,"10","SEC11C"
1.13524993416166e-24,1.28205105860321,0.611,0.357,2.8820590078562e-20,"10","P3H2"
6.13865084999621e-24,0.714466815069627,0.874,0.619,1.55841929128854e-19,"10","GOLM1"
6.3800771329849e-24,0.765206870663233,0.833,0.609,1.61971018175088e-19,"10","ID3"
1.18594548503891e-23,0.770763781744089,0.87,0.64,3.01075980286828e-19,"10","FAM46A"
1.46173303263484e-23,1.56421533662879,0.314,0.105,3.71090164995008e-19,"10","ANKRD35"
4.05410372785171e-23,0.542378618275592,0.929,0.758,1.02921531338971e-18,"10","SMIM14"
7.34621862904613e-23,0.628511458814941,0.925,0.705,1.86498452335594e-18,"10","KCNMA1"
2.20251273065878e-22,1.84009982813278,0.368,0.146,5.59151906932343e-18,"10","FGFBP2"
3.77653112265859e-22,0.974038440278771,0.619,0.322,9.58747956109336e-18,"10","IRS1"
4.81114759531266e-22,0.545291537458215,0.925,0.761,1.22140604002203e-17,"10","MAGED1"
7.17315296117949e-22,1.10854932158215,0.54,0.262,1.82104834225464e-17,"10","TOB1"
1.04143989374319e-21,0.541417009110499,0.962,0.81,2.64390345824585e-17,"10","MT1E"
1.18294564182729e-21,0.57648739449601,0.921,0.78,3.00314410090693e-17,"10","MX1"
3.99375328402697e-21,0.565953915001403,0.925,0.738,1.01389414621593e-16,"10","FOXC1"
6.18789443281676e-21,1.6237647814809,0.414,0.187,1.57092075965919e-16,"10","MT1G"
6.97322538208616e-21,0.607487497812189,0.9,0.714,1.77029272775021e-16,"10","CYR61"
1.11225677057154e-20,0.681875276424092,0.866,0.619,2.82368626344997e-16,"10","OAS3"
1.74172922682825e-20,0.79344110034093,0.824,0.616,4.42172798814887e-16,"10","THBS1"
3.074993485283e-20,1.09727754944258,0.494,0.236,7.80648596108796e-16,"10","TCTA"
3.15025947246831e-20,1.33443803206473,0.444,0.21,7.9975637227553e-16,"10","VSIR"
3.48433471755833e-20,1.09461520597724,0.502,0.246,8.84568054746534e-16,"10","TM7SF3"
5.81668475030514e-20,0.820094717182676,0.778,0.517,1.47668175755997e-15,"10","MT1L"
6.40631044627098e-20,0.534040123550987,0.874,0.723,1.62637003299481e-15,"10","POLR2L"
7.02307409697632e-20,0.588867596434104,0.912,0.697,1.78294782099938e-15,"10","ERLEC1"
1.02568021318188e-19,0.889251171308579,0.649,0.365,2.60389435720485e-15,"10","GAS1"
2.07602143019069e-19,1.14506047724655,0.498,0.249,5.27039560482511e-15,"10","FIBIN"
3.32957520257061e-19,0.638921603041244,0.833,0.61,8.45279256676601e-15,"10","NME1"
3.50836054678015e-19,0.815093019719031,0.782,0.557,8.90667492011076e-15,"10","SLC5A3"
3.98082345922944e-19,1.29314911198262,0.339,0.133,1.01061165159458e-14,"10","PLA2G16"
6.36352237349596e-19,1.0931549555662,0.527,0.268,1.61550742495942e-14,"10","RSAD2"
8.05317212702388e-19,0.544020325234178,0.891,0.742,2.04445880788755e-14,"10","ANKH"
1.02781117610906e-18,1.20550329670902,0.439,0.208,2.60930423278808e-14,"10","ATOH8"
1.39952247332673e-18,1.10781804756502,0.473,0.232,3.55296770303456e-14,"10","NTN4"
1.52259137443464e-18,1.22946176310686,0.339,0.134,3.86540272227722e-14,"10","POGLUT1"
1.83165180044721e-18,1.2412542191097,0.364,0.152,4.65001442579532e-14,"10","GALNT7"
2.01940626671054e-18,0.58885875621724,0.858,0.645,5.12666668929804e-14,"10","MCFD2"
2.43108391228241e-18,1.14181960048081,0.494,0.252,6.17179272811136e-14,"10","OGN"
4.89064472838945e-18,1.27584236036784,0.351,0.147,1.24158797719623e-13,"10","SDC1"
5.03194745853232e-18,0.689604890249943,0.778,0.561,1.2774605012976e-13,"10","TRAM2"
5.39031161122115e-18,0.832065267024539,0.674,0.419,1.36843840874071e-13,"10","P3H4"
5.93022397426394e-18,1.02893393101813,0.477,0.238,1.50550596034639e-13,"10","HERC6"
7.34770553961749e-18,0.53506162606311,0.946,0.743,1.86536200534269e-13,"10","IGFBP6"
9.31797300979264e-18,0.673277710851319,0.803,0.584,2.36555380799606e-13,"10","NQO1"
1.00259663705962e-17,0.798353725223029,0.695,0.432,2.54529208250325e-13,"10","ALDH3A2"
1.31258230855311e-17,1.0868530712247,0.481,0.244,3.33225270672378e-13,"10","RPS6KA2"
1.4310712316893e-17,0.738252984302182,0.749,0.535,3.63306053588963e-13,"10","APMAP"
1.4318672613091e-17,0.988067614416831,0.653,0.41,3.63508141628541e-13,"10","SCRG1"
1.6286800636631e-17,1.30286511103209,0.385,0.172,4.13473007762151e-13,"10","PC"
2.07851368098791e-17,0.967110808045232,0.51,0.26,5.276722681924e-13,"10","SLC9A3R2"
2.13094977110128e-17,0.612118057656583,0.841,0.601,5.40984218389481e-13,"10","SH3BGRL3"
2.64808521751679e-17,0.753982685863768,0.728,0.502,6.72269394170988e-13,"10","PARP9"
3.63027571920262e-17,0.664862151591686,0.766,0.521,9.21618096833968e-13,"10","NOMO1"
5.55174068049542e-17,1.10277881221039,0.368,0.158,1.40942040655737e-12,"10","TMEM19"
8.63436211985929e-17,0.566358857405841,0.895,0.665,2.19200551136868e-12,"10","LTBP2"
9.19495707953659e-17,0.743975797009772,0.745,0.505,2.33432375378195e-12,"10","OAS1"
1.38614103787255e-16,0.621502993492762,0.812,0.612,3.51899625284705e-12,"10","OAF"
1.65450218697011e-16,0.922175921185624,0.54,0.294,4.20028470206102e-12,"10","ZFP36L2"
1.98950249297422e-16,0.563336258605457,0.854,0.683,5.05074997891366e-12,"10","WWTR1"
2.11467794638517e-16,0.507931042332264,0.895,0.736,5.36853290248802e-12,"10","MAGED2"
2.33412777552134e-16,0.729617127549738,0.724,0.468,5.92565018371602e-12,"10","AL365357.1"
2.62852226214139e-16,0.804311132964078,0.636,0.371,6.67302946689835e-12,"10","PON2"
3.32622170995824e-16,0.673876291364796,0.749,0.51,8.44427905507099e-12,"10","G6PC3"
3.65974693873431e-16,0.967392046913047,0.477,0.243,9.29099955336481e-12,"10","PRKCA"
4.65982074785341e-16,0.562513260447667,0.87,0.65,1.18298869325755e-11,"10","CLPTM1L"
5.75360265044919e-16,0.530832956916263,0.925,0.718,1.46066710486954e-11,"10","SRGN"
5.97835613013844e-16,0.975508394613134,0.481,0.25,1.51772527075825e-11,"10","BOC"
7.06162722817908e-16,0.819781899270831,0.632,0.375,1.79273530441782e-11,"10","MRPL24"
7.42982652049493e-16,1.04061631940155,0.464,0.238,1.88621005875805e-11,"10","HINT2"
8.00488829649169e-16,1.07656443686713,0.377,0.17,2.03220099183035e-11,"10","DOCK5"
9.02255244503027e-16,0.753418028458323,0.682,0.444,2.29055538921983e-11,"10","NEGR1"
1.15862508170323e-15,0.90574882463283,0.607,0.375,2.94140149491999e-11,"10","SAMD9"
1.48695795709419e-15,0.69194715318302,0.753,0.532,3.77494016567502e-11,"10","S100A13"
1.51186280862e-15,0.526134145770014,0.874,0.729,3.8381661122436e-11,"10","GALNT1"
1.90785797557721e-15,0.812699727900964,0.577,0.325,4.84347904259786e-11,"10","GBP3"
2.12269485062876e-15,0.505294116274898,0.879,0.708,5.38888541729124e-11,"10","NDUFB3"
3.80750357371821e-15,0.660922239816012,0.728,0.492,9.66610932259843e-11,"10","TXNDC15"
8.89557136859234e-15,1.11009151315124,0.435,0.229,2.25831870334454e-10,"10","GALNT18"
1.38775701786862e-14,0.794704387119248,0.615,0.386,3.52309874126308e-10,"10","ALDH3B1"
1.47559637757019e-14,1.20032696512604,0.343,0.158,3.74609652373744e-10,"10","TST"
1.49561393709608e-14,0.832111956136879,0.623,0.386,3.79691510210582e-10,"10","CITED2"
1.54135587469404e-14,0.616336531612128,0.766,0.588,3.91304015908577e-10,"10","CHMP1B"
1.66846249283833e-14,0.564345705354733,0.824,0.582,4.23572573056866e-10,"10","ZC3HAV1"
1.68235879333473e-14,0.985907691595064,0.393,0.188,4.27100426863887e-10,"10","TRIM14"
1.75184755268104e-14,0.880694856142477,0.464,0.242,4.44741538199135e-10,"10","GALNT10"
1.81585824251609e-14,0.995535612949039,0.481,0.256,4.6099193202756e-10,"10","MT1M"
2.31274229849762e-14,1.35703948988135,0.255,0.1,5.87135887319592e-10,"10","CAPS"
3.14473389900009e-14,1.06377950626446,0.431,0.232,7.98353594939154e-10,"10","SIX2"
3.15654365746395e-14,0.876956996682214,0.523,0.297,8.01351738320372e-10,"10","PYGB"
3.28474080611158e-14,0.582178978853628,0.778,0.555,8.33897148447547e-10,"10","CNP"
3.32037992477392e-14,1.29564769220026,0.318,0.144,8.42944851502355e-10,"10","C3"
3.32409021206951e-14,0.921126659540039,0.448,0.228,8.43886782138086e-10,"10","HOXA10"
3.55342876909958e-14,1.08814835313657,0.402,0.2,9.0210896161131e-10,"10","ZNF703"
4.40700860768563e-14,0.863867225121625,0.531,0.309,1.11880727523315e-09,"10","SULF2"
4.9027692472769e-14,1.10109692846077,0.322,0.143,1.24466602880619e-09,"10","CC2D2A"
4.95328861483941e-14,1.27060966554699,0.305,0.135,1.25749138064928e-09,"10","RHOD"
5.02147785557523e-14,0.741108062428069,0.653,0.428,1.27480258319488e-09,"10","COX7A1"
8.29543815498293e-14,0.759059255552764,0.594,0.355,2.10596288440552e-09,"10","GTF3C6"
8.63316832230041e-14,0.819915219019553,0.506,0.281,2.19170244198241e-09,"10","SKAP2"
8.78991273213861e-14,1.10485492213428,0.372,0.182,2.23149514530803e-09,"10","LINC00467"
9.93048120054505e-14,0.907884780180919,0.393,0.191,2.52105126238237e-09,"10","ERAP2"
1.0833565245783e-13,0.5161779498777,0.824,0.61,2.75031720894692e-09,"10","PLEC"
1.57490943989288e-13,0.721253264951258,0.619,0.387,3.99822259505606e-09,"10","C1GALT1C1"
1.68196393887441e-13,0.747134132080762,0.665,0.438,4.27000185162047e-09,"10","DDX58"
1.69398544299946e-13,1.2500248918741,0.268,0.111,4.30052084414272e-09,"10","PRR34-AS1"
2.02527187757987e-13,0.678877813928354,0.736,0.539,5.14155771561202e-09,"10","FGFRL1"
2.07715507713755e-13,0.810404979002018,0.573,0.342,5.27327359432909e-09,"10","CETN2"
2.24656848958145e-13,0.951350610504515,0.322,0.142,5.70336342450042e-09,"10","ENDOD1"
2.29669716972463e-13,0.733835141399804,0.644,0.409,5.83062510477991e-09,"10","PLAC9"
2.54306871801488e-13,0.708203771388217,0.674,0.451,6.45608855442437e-09,"10","CNPY2"
2.85523490638744e-13,0.644870321993464,0.724,0.501,7.2485848568458e-09,"10","DDOST"
3.06369871611309e-13,0.637902955865025,0.745,0.543,7.7778119305963e-09,"10","AMOTL2"
3.08396630444489e-13,1.13176654981865,0.318,0.142,7.82926525709424e-09,"10","FAM86DP"
3.98672247151054e-13,0.889261118246691,0.452,0.239,1.01210923384238e-08,"10","TMEM106C"
3.99547146122185e-13,0.571342513650955,0.774,0.554,1.01433033986039e-08,"10","SELENOT"
4.26174533600946e-13,0.549258225266972,0.803,0.637,1.08192928845272e-08,"10","PROCR"
4.72155894988059e-13,1.49283374535601,0.289,0.131,1.19866217060619e-08,"10","PDK4"
6.74496554398829e-13,0.714158398793705,0.607,0.377,1.71234440265231e-08,"10","ITFG1"
7.07293851428474e-13,0.71883250720412,0.582,0.35,1.79560690062147e-08,"10","HEG1"
7.09703442888989e-13,0.849977744790616,0.473,0.26,1.80172413046228e-08,"10","LDLRAD3"
1.50591043512046e-12,0.804071338102218,0.498,0.287,3.82305482164031e-08,"10","MYD88"
1.57825048282726e-12,0.686362691908995,0.669,0.458,4.00670450075356e-08,"10","PAPSS1"
1.69987507637911e-12,0.631693797106772,0.678,0.457,4.31547285640366e-08,"10","GAS6"
1.77750302187544e-12,0.790943431602888,0.46,0.25,4.51254692163518e-08,"10","PMVK"
1.80023777931528e-12,0.599580819156901,0.745,0.507,4.57026365034771e-08,"10","VASN"
2.10985973190336e-12,0.61821372342745,0.736,0.511,5.35630090138306e-08,"10","PPA1"
2.24592082131252e-12,1.16930150811476,0.259,0.111,5.70171918906609e-08,"10","HMGN5"
2.45329625150446e-12,0.550062273246164,0.782,0.568,6.22818319369438e-08,"10","C9orf3"
2.51155187230998e-12,0.52288733500777,0.837,0.636,6.37607673823335e-08,"10","PCOLCE2"
3.02323553069346e-12,0.60507772075087,0.715,0.492,7.6750880417715e-08,"10","EXT2"
3.25169990710053e-12,0.883590761364577,0.385,0.195,8.25509055415612e-08,"10","SUSD5"
3.44714073711565e-12,1.10141164561318,0.322,0.152,8.7512561893155e-08,"10","ETV1"
4.87468556278786e-12,0.690119827556968,0.544,0.317,1.23753642382495e-07,"10","BCL2L1"
5.00823479813507e-12,0.787395559343164,0.418,0.217,1.27144056820255e-07,"10","CISD3"
5.85216552168755e-12,0.552235673090419,0.774,0.583,1.48568926099082e-07,"10","SULF1"
6.85780718109883e-12,0.920522311279387,0.46,0.271,1.74099150906556e-07,"10","IRX3"
6.91731932396118e-12,0.586462953956359,0.699,0.495,1.75609985677402e-07,"10","SH3KBP1"
8.56136519442444e-12,0.657368593609182,0.653,0.435,2.17347378190853e-07,"10","IFI35"
8.58291341058848e-12,0.728098377452735,0.603,0.38,2.1789442275461e-07,"10","ADAM15"
9.26204878574373e-12,0.718794975570066,0.531,0.323,2.35135632523676e-07,"10","CRELD2"
1.01447332962909e-11,0.535694782863258,0.791,0.613,2.57544344192936e-07,"10","PPP1R3C"
1.1641006125409e-11,0.961761961209417,0.452,0.266,2.95530222505758e-07,"10","SLPI"
1.17985836247476e-11,0.692600749664286,0.531,0.311,2.99530642481467e-07,"10","PPCS"
1.30378676822177e-11,0.891866342735333,0.393,0.207,3.3099234684846e-07,"10","PORCN"
1.34441364331534e-11,0.527403125879046,0.762,0.539,3.41306291628466e-07,"10","ECHS1"
1.4218944160326e-11,0.702658374256447,0.565,0.345,3.60976335398196e-07,"10","SNRPN"
1.55247959253547e-11,1.0949118530309,0.314,0.152,3.9412799415698e-07,"10","SPRYD4"
1.56213568352801e-11,0.79017966933415,0.523,0.319,3.96579385977255e-07,"10","SGK1"
1.67323620733697e-11,0.689506149249434,0.569,0.357,4.24784475956636e-07,"10","LAP3"
2.08564006793141e-11,0.628466305444517,0.678,0.458,5.29481444045747e-07,"10","SP110"
2.16153477568188e-11,0.520556710189162,0.795,0.607,5.4874883350236e-07,"10","PDIA6"
2.92010433273498e-11,0.529299742700714,0.803,0.61,7.41326886951429e-07,"10","TMEM43"
2.95374555127686e-11,0.566986925448372,0.703,0.49,7.49867383102657e-07,"10","C19orf70"
3.41960166268382e-11,0.901800568920933,0.36,0.185,8.68134274105542e-07,"10","PART1"
4.1704976675048e-11,0.839524224116645,0.418,0.231,1.05876424284944e-06,"10","COPZ2"
4.39864538230475e-11,0.702264425904921,0.552,0.343,1.11668410320571e-06,"10","NPDC1"
5.55674429044134e-11,1.00278029852131,0.322,0.162,1.41069067301434e-06,"10","PCDH18"
6.49395454744329e-11,0.832647905885111,0.335,0.165,1.64862024095943e-06,"10","SYNGR2"
6.65129071610963e-11,0.712171329215456,0.531,0.322,1.68856317409875e-06,"10","AIG1"
6.9392837862766e-11,0.652428992045613,0.611,0.42,1.76167597482204e-06,"10","GTF2H5"
7.55241151784971e-11,0.537771488999028,0.711,0.508,1.91733071203651e-06,"10","DMAC1"
7.65060190256481e-11,0.786333533372792,0.435,0.246,1.94225830500413e-06,"10","ORAI2"
7.73074403816852e-11,0.709956567580429,0.502,0.298,1.96260398896984e-06,"10","ERLIN2"
7.97914705098963e-11,0.748719390184215,0.515,0.328,2.02566606183474e-06,"10","SLC38A5"
8.09276825074043e-11,0.547219777577538,0.749,0.544,2.05451107581547e-06,"10","FUCA2"
9.46744986646526e-11,0.794418366908158,0.423,0.238,2.40350149759954e-06,"10","ANO10"
1.15624501561886e-10,0.713459023164509,0.498,0.294,2.93535922115159e-06,"10","MXD4"
1.30224428055759e-10,0.599611284762653,0.653,0.432,3.30600755505156e-06,"10","TEX261"
1.51859102700725e-10,0.869081303548538,0.393,0.215,3.85524704026329e-06,"10","LTBP3"
1.52443542482261e-10,0.600660637457719,0.644,0.438,3.87008421299717e-06,"10","TMX4"
1.60520369825101e-10,0.587269496315761,0.64,0.435,4.07513062874985e-06,"10","HIGD1A"
1.61756405663811e-10,0.587670388868092,0.649,0.445,4.10650987058716e-06,"10","RCN2"
1.66318963870493e-10,1.14576039217342,0.268,0.125,4.22233953578022e-06,"10","KIAA1217"
1.68722644912524e-10,0.592735316868409,0.64,0.422,4.28336178639424e-06,"10","CD99L2"
1.99256011635532e-10,0.602192830755118,0.644,0.44,5.05851236739126e-06,"10","HPCAL1"
2.24745267337895e-10,0.838930444430909,0.389,0.212,5.70560810190714e-06,"10","DCTPP1"
2.27197644248244e-10,1.03740125286358,0.297,0.146,5.76786659453016e-06,"10","AC009244.1"
2.40010347708102e-10,0.790920166668266,0.506,0.321,6.09314269726558e-06,"10","SLC20A1"
2.49662938407256e-10,0.733426355259817,0.481,0.286,6.338193017345e-06,"10","FEZ1"
2.92145643362988e-10,0.72790378154334,0.519,0.325,7.41670144805619e-06,"10","BOLA3"
2.93306343616269e-10,0.527624005267552,0.728,0.52,7.44616814538623e-06,"10","CREB3L1"
3.09851105357182e-10,0.723265691744942,0.519,0.326,7.86619001170277e-06,"10","HTATSF1"
3.19258787051144e-10,0.651328804837958,0.623,0.418,8.10502282686738e-06,"10","SAMHD1"
3.58575030735982e-10,0.853301079328122,0.377,0.207,9.10314430529437e-06,"10","SELENBP1"
4.77938233416379e-10,0.742699032829243,0.423,0.241,1.21334179317416e-05,"10","STK17A"
5.31241223158678e-10,0.70972479841817,0.406,0.223,1.34866209323294e-05,"10","SC5D"
5.32505310668299e-10,0.588159721575148,0.715,0.526,1.35187123219361e-05,"10","RBP4"
5.47431918986368e-10,0.969619448458171,0.393,0.224,1.38976541273069e-05,"10","DPP4"
5.49625073131232e-10,0.746944200734483,0.46,0.273,1.39533317315826e-05,"10","GGCX"
5.53477754694619e-10,0.65565103506682,0.519,0.325,1.40511397584323e-05,"10","TMEM9B"
5.54366370123842e-10,1.01130780762158,0.255,0.119,1.4073699038334e-05,"10","NXPE3"
5.56775400552731e-10,0.627588454277617,0.54,0.325,1.41348570938322e-05,"10","GOT2"
5.58629502964587e-10,0.667685041539084,0.556,0.356,1.4181927191762e-05,"10","PIGS"
5.64711789977305e-10,0.859718289984074,0.339,0.177,1.43363382121538e-05,"10","IQSEC2"
6.57704711829206e-10,0.68360466989927,0.544,0.348,1.6697149519208e-05,"10","HMGN3"
6.78976032382662e-10,0.633328779488662,0.565,0.368,1.72371645340986e-05,"10","NTPCR"
7.12495453401738e-10,0.599238095976192,0.636,0.424,1.80881220755099e-05,"10","ERLIN1"
9.08463193998942e-10,0.501585064032948,0.749,0.586,2.30631551060511e-05,"10","MLEC"
9.14562560419242e-10,0.814953290627547,0.368,0.201,2.32179997213633e-05,"10","HFE"
9.97684420980717e-10,0.671666957574875,0.473,0.281,2.53282143954375e-05,"10","SCO2"
9.99185870294715e-10,0.7806879013351,0.393,0.218,2.53663316891719e-05,"10","CYB5D2"
1.07436895153092e-09,1.01445791519092,0.289,0.146,2.72750045725155e-05,"10","POP5"
1.19129032773096e-09,0.787260131061025,0.385,0.214,3.02432875501058e-05,"10","WDR34"
1.20333757496904e-09,0.976698495477509,0.28,0.138,3.05491310157391e-05,"10","NIPAL3"
1.30289135358275e-09,0.858737358095143,0.343,0.185,3.30765027934053e-05,"10","ZHX3"
1.5511612386029e-09,0.533509316171158,0.682,0.486,3.9379330364412e-05,"10","DNAJC10"
1.86264305775198e-09,0.628725071650317,0.594,0.398,4.72869193071495e-05,"10","ENPP1"
1.93110578102917e-09,0.641421950980649,0.46,0.271,4.90249824629874e-05,"10","DAG1"
1.96155868832889e-09,0.577422255539394,0.669,0.475,4.97980904206055e-05,"10","TAP2"
2.06792954296459e-09,0.50244485537735,0.728,0.527,5.2498527307242e-05,"10","TSPAN4"
2.08205086440494e-09,0.533226290154734,0.657,0.438,5.28570252946481e-05,"10","DTX3L"
2.28911136483728e-09,0.680221930735877,0.427,0.245,5.81136702191241e-05,"10","PARP3"
2.37999839619895e-09,0.82988525960766,0.36,0.201,6.04210192843027e-05,"10","SMAD6"
2.5331245493362e-09,0.542412386701488,0.594,0.383,6.4308432933998e-05,"10","ARMCX2"
2.54350441121426e-09,0.830747674423635,0.36,0.201,6.45719464874965e-05,"10","SLC35B4"
2.56845853495845e-09,0.500574969050811,0.699,0.485,6.52054568269901e-05,"10","LINC00116"
2.64308105278391e-09,0.587765499151938,0.573,0.367,6.70998986870251e-05,"10","ANXA4"
2.69650173036818e-09,0.624529825132892,0.544,0.35,6.84560894288569e-05,"10","SIGMAR1"
2.70642415663053e-09,0.900720943296911,0.326,0.174,6.87079900643792e-05,"10","EPG5"
2.75852006271399e-09,0.545909970463958,0.72,0.542,7.00305488321201e-05,"10","BZW1P2"
2.8146925919005e-09,0.790553839302367,0.272,0.131,7.1456600830578e-05,"10","POLR1A"
2.97112018945458e-09,0.69903824388434,0.49,0.3,7.54278282496833e-05,"10","SLC17A5"
3.13980267859058e-09,0.503117241479941,0.745,0.566,7.9710170601379e-05,"10","FKBP9"
3.15524105343775e-09,0.509611053326144,0.695,0.512,8.01021046236241e-05,"10","CPT1A"
3.43892344222573e-09,0.512750854480557,0.678,0.473,8.73039494277845e-05,"10","LAMTOR2"
3.45007479112552e-09,0.612709154507491,0.439,0.253,8.75870487223035e-05,"10","MRPS28"
3.49414429172131e-09,0.581290447427891,0.598,0.4,8.87058411339289e-05,"10","ERGIC2"
3.93644901731663e-09,0.547818961115024,0.628,0.435,9.99346312026173e-05,"10","SRPX2"
4.85799272717731e-09,0.528849128749397,0.661,0.466,0.00012332986136485,"10","TMCO3"
4.92844822357591e-09,0.71952425873226,0.494,0.317,0.000125118515051922,"10","KDELR3"
5.52688157418701e-09,0.624944583512129,0.527,0.331,0.000140310942523886,"10","POFUT2"
6.36555386289481e-09,0.58141145329386,0.619,0.428,0.000161602315917311,"10","FKBP14"
6.70492953367589e-09,0.894343838641,0.326,0.177,0.00017021804607143,"10","HYAL2"
6.83457490937637e-09,0.791526311086861,0.335,0.18,0.000173509353224338,"10","AL390039.1"
6.87250729292995e-09,0.819088896768881,0.339,0.187,0.000174472342645613,"10","EEF1AKMT1"
6.9375972440964e-09,0.787171014853326,0.368,0.213,0.000176124781235875,"10","PSMG4"
7.20670880003009e-09,0.843000319355483,0.272,0.136,0.000182956716306364,"10","SMOC2"
7.542103097692e-09,0.502400499926561,0.682,0.496,0.000191471371341107,"10","KANK2"
7.61288621246571e-09,0.809936267972777,0.335,0.185,0.000193268342275867,"10","NOVA1"
8.17484162951551e-09,0.813158202072265,0.351,0.196,0.00020753470444851,"10","ABHD14A"
8.59866203845104e-09,0.654186407157243,0.431,0.257,0.000218294233170156,"10","CARS2"
9.05379996431531e-09,0.897589463201204,0.268,0.135,0.000229848819694073,"10","ABCB8"
9.41772302273859e-09,1.02901847353315,0.368,0.22,0.000239087734378265,"10","IFIT2"
1.00346921704334e-08,0.591849520754712,0.502,0.315,0.000254750730130792,"10","GYG1"
1.07377001520658e-08,0.658115584798481,0.397,0.228,0.000272597993760494,"10","LRP5"
1.23927007897412e-08,0.656014494090245,0.523,0.348,0.00031461349494916,"10","POMGNT1"
1.24595206272142e-08,0.71245205712486,0.435,0.268,0.000316309850163088,"10","FRG1CP"
1.55129166062408e-08,0.943159226260875,0.255,0.128,0.000393826413882636,"10","ASF1A"
1.57511124826894e-08,0.554299487338582,0.582,0.387,0.000399873492598036,"10","ADI1"
1.63983794050102e-08,0.75425112611685,0.364,0.207,0.000416305657954995,"10","ITGAE"
1.65080215613706e-08,0.568760520750835,0.561,0.371,0.000419089143378516,"10","MYO1D"
1.72973340206707e-08,0.510264023130459,0.611,0.416,0.000439127418782766,"10","TIMM8B"
1.75526007991026e-08,0.957322359812935,0.28,0.147,0.000445607876486818,"10","KAZALD1"
1.77374782568449e-08,0.523181013191667,0.565,0.363,0.000450301360506521,"10","C12orf75"
1.91371630259377e-08,0.715598881053357,0.452,0.283,0.00048583515773948,"10","CHCHD7"
2.15349963757667e-08,0.886169815902892,0.297,0.16,0.000546708952991589,"10","PIGM"
2.19088052426913e-08,0.684396839535907,0.435,0.268,0.000556198838696204,"10","ACOT7"
2.26714556021328e-08,0.624389163976431,0.427,0.257,0.000575560243371345,"10","LSM10"
2.30214863797771e-08,0.609460794717564,0.494,0.324,0.000584446474723402,"10","TMEM14A"
2.33102133996214e-08,0.573645493650343,0.49,0.303,0.00059177638757619,"10","DTD1"
2.76977955436198e-08,0.657870019343097,0.397,0.233,0.000703163935465875,"10","SLC1A1"
2.99128384612419e-08,0.764766175433331,0.381,0.226,0.000759397230015547,"10","POLR3K"
3.12111095515064e-08,0.561513568737232,0.582,0.404,0.000792356438184094,"10","PPA2"
3.13860654590345e-08,0.592125451793666,0.481,0.305,0.000796798043808509,"10","ABRACL"
3.14877273116967e-08,0.912704743049488,0.276,0.143,0.000799378933262044,"10","MFSD11"
3.57875600991751e-08,0.852592083339647,0.255,0.128,0.000908538788237759,"10","SCAMP1-AS1"
4.10381544408643e-08,0.542126271741087,0.41,0.235,0.00104183562679022,"10","MYO6"
4.34000750361963e-08,0.617644982065949,0.406,0.24,0.00110179770494392,"10","HNMT"
4.63155588189408e-08,0.870519383371511,0.305,0.171,0.00117581309173645,"10","C10orf90"
4.83235379445667e-08,0.606708860492693,0.456,0.28,0.00122678965779872,"10","FAH"
4.8713282982773e-08,0.524905514083935,0.548,0.363,0.00123668411508366,"10","PCBD1"
4.87135456799246e-08,0.660129283967228,0.423,0.256,0.00123669078417625,"10","IVD"
5.00020234392228e-08,0.686549629096387,0.377,0.22,0.00126940136905155,"10","GADD45B"
5.01608300895039e-08,0.508634453940514,0.636,0.466,0.00127343299348224,"10","NME4"
5.08091362646351e-08,0.577451939851359,0.544,0.368,0.00128989154235029,"10","TMEM120A"
5.18162404232227e-08,0.657601560030522,0.444,0.279,0.00131545889562435,"10","CCND3"
5.66537934464325e-08,0.62376330572006,0.397,0.23,0.00143826985422458,"10","AK1"
5.68904770644371e-08,0.694781564145657,0.397,0.244,0.00144427854123487,"10","GALNT5"
5.94865971170939e-08,0.506566286819938,0.657,0.477,0.00151018624101166,"10","TBCB"
5.96742339766092e-08,0.765982792130477,0.36,0.209,0.00151494977796418,"10","LYNX1"
5.9981052830703e-08,0.957400078907715,0.305,0.173,0.00152273898821306,"10","MELTF"
6.01643397692531e-08,0.822772058050195,0.28,0.15,0.00152739209372203,"10","C11orf1"
6.71373950180205e-08,0.722104326883036,0.347,0.197,0.00170441704732249,"10","APOBEC3G"
7.2575914186649e-08,0.500059528338103,0.636,0.455,0.00184248473345646,"10","APOL6"
7.28230223989203e-08,0.822388017862411,0.255,0.132,0.00184875806964139,"10","TDRD7"
7.35819934606684e-08,0.779888158002123,0.318,0.178,0.00186802606798599,"10","SH3D19"
7.41024153093112e-08,0.858309308794141,0.264,0.139,0.00188123801745748,"10","TSHZ1"
7.75802194301703e-08,0.836681489013443,0.276,0.147,0.00196952903067373,"10","TRMT5"
8.03551833355154e-08,0.703357760219315,0.381,0.229,0.00203997703933873,"10","DHRS4L2"
8.05168455977086e-08,0.535098698014138,0.636,0.469,0.00204408115918903,"10","CTSK"
8.05545014106962e-08,0.65453181899441,0.418,0.25,0.00204503712731335,"10","NAGLU"
8.40497208923342e-08,0.851987741195985,0.31,0.177,0.00213377026429369,"10","OSTCP5"
8.78304474100282e-08,0.644483994285676,0.448,0.285,0.00222975156839838,"10","RTL6"
8.88560407598244e-08,0.654466811055915,0.347,0.192,0.00225578830676966,"10","SCPEP1"
9.12723661572225e-08,0.50082124508427,0.674,0.508,0.00231713155963341,"10","CALM3"
9.22735802128934e-08,0.627585168375946,0.548,0.385,0.00234254938086472,"10","PNPT1"
9.46491461843432e-08,0.563155543614593,0.427,0.256,0.00240285787418192,"10","NIPSNAP1"
9.60850219919554e-08,0.696141033099785,0.368,0.219,0.00243931045330977,"10","ZHX1"
1.00223564472853e-07,0.592747025936325,0.502,0.323,0.00254437563127231,"10","PCNA"
1.02937339568333e-07,0.820386600872377,0.293,0.161,0.00261327023962128,"10","B4GALT7"
1.05395054451461e-07,0.538396229346578,0.494,0.315,0.00267566424735925,"10","PLIN3"
1.0733689348466e-07,0.669725523926108,0.322,0.178,0.00272496171489507,"10","MLKL"
1.10703751960275e-07,0.648510076802259,0.339,0.19,0.00281043615101549,"10","ING2"
1.14153933892707e-07,0.519536318037185,0.506,0.327,0.00289802591973415,"10","OGFOD1"
1.32215462343243e-07,0.759639641861224,0.264,0.136,0.00335655394250791,"10","CYP4V2"
1.39199246307891e-07,0.552926405384652,0.536,0.363,0.00353385126601843,"10","ISOC2"
1.51743032829029e-07,0.743170443893264,0.322,0.183,0.00385230037443056,"10","GAS2L1"
1.60642339986743e-07,0.62055461156809,0.423,0.262,0.00407822708524344,"10","HSD17B10"
1.61609649410805e-07,0.778302443677533,0.322,0.181,0.0041027841695921,"10","SIGIRR"
1.67614674492179e-07,0.620634648847941,0.431,0.27,0.00425523374133294,"10","GM2A"
1.71578727197462e-07,0.73711556893346,0.301,0.167,0.00435586914736198,"10","HLCS"
1.72881145157499e-07,0.512885548481434,0.435,0.269,0.00438893363211343,"10","HSD17B4"
1.80137537349835e-07,0.71392208898219,0.289,0.156,0.00457315166070026,"10","PEX11B"
1.80485387942266e-07,0.725300654333747,0.322,0.181,0.00458198254369032,"10","LINC01184"
2.00748982267399e-07,0.65453227146336,0.377,0.221,0.00509641441282245,"10","RTL8B"
2.24451790341841e-07,0.665031716607712,0.272,0.144,0.00569815760140833,"10","XPA"
2.24696501979336e-07,0.606369869655932,0.427,0.267,0.00570437009574941,"10","BCL7C"
2.30209542567968e-07,0.669947724668248,0.343,0.196,0.005844329657173,"10","TCEA3"
2.32469781811598e-07,0.57848979113226,0.431,0.271,0.00590171035085104,"10","AMOTL1"
2.38849986344057e-07,0.502739283954717,0.577,0.407,0.00606368460331658,"10","SLC35B2"
2.48350394520383e-07,0.563884652684618,0.385,0.224,0.00630487146568896,"10","MMP24OS"
2.49738814783957e-07,1.02685343269349,0.255,0.139,0.0063401192909203,"10","DHCR24"
2.55144025584822e-07,0.662916161343385,0.326,0.184,0.00647734137752188,"10","MR1"
2.61712189211835e-07,0.5249973486054,0.573,0.416,0.00664408734752086,"10","DNPH1"
2.65286628691668e-07,0.581589701728618,0.41,0.255,0.00673483164259538,"10","IDH1"
2.67743771490004e-07,0.62258483205695,0.393,0.239,0.00679721112681674,"10","CHST12"
2.77523822480701e-07,0.535990423267996,0.477,0.31,0.00704549728131756,"10","HPS1"
2.92475973318514e-07,0.81482970180523,0.31,0.177,0.00742508753463712,"10","RRP36"
2.92609170482354e-07,0.670902351963108,0.385,0.237,0.00742846901103552,"10","B3GAT3"
2.99117708777435e-07,0.506161089635913,0.598,0.415,0.00759370127273275,"10","ANAPC13"
3.22812633410824e-07,0.656743002720757,0.402,0.254,0.00819524432440059,"10","METRN"
3.23932704111349e-07,0.564055895579888,0.364,0.212,0.00822367955927482,"10","B3GALT6"
3.32525808803824e-07,0.736432805609012,0.272,0.147,0.00844183270810269,"10","NIPSNAP3A"
3.38601920799171e-07,0.613365650469713,0.368,0.218,0.00859608696332855,"10","HOXA9"
3.56754436817584e-07,0.752710349882615,0.297,0.168,0.00905692488748802,"10","TMEM14DP"
3.6005359859318e-07,0.694707714842438,0.314,0.177,0.00914068070748506,"10","PHKB"
3.80277519843056e-07,0.533076786022651,0.552,0.399,0.00965410539625567,"10","PARVB"
3.85426187511822e-07,0.564347596491769,0.46,0.3,0.00978481462236263,"10","RHBDF1"
3.91537283543051e-07,0.71287773507867,0.301,0.169,0.00993995701730744,"10","GLT8D2"
3.93906561247261e-07,0.551373101845128,0.448,0.282,0.0100001058703842,"10","LRP11"
4.26354839907715e-07,0.643685102273564,0.364,0.216,0.0108238703207372,"10","SMIM4"
4.44517697967235e-07,0.619695501309424,0.414,0.257,0.0112849707982942,"10","TMEM42"
4.58740523566353e-07,0.787342678842457,0.276,0.153,0.011646045671779,"10","ADAT1"
4.84620898358982e-07,0.510931277534477,0.628,0.452,0.0123030707466395,"10","PLXDC2"
4.8555632336868e-07,0.517710635408982,0.456,0.29,0.0123268183813607,"10","ZMAT3"
4.93297918286755e-07,0.73698888703298,0.305,0.176,0.0125233542515459,"10","MIR22HG"
5.53254171676059e-07,0.561351952808891,0.372,0.22,0.0140454636563401,"10","PDCL"
5.78490274965443e-07,0.926800476035781,0.251,0.137,0.0146861326105477,"10","EIPR1"
5.85910501612862e-07,0.575812795091116,0.477,0.316,0.0148745099044457,"10","GTF3A"
6.21419651241407e-07,0.673942354083021,0.397,0.25,0.0157759806860656,"10","OASL"
6.59818296186945e-07,0.716578512010464,0.259,0.14,0.016750807085298,"10","CCDC97"
6.71537850551916e-07,0.697469754602348,0.297,0.169,0.0170483314119615,"10","COX20P1"
6.94239903027889e-07,0.605162310358381,0.385,0.236,0.017624668418169,"10","MAPK9"
7.08796340071838e-07,0.57085199160029,0.397,0.249,0.0179942126854037,"10","LDLRAP1"
7.3310553157999e-07,0.509238055724684,0.494,0.335,0.0186113501302212,"10","SLC38A10"
7.59080372532585e-07,0.505897152284063,0.469,0.304,0.0192707734174847,"10","NAXE"
8.01595968700124e-07,0.627732600704104,0.414,0.26,0.02035011685739,"10","MPDU1"
8.16409860044747e-07,0.584331743256055,0.456,0.301,0.020726197116956,"10","KLHL20"
8.46393510088717e-07,0.575142619344663,0.36,0.214,0.0214873920406222,"10","KLF16"
9.24881902357265e-07,0.503254841088293,0.502,0.337,0.0234799768551439,"10","LEPROTL1"
9.3222554803642e-07,0.54583429384957,0.397,0.247,0.0236664099880006,"10","MAEA"
9.55077545308904e-07,0.539966596365534,0.41,0.259,0.0242465536427571,"10","PIP4P2"
9.59822603625121e-07,0.847375870181679,0.293,0.172,0.0243670164382309,"10","MAT2A"
9.67219404494027e-07,0.59201428318278,0.456,0.308,0.0245547990218899,"10","ERG28"
1.07984244897305e-06,0.703451560559949,0.347,0.215,0.0274139602520789,"10","GSTM4"
1.08122714983379e-06,0.840251040758684,0.251,0.139,0.0274491136528306,"10","CRNDE"
1.1341701388211e-06,0.586710343069267,0.347,0.21,0.0287931773142512,"10","IRF2BP1"
1.16582194200226e-06,0.694052533089531,0.351,0.214,0.0295967216416114,"10","TSPAN17"
1.18744534748475e-06,0.705735684916899,0.305,0.18,0.0301456750365954,"10","NFS1"
1.25104972110063e-06,0.647576121083885,0.31,0.18,0.0317603992695816,"10","SLC16A4"
1.27735267135484e-06,0.551804564175175,0.414,0.267,0.0324281522676853,"10","MET"
1.32492438231619e-06,0.512652850246267,0.561,0.404,0.0336358552938612,"10","PPT1"
1.34864487618769e-06,0.580329569475201,0.285,0.158,0.0342380474717769,"10","LAGE3"
1.38432663093389e-06,0.60490802071354,0.406,0.255,0.0351439001795186,"10","ARPC1B"
1.39245560105225e-06,0.515652245754776,0.423,0.267,0.0353502703439135,"10","RABEPK"
1.41984111118708e-06,0.592515268362599,0.347,0.21,0.0360455062897065,"10","HSPB8"
1.5010634696273e-06,0.68788550290396,0.322,0.194,0.0381074983034283,"10","STX1A"
1.67237329706455e-06,0.519247395299841,0.515,0.353,0.0424565408925777,"10","AMD1"
1.70485744019849e-06,0.613344055877425,0.377,0.235,0.0432812158343192,"10","TCTN3"
1.75140585071269e-06,0.736301932496776,0.318,0.194,0.0444629403320432,"10","EIF2B1"
1.81457986064546e-06,0.57810621452054,0.322,0.187,0.0460667389222062,"10","XXYLT1"
1.82329060908242e-06,0.530030932492799,0.397,0.25,0.0462878786927754,"10","TMEM99"
1.87530462381577e-06,0.729448848743372,0.289,0.166,0.0476083584848109,"10","RIN1"
1.90317463705904e-06,0.542828950531742,0.423,0.275,0.0483158945110179,"10","CMBL"
1.9767531546584e-06,0.697804871191021,0.314,0.189,0.0501838323373129,"10","TMEM237"
2.10014802022213e-06,0.540660065101626,0.372,0.229,0.0533164577893791,"10","MGMT"
2.10989326142459e-06,0.582451035094167,0.418,0.277,0.0535638602277862,"10","PARP12"
2.16520052844428e-06,0.599965233909814,0.335,0.201,0.0549679458156149,"10","PITX1"
2.21331455170792e-06,0.538029906938447,0.444,0.296,0.0561894165242089,"10","P3H3"
2.23904966675044e-06,0.646509309738417,0.276,0.157,0.0568427538897934,"10","NUDT16L1"
2.42954957566677e-06,0.551755495942741,0.498,0.339,0.0616789750774522,"10","CTSO"
2.56366728647583e-06,0.539514416565147,0.414,0.27,0.0650838214017619,"10","C16orf62"
2.6320502366247e-06,0.637239587405533,0.297,0.175,0.0668198593571913,"10","XKR8"
2.64466812538115e-06,0.599720062395886,0.326,0.195,0.0671401896990512,"10","PDE7B"
2.76518501651884e-06,0.529207128381083,0.527,0.374,0.0701997520143639,"10","SMDT1"
2.83919787775989e-06,0.821040186341287,0.255,0.144,0.0720787165226903,"10","CDK2AP1"
2.94133228508455e-06,0.662654944519292,0.297,0.174,0.0746716027214415,"10","NT5DC1"
2.96517203575184e-06,0.889677405695318,0.305,0.192,0.0752768224716319,"10","ISM1"
3.03166040827328e-06,0.850598453000779,0.276,0.161,0.0769647627848339,"10","CMPK2"
3.10660170005125e-06,0.506417018989182,0.485,0.327,0.0788672973592011,"10","ZC3H7B"
3.25480318120774e-06,0.5157301602719,0.494,0.34,0.082629688361321,"10","MRPL16"
3.34809313034534e-06,0.71717348240947,0.272,0.155,0.0849980403000771,"10","NAGA"
3.41774595691561e-06,0.671496905509176,0.469,0.332,0.0867663166082166,"10","MAOB"
3.43366718033698e-06,0.718219582644088,0.276,0.162,0.087170508707215,"10","COX17P1"
3.60063868935039e-06,0.585172112666272,0.347,0.215,0.0914094144065383,"10","TAOK2"
4.60754984189689e-06,0.541931851209035,0.494,0.358,0.116971867836236,"10","SAMD9L"
4.61015802692102e-06,0.580929145320713,0.356,0.221,0.117038081829444,"10","GATD1"
4.662148108767e-06,0.529573160527647,0.351,0.213,0.118357954037268,"10","MOGS"
4.68944540812054e-06,0.606668161399552,0.314,0.189,0.119050950575956,"10","ELAC2"
4.71618078434436e-06,0.725078944613979,0.251,0.14,0.11972968157215,"10","ARV1"
4.72973161035611e-06,0.578117151464443,0.389,0.25,0.120073696392111,"10","MRPL40"
4.9147491235887e-06,0.517296784579911,0.418,0.275,0.124770736000546,"10","CHCHD5"
5.03083405752165e-06,0.663574642337193,0.494,0.362,0.127717784218302,"10","ACAN"
5.13099418496363e-06,0.519804862378588,0.439,0.296,0.130260549373672,"10","PIGP"
5.32305875976605e-06,0.520142020251894,0.41,0.267,0.135136492734181,"10","MRPL35"
5.41414598501495e-06,0.565869917394684,0.347,0.217,0.137448924121575,"10","NLN"
5.43383983300823e-06,0.502049247048382,0.435,0.288,0.13794889184058,"10","NCLN"
5.82697391724397e-06,0.589076445731387,0.301,0.178,0.147929386837073,"10","LGR4"
5.92010141490692e-06,0.500190191264341,0.477,0.331,0.150293614620242,"10","AC024619.4"
5.93124238768532e-06,0.515638861821945,0.264,0.146,0.150576450496167,"10","SNHG18"
6.64172722367278e-06,0.514406406857364,0.381,0.241,0.168613529027381,"10","SLC26A2"
7.34380226794881e-06,0.505326603449946,0.406,0.266,0.186437108176416,"10","COMMD5"
7.35634760312405e-06,0.536740266203456,0.389,0.251,0.18675559660051,"10","NME3"
7.39527215663052e-06,0.62153907240203,0.314,0.195,0.187743774240379,"10","BABAM2"
7.47914401643507e-06,0.573853913228544,0.431,0.298,0.189873029145237,"10","HSD17B12"
7.56699127615786e-06,0.646002716753918,0.276,0.162,0.19210320752782,"10","SLC48A1"
7.73198187235111e-06,0.533012135795259,0.389,0.254,0.196291823793378,"10","QDPR"
7.78398937935982e-06,0.664207040226184,0.322,0.198,0.197612138373808,"10","SLC23A2"
7.93496389342309e-06,0.571022297211978,0.326,0.2,0.201444928362332,"10","BLCAP"
8.47097887233881e-06,0.515355548141107,0.305,0.185,0.215052740632065,"10","C6orf203"
8.91981551737965e-06,0.539287226004644,0.339,0.213,0.226447356539717,"10","PLCD3"
9.03193781518605e-06,0.636881033687621,0.268,0.158,0.229293805314128,"10","DPY19L3"
9.56402467001005e-06,0.524492586307972,0.36,0.227,0.242801894297545,"10","PYGO2"
9.69641804641793e-06,0.52722357832259,0.28,0.162,0.246162964944412,"10","SGSH"
9.88187849268097e-06,0.70165616063868,0.36,0.237,0.250871249293692,"10","HERC5"
9.94576781439185e-06,0.502442499088691,0.335,0.205,0.252493207503966,"10","ANAPC7"
1.00658559703e-05,0.506971829070223,0.502,0.361,0.255541885518007,"10","C19orf24"
1.02767101160814e-05,0.507992587828305,0.565,0.454,0.260894839716958,"10","HERC4"
1.12193709265136e-05,0.551740518034975,0.427,0.288,0.2848261697114,"10","EXTL2"
1.12314957488398e-05,0.658616468251513,0.314,0.193,0.285133982575795,"10","AGA"
1.13118501053975e-05,0.530840992321876,0.385,0.252,0.287173938625725,"10","MIEN1"
1.20455233607978e-05,0.749094255636432,0.397,0.278,0.305799701560574,"10","HAPLN1"
1.24156815659216e-05,0.551908395552776,0.339,0.213,0.315196907914052,"10","SRSF8"
1.26724955700599e-05,0.571986473729103,0.435,0.302,0.32171664503711,"10","TSPAN6"
1.27555719013671e-05,0.564735081257701,0.402,0.268,0.323825703860006,"10","CPSF6"
1.28990471444774e-05,0.630873952355453,0.293,0.178,0.327468109856847,"10","SVIP"
1.2918510975486e-05,0.516263367154912,0.322,0.198,0.327962238134663,"10","ARPIN"
1.38054124784966e-05,0.546079970751434,0.372,0.245,0.350478006591593,"10","CABLES1"
1.57601436158713e-05,0.567360723360158,0.322,0.2,0.400102765976124,"10","CHCHD10"
1.63580696120239e-05,0.592593654574055,0.31,0.193,0.415282313240452,"10","TMEM192"
1.70352716199014e-05,0.501119782032608,0.477,0.337,0.432474440614438,"10","ARSB"
1.71490153855037e-05,0.642037630941058,0.264,0.156,0.435362053591782,"10","TPD52L1"
1.84633559538591e-05,0.538487585111835,0.331,0.206,0.46872921760062,"10","FAM229B"
1.88233528773072e-05,0.731004456588216,0.259,0.157,0.477868459496198,"10","SCN1B"
1.88811448488121e-05,0.540982102514411,0.272,0.16,0.479335624276793,"10","RSBN1L"
2.08592320261897e-05,0.553879800132354,0.305,0.188,0.529553323448877,"10","IFT27"
2.15822273340353e-05,0.51007062961072,0.368,0.241,0.547908005329154,"10","SLC2A4RG"
2.16081654012648e-05,0.732508177029404,0.259,0.156,0.548566495041908,"10","SGMS2"
2.25958691677358e-05,0.673478041060643,0.51,0.406,0.573641330561308,"10","ISG20"
2.37650907909353e-05,0.583153892244828,0.28,0.171,0.603324359909475,"10","TBC1D13"
2.39837570029849e-05,0.592959671777566,0.318,0.202,0.608875639034777,"10","CSTF3"
2.56734127721827e-05,0.526438959834662,0.347,0.221,0.651770930047402,"10","MCM6"
2.57662162461465e-05,0.508357714316208,0.272,0.161,0.654126931840921,"10","MSANTD4"
2.67484407023916e-05,0.590955324648593,0.289,0.177,0.679062664111615,"10","BAG2"
2.82522965693229e-05,0.554920238159512,0.439,0.313,0.7172410530054,"10","CSPG4"
2.88991016215345e-05,0.562538307207955,0.335,0.214,0.733661492865897,"10","MPP5"
3.16583715454266e-05,0.626879355424066,0.314,0.202,0.803711078423745,"10","TSEN15"
3.22381843654639e-05,0.635099420851563,0.259,0.153,0.818430786486033,"10","MPC1"
3.59430629678186e-05,0.807747591094895,0.339,0.23,0.912486539564012,"10","MMP13"
3.69140157859579e-05,0.561994162850279,0.36,0.241,0.937136118758114,"10","GDE1"
3.76116357513687e-05,0.556312868720492,0.259,0.154,0.954846596819998,"10","AC007388.1"
3.77915596156011e-05,0.551304384587371,0.347,0.228,0.959414323961266,"10","MTAP"
3.81481564854027e-05,0.501985755242055,0.343,0.221,0.968467248694918,"10","MAGOHB"
3.8344948830874e-05,0.507419448653429,0.305,0.191,0.973463215969398,"10","LNX1"
3.83592292345056e-05,0.580911428029055,0.276,0.167,0.973825752576395,"10","AP5M1"
3.85589250692932e-05,0.689859858695609,0.31,0.203,0.978895430734148,"10","SLC10A3"
4.2351437030585e-05,0.677899235128334,0.255,0.153,1,"10","L3HYPDH"
4.39757962282424e-05,0.604669947453716,0.28,0.174,1,"10","AVPI1"
4.42253910722506e-05,0.752740884620273,0.318,0.208,1,"10","AUTS2"
4.62182340378917e-05,0.602574678472603,0.276,0.171,1,"10","PYCARD"
5.15803949908472e-05,0.554917793659194,0.385,0.264,1,"10","LOXL1"
6.3498905065902e-05,0.560611017953788,0.343,0.228,1,"10","ACP2"
6.74262313070688e-05,0.577123565187669,0.255,0.155,1,"10","COG5"
6.80605029846881e-05,0.512769907366973,0.452,0.33,1,"10","GMNN"
7.20485595086642e-05,0.68880758289693,0.264,0.164,1,"10","PPRC1"
7.45368634543632e-05,0.597339418027466,0.297,0.194,1,"10","ADO"
7.5499290411444e-05,0.670893112831077,0.264,0.163,1,"10","ZDHHC12"
8.17476078358554e-05,0.578285586866813,0.285,0.182,1,"10","POLR3GL"
9.13948246155672e-05,0.522780203783694,0.305,0.195,1,"10","ADAL"
9.46847968987681e-05,0.569401273347296,0.301,0.197,1,"10","NT5DC2"
9.81355701515376e-05,0.546377411035175,0.272,0.17,1,"10","FAM3C2"
0.000102110102437838,0.50703016602936,0.393,0.272,1,"10","KLF4"
0.000109694802319118,0.521470933328151,0.351,0.238,1,"10","EHMT2"
0.000114514157990181,0.54821596466499,0.251,0.155,1,"10","TMEM80"
0.000121888170068846,0.552606384912572,0.272,0.173,1,"10","MFN1"
0.000122234884510504,0.548113868179945,0.297,0.194,1,"10","SLC15A3"
0.000122512898116837,0.517072300744985,0.385,0.267,1,"10","NUDT1"
0.000124579786727948,0.536050323946762,0.276,0.174,1,"10","MAPKAPK3"
0.000126926389218336,0.532676982349385,0.276,0.177,1,"10","ARHGEF17"
0.000127204830022018,0.619599954500548,0.297,0.199,1,"10","ACAD9"
0.000132796690157584,0.639119078118085,0.293,0.193,1,"10","MCM3"
0.000137897902610608,0.540343341130433,0.285,0.183,1,"10","HMOX2"
0.000142725055693236,0.626729883770385,0.272,0.176,1,"10","SURF1"
0.000146504510051029,0.500553362834297,0.293,0.188,1,"10","BLZF1"
0.000149953423677863,0.623072952403704,0.28,0.178,1,"10","CHST3"
0.000154283810460833,0.547859912269091,0.264,0.165,1,"10","ANGPTL1"
0.000156668670642583,0.57827349284735,0.305,0.203,1,"10","COMMD1"
0.000159029069938218,0.528178301915187,0.255,0.159,1,"10","VANGL1"
0.000188882962435786,0.506298564772781,0.255,0.159,1,"10","GALE"
0.000192266211416938,0.507112879747267,0.28,0.179,1,"10","RRS1"
0.000210045492397351,0.539431088681302,0.276,0.178,1,"10","CCDC115"
0.000234407031822711,0.560864192524623,0.301,0.2,1,"10","PREB"
0.000235693683757513,0.553319783830521,0.314,0.209,1,"10","TK1"
0.000238609606291584,0.627246054396894,0.268,0.173,1,"10","DGCR6L"
0.000241259501913581,0.512561149412363,0.272,0.175,1,"10","EIF2B3"
0.00025995490752426,0.505541880430778,0.444,0.333,1,"10","PTPRE"
0.000274817884861082,0.553804395504884,0.318,0.216,1,"10","C8orf82"
0.000324652295458541,0.513485204243395,0.331,0.226,1,"10","DHFR"
0.000403966687930595,0.526682862560187,0.259,0.167,1,"10","GSTZ1"
0.000411649708623508,0.514408003512058,0.318,0.219,1,"10","NMRAL1"
0.000423260081157554,0.5455486274766,0.251,0.163,1,"10","TCEAL1"
0.00048884840352618,0.513575491586732,0.36,0.26,1,"10","SNHG19"
0.000604865519050425,0.604107510216342,0.255,0.169,1,"10","YIPF2"
0.000706003504373361,0.520790155452305,0.264,0.175,1,"10","IMPA2"
0.000719916333589292,0.515803508068227,0.318,0.224,1,"10","AC098934.3"
0.000849858234624538,0.578047665001605,0.335,0.237,1,"10","PI3"
0.000875663455518992,0.535055001303278,0.264,0.176,1,"10","FAM104B"
0.00104663842318334,0.500838679981887,0.322,0.231,1,"10","NT5C"
0.00145728099951201,0.508454671441578,0.259,0.176,1,"10","STK39"
0.00163922383638925,0.525053882512263,0.251,0.171,1,"10","TXNDC11"
0.00182897204094566,0.525644958114864,0.293,0.206,1,"10","PLA2G2A"
0.00491835957990611,0.50197202285078,0.28,0.205,1,"10","CDK10"
0.00529496640789128,0.501154383360461,0.259,0.19,1,"10","FGF10"
2.76249458637005e-306,5.38581184808716,0.515,0.021,7.01314500641763e-302,"11","PPP1R14A"
2.46839758440641e-295,5.32024546382635,0.565,0.029,6.26652094753255e-291,"11","CNN1"
8.29678094606593e-225,5.7404136395166,0.345,0.012,2.10630377877776e-220,"11","MYH11"
1.51216288880356e-221,3.72997668819938,0.875,0.127,3.83892792580561e-217,"11","MCAM"
2.21735737195023e-216,5.5401195093233,0.34,0.012,5.62920516017004e-212,"11","ACTG2"
6.00197907294505e-197,4.692370386122,0.505,0.038,1.52372242724856e-192,"11","SYNPO2"
5.52982757635809e-195,5.04232455314422,0.355,0.016,1.40385732681003e-190,"11","MRVI1"
2.65731344952725e-179,4.69585802126373,0.41,0.026,6.74612165431482e-175,"11","AOC3"
8.73672351483819e-171,4.35999111665539,0.555,0.058,2.21799199871197e-166,"11","TINAGL1"
6.7204214224555e-167,4.85121323408684,0.345,0.019,1.70611338651878e-162,"11","LMOD1"
1.50676105463312e-153,3.70226452137459,0.67,0.102,3.8252142893971e-149,"11","TAGLN"
1.22183557273504e-147,3.03083180591692,0.92,0.263,3.10187396850243e-143,"11","MYLK"
9.28876806109873e-147,4.02729350779249,0.455,0.042,2.35813954767114e-142,"11","CPE"
5.16333607552347e-143,3.88859357383999,0.505,0.056,1.31081612949314e-138,"11","ACTA2"
6.50218859057214e-141,4.86333698628016,0.28,0.014,1.65071061748855e-136,"11","EFHD1"
4.90561334188657e-127,3.69703184669477,0.365,0.03,1.24538805910474e-122,"11","ADGRF5"
5.18185141893288e-106,2.02348543763504,0.97,0.557,1.31551661972449e-101,"11","MYL9"
8.45590403873001e-103,1.19745181076991,0.99,0.895,2.14670035831239e-98,"11","CALD1"
1.74677314195937e-91,1.75395336575034,0.975,0.579,4.43453297549224e-87,"11","COL4A1"
2.97844644477634e-86,2.03538517391872,0.91,0.384,7.5613819893537e-82,"11","NOTCH3"
2.52778602574459e-84,2.70788308269905,0.62,0.148,6.4172903835578e-80,"11","SYTL2"
1.18480170953342e-82,1.42635381764451,0.98,0.725,3.0078560999925e-78,"11","COL4A2"
1.00573145925184e-80,3.55680232228856,0.365,0.05,2.55325045560264e-76,"11","TMEM176A"
3.17799342469827e-79,2.84532533572156,0.705,0.229,8.06797190728149e-75,"11","POSTN"
7.94248323362221e-79,2.20150215865762,0.78,0.257,2.01635821851967e-74,"11","BST2"
2.29905765251463e-78,2.80038483544053,0.58,0.138,5.83661766243889e-74,"11","HIC1"
3.7668834209764e-76,1.01494220661432,0.995,0.873,9.56298694083279e-72,"11","IGFBP7"
4.18518093692913e-70,3.75069055857341,0.285,0.035,1.0624918844582e-65,"11","SLIT3"
5.62514160525996e-69,3.73857211105821,0.265,0.03,1.42805469932735e-64,"11","FAM212B"
2.17681180900427e-67,3.66140612300342,0.27,0.032,5.52627213951914e-63,"11","CYFIP2"
3.61117165418835e-67,2.16210959274849,0.765,0.308,9.16768147848795e-63,"11","NR2F2"
4.93552433369081e-62,2.18254452437638,0.7,0.26,1.25298156259409e-57,"11","PDLIM1"
1.97457032960382e-61,1.88530449099719,0.76,0.287,5.01284169576522e-57,"11","LGALS3BP"
4.21975240768755e-60,0.931762406325047,0.96,0.847,1.07126854373964e-55,"11","MYH9"
4.12726365114791e-59,2.98451311781865,0.375,0.071,1.04778842311692e-54,"11","TMEM176B"
6.26970291448271e-59,3.29001083280045,0.27,0.036,1.59168947889973e-54,"11","NOG"
3.14597483933218e-58,2.69363407448024,0.48,0.116,7.98668632461261e-54,"11","EDNRA"
5.19960616310001e-57,3.20069443463173,0.295,0.045,1.3200240166262e-52,"11","ABCC9"
9.12721096708429e-55,1.46003424770536,0.885,0.579,2.31712504821369e-50,"11","PALLD"
3.80930848020938e-53,1.74987684433909,0.79,0.369,9.67069143870756e-49,"11","TFPI"
1.3046781933125e-52,1.11426865896915,0.92,0.698,3.31218652936244e-48,"11","HSPB1"
1.74928934315684e-50,3.24457062670039,0.285,0.048,4.44092085547228e-46,"11","ADAM19"
3.38749990559231e-50,3.48090790289718,0.255,0.038,8.59984601032719e-46,"11","CCL13"
6.89109915041647e-50,0.528447833437855,1,0.977,1.74944334131623e-45,"11","SPARC"
2.67758077283859e-49,1.45629766250471,0.85,0.537,6.79757430800533e-45,"11","CRYAB"
3.19632124371194e-49,1.3396219466655,0.89,0.563,8.1145007414115e-45,"11","PDGFRB"
8.95903063572122e-49,2.06691091798095,0.6,0.208,2.27442910749055e-44,"11","COL18A1"
1.10798073345606e-48,2.5041310981451,0.47,0.129,2.81283068802489e-44,"11","VGLL3"
3.45383558167775e-48,1.10719559443009,0.96,0.699,8.7682523912053e-44,"11","KLF6"
1.55310826036882e-47,3.21498730319229,0.275,0.047,3.94287594059832e-43,"11","A2M"
1.70349561813425e-47,1.25027179176207,0.865,0.635,4.32466432575742e-43,"11","TPM1"
4.32028772318353e-46,0.825445707679688,0.965,0.847,1.0967914442846e-41,"11","LOXL2"
6.78147126547923e-45,2.65609583725464,0.33,0.069,1.72161211016721e-40,"11","ARHGDIB"
1.50618910939203e-44,1.85933875411254,0.685,0.312,3.82376229201355e-40,"11","PDGFA"
3.97649655715742e-42,1.55337366874829,0.77,0.463,1.00951318096555e-37,"11","CRIM1"
4.03897863540275e-42,2.64851155538229,0.34,0.078,1.0253755061697e-37,"11","TP53I11"
3.51323526847107e-41,1.47423030936535,0.765,0.449,8.91905037606749e-37,"11","RBPMS"
3.79673600646009e-41,0.546884441563917,1,0.933,9.63877369960022e-37,"11","BGN"
1.5892388148194e-40,2.8805556407802,0.29,0.059,4.03460057918201e-36,"11","PPP1R12B"
1.15479416190664e-39,0.977058321172191,0.87,0.732,2.93167593883239e-35,"11","TPM2"
1.66570306575786e-39,2.37094558427367,0.425,0.125,4.22872037303947e-35,"11","PTGIR"
6.06435319872821e-39,1.24047282107644,0.87,0.615,1.53955734656113e-34,"11","THBS1"
2.8474118523633e-37,0.712186507271822,0.975,0.932,7.22872446959471e-33,"11","SERPINE1"
5.41756261345524e-37,1.14618830554545,0.855,0.586,1.37535662067788e-32,"11","ADAMTS2"
7.57049057463179e-37,0.839893702408562,0.92,0.767,1.92192044218177e-32,"11","EHD2"
9.03097481412405e-37,0.766348110227983,0.965,0.838,2.29269357606167e-32,"11","TNFAIP3"
1.01722839698264e-36,0.665832407373417,0.96,0.875,2.58243773141984e-32,"11","ACTN1"
1.97977790384e-36,1.44038284962469,0.755,0.432,5.02606216447862e-32,"11","MAP1B"
4.45770354467436e-36,1.54863041373715,0.73,0.43,1.13167719888648e-31,"11","FHL1"
1.68945161191182e-35,2.11736405049313,0.47,0.166,4.28901080716054e-31,"11","DDR1"
3.66704812814396e-35,0.522004881929992,0.995,0.945,9.30953508291907e-31,"11","MARCKS"
8.49687753197384e-35,0.801578760301236,0.92,0.811,2.1571022990422e-30,"11","FLNA"
1.09220989689371e-34,1.08964288247675,0.845,0.574,2.77279326524405e-30,"11","KCNE4"
1.75908480183933e-34,2.51722687556511,0.405,0.129,4.46578858642952e-30,"11","APOLD1"
2.23403824819639e-34,1.22512060295353,0.81,0.563,5.67155290069617e-30,"11","CSRP1"
1.20387728614709e-33,1.20526091135796,0.795,0.521,3.05628326634163e-29,"11","ETS1"
4.22761169704393e-33,1.72905855940456,0.605,0.274,1.07326378152854e-28,"11","NID1"
1.03185153341735e-32,1.32305367190066,0.77,0.467,2.61956148788663e-28,"11","THBS2"
1.40824117996042e-32,1.78680379636519,0.56,0.239,3.57510188356553e-28,"11","OLFML2B"
3.37061142929993e-32,1.09396364620851,0.83,0.566,8.55697123556374e-28,"11","GSN"
6.84144674309819e-31,2.81461401897853,0.255,0.058,1.73683808467034e-26,"11","TNFSF15"
2.0979207577297e-30,1.51631071121821,0.73,0.474,5.32599142764838e-26,"11","CTGF"
8.07063718194747e-30,0.92324480645432,0.855,0.681,2.048892661381e-25,"11","LPP"
6.73434131314208e-29,0.606861733814926,0.99,0.932,1.70964722916738e-24,"11","PLIN2"
6.79170783860055e-29,0.505383800376116,0.99,0.951,1.72421086898552e-24,"11","FN1"
1.02629835517045e-28,1.71512900510716,0.455,0.166,2.60546363427121e-24,"11","LRRC32"
1.57756630457771e-28,2.55654100937259,0.325,0.098,4.00496757743142e-24,"11","ASPN"
4.63950780375024e-28,1.94381262062316,0.445,0.168,1.17783184613807e-23,"11","CXCL12"
4.88925306749772e-28,0.804217888650768,0.885,0.753,1.24123467624565e-23,"11","LAMC1"
6.87088923561718e-28,0.768487495601222,0.96,0.756,1.74431265024613e-23,"11","IGFBP5"
1.82625322921689e-27,1.29536831443363,0.71,0.403,4.63630907301293e-23,"11","FILIP1L"
5.34968035098674e-27,1.66284358009555,0.495,0.211,1.358123350705e-22,"11","DYRK2"
1.91219563309388e-26,1.49924855892752,0.57,0.272,4.85449105373542e-22,"11","OLFM2"
4.38385946867176e-26,2.67093862082915,0.27,0.074,1.1129304033117e-21,"11","NEURL1B"
7.49845696748266e-26,2.13433772691608,0.345,0.112,1.90363327033482e-21,"11","FBLIM1"
1.45387355581598e-25,0.526273628803797,0.955,0.878,3.69094879615003e-21,"11","IFITM1"
3.48811336634099e-25,0.897969493322578,0.83,0.609,8.85527340312986e-21,"11","ZYX"
4.38052811577587e-25,0.91741660204239,0.84,0.636,1.11208467275202e-20,"11","THY1"
7.17886281853236e-25,0.561040961910748,0.895,0.837,1.82249790374081e-20,"11","PEA15"
1.2455578353327e-24,2.07778874362403,0.37,0.135,3.16209767655912e-20,"11","ID4"
2.51240201366354e-24,2.12149856513742,0.35,0.124,6.37823499208763e-20,"11","NEXN"
6.36683639090766e-24,2.28187539063157,0.26,0.072,1.61634875455973e-19,"11","SEMA5A"
2.05635317503777e-23,0.803221930682907,0.825,0.67,5.22046380546838e-19,"11","SDC2"
3.76677822655524e-23,1.37698971692836,0.605,0.331,9.5627198837558e-19,"11","SLC44A2"
4.87666816187321e-23,0.798290771956255,0.89,0.725,1.23803974625475e-18,"11","TNS1"
7.57064248308114e-23,1.01280494367844,0.78,0.556,1.92195900717981e-18,"11","STOM"
3.19629929540737e-22,1.78189457202152,0.37,0.14,8.1144450212507e-18,"11","CD248"
3.76175299534214e-22,1.18069503706415,0.69,0.442,9.5499623292751e-18,"11","CAMK2N1"
4.71657901797899e-22,0.805315655843549,0.86,0.647,1.19739791529433e-17,"11","CYGB"
6.2094259645525e-22,1.37718503655173,0.59,0.337,1.57638696962094e-17,"11","TES"
1.3903175753244e-21,1.24953778132513,0.645,0.383,3.52959922847606e-17,"11","COL5A3"
1.44214648438817e-21,1.1585249051993,0.675,0.408,3.66117727991624e-17,"11","NRP1"
1.46402996337783e-21,1.67373290375285,0.455,0.204,3.71673286802731e-17,"11","JAG1"
2.0539680392544e-21,1.54838781204156,0.48,0.223,5.21440866125516e-17,"11","RGS16"
2.15485064322681e-21,0.756179641362117,0.84,0.684,5.4705193279599e-17,"11","PLS3"
1.25638733222991e-20,1.8376612960608,0.405,0.176,3.18959052033207e-16,"11","PLXND1"
4.34865880719222e-20,1.84615008148182,0.345,0.131,1.10399401138189e-15,"11","MX2"
1.11978308052959e-19,1.38406756725152,0.45,0.2,2.84279330654046e-15,"11","SCG2"
5.1423016246152e-19,0.81611496871163,0.765,0.585,1.30547611344106e-14,"11","CAV2"
6.47967094966875e-19,1.03356226036865,0.7,0.473,1.64499406399241e-14,"11","C11orf96"
1.13954731844639e-18,0.780645727838415,0.825,0.668,2.89296877733984e-14,"11","DPYSL2"
3.88364053893574e-18,0.743324771480187,0.805,0.644,9.85939823619616e-14,"11","SLC2A3"
9.295898673035e-18,0.752694976004781,0.79,0.644,2.3599497961234e-13,"11","CYTOR"
1.32730181858409e-17,0.663442377922998,0.845,0.698,3.36962112683942e-13,"11","VCL"
1.71346704066643e-17,0.864365182678435,0.79,0.608,4.34997877613986e-13,"11","ZNF503"
2.07867767275209e-17,1.69362806050285,0.405,0.194,5.27713900781573e-13,"11","ECM2"
2.35485169771455e-17,0.574954756732809,0.89,0.788,5.97826200498793e-13,"11","ERRFI1"
2.7538996432059e-17,1.76369838808201,0.34,0.142,6.99132502420681e-13,"11","SEZ6L2"
4.40734728904631e-17,0.545939862080988,0.915,0.794,1.11889325627019e-12,"11","MFGE8"
1.14965914017249e-16,1.12387098911559,0.58,0.362,2.91863965915591e-12,"11","GPR176"
1.2115013343034e-16,1.8300944479676,0.25,0.086,3.07563843739605e-12,"11","LINC01615"
1.2223261876443e-16,0.66378212527017,0.815,0.7,3.10311949257258e-12,"11","MYADM"
1.51172778061395e-16,1.16683220961888,0.585,0.377,3.83782331664464e-12,"11","TGFB1I1"
2.09793268934759e-16,0.765537310863745,0.74,0.575,5.32602171844673e-12,"11","NUPR1"
4.6614252625265e-16,0.707991755709439,0.78,0.611,1.1833960313976e-11,"11","LAMA4"
4.8919217017449e-16,1.57402489441182,0.385,0.178,1.24191216242198e-11,"11","FAM43A"
6.96442304296337e-16,1.1615721652894,0.615,0.415,1.76805807791711e-11,"11","ZFP36"
2.77055466975707e-15,1.09441285400249,0.63,0.444,7.03360714011228e-11,"11","SH3PXD2A"
2.79826012626065e-15,1.29074625691986,0.54,0.329,7.10394298253792e-11,"11","PIM1"
2.83570747220557e-15,1.34840876664585,0.505,0.295,7.19901055968828e-11,"11","MSRB3"
3.48608807896108e-15,0.878273617088465,0.695,0.507,8.8501318060585e-11,"11","SH3BGRL"
1.04939288951619e-14,1.20166085995733,0.53,0.313,2.66409372861476e-10,"11","PAG1"
1.51264185518527e-14,0.518056051713365,0.84,0.773,3.84014387775884e-10,"11","FERMT2"
2.19288774882047e-14,0.512427416204791,0.87,0.774,5.56708412793052e-10,"11","PPP1R18"
2.4761660583908e-14,0.991956491053039,0.63,0.441,6.28624277243671e-10,"11","NREP"
4.63793788996943e-14,0.633177476974214,0.85,0.716,1.17743329212654e-09,"11","CYR61"
4.8769300317054e-14,1.68767797510304,0.27,0.107,1.23810622714905e-09,"11","PALM"
7.7746147183222e-14,1.38246807925982,0.37,0.175,1.97374143854046e-09,"11","YPEL2"
9.2940460722934e-14,1.33267222849153,0.44,0.241,2.35947947637313e-09,"11","C1orf54"
1.07906570762826e-13,0.59054751366203,0.795,0.71,2.73942411195587e-09,"11","PDLIM5"
1.52004848115444e-13,0.56998586254234,0.795,0.704,3.85894707910677e-09,"11","LIMA1"
1.85643786022925e-13,0.892090654879065,0.65,0.467,4.712938795764e-09,"11","CRIP2"
4.86561124142398e-13,0.880432998403549,0.605,0.42,1.23523272586031e-08,"11","CDC42EP1"
4.93682392351006e-13,1.43954578461111,0.375,0.191,1.2533114894615e-08,"11","SNTB1"
5.21872718943008e-13,1.39757069492448,0.42,0.238,1.32487827158061e-08,"11","MICAL2"
5.71268469793737e-13,0.746934403658936,0.725,0.56,1.45027926426536e-08,"11","GBP1"
1.08397648281768e-12,0.628435717901702,0.8,0.683,2.75189109692923e-08,"11","RHOQ"
1.95222902108608e-12,0.507765038611815,0.785,0.741,4.95612381583122e-08,"11","ENAH"
3.70252700457281e-12,1.87477681342639,0.27,0.119,9.399605306509e-08,"11","CD4"
6.39757672536892e-12,0.674389651068203,0.745,0.602,1.62415280326941e-07,"11","PDLIM7"
7.46049987504246e-12,0.595068005895226,0.755,0.659,1.89399710327703e-07,"11","EPS8"
7.6581030233299e-12,1.06969817605373,0.56,0.393,1.94416261453276e-07,"11","ITGA1"
9.38490264379542e-12,0.862341618113393,0.6,0.411,2.38254523418034e-07,"11","COL14A1"
9.86275857948104e-12,0.77461176925401,0.7,0.586,2.50385852057285e-07,"11","SULF1"
1.02770195661691e-11,0.508418235065032,0.8,0.759,2.60902695726336e-07,"11","ACTN4"
1.03834867531995e-11,0.615294261982962,0.78,0.683,2.63605578203477e-07,"11","JAK1"
1.18476428169077e-11,1.42399821847978,0.305,0.146,3.00776108192837e-07,"11","ATF3"
1.25004047755659e-11,1.67967884425354,0.3,0.144,3.17347776037291e-07,"11","MOCS1"
1.40799313454678e-11,0.778570980943371,0.7,0.531,3.57447217067391e-07,"11","NR4A3"
1.46087762442428e-11,0.563143708746117,0.79,0.682,3.70873002512593e-07,"11","MYO1B"
1.49293707252524e-11,0.907896570894017,0.57,0.396,3.79011934601982e-07,"11","FAT1"
2.52344785735977e-11,0.649378433976771,0.715,0.565,6.40627707547925e-07,"11","TIMP3"
2.66747960778019e-11,0.747688969224663,0.69,0.548,6.77193048027157e-07,"11","MIR4435-2HG"
3.32467210204113e-11,1.20007283642668,0.42,0.25,8.4403450654518e-07,"11","PRKAB2"
5.14960954329006e-11,1.65786822467014,0.28,0.132,1.30733137475505e-06,"11","SUSD2"
6.25426611574782e-11,0.620873678699489,0.725,0.597,1.5877705388049e-06,"11","TRIM8"
8.72441057486792e-11,0.578646072647061,0.75,0.659,2.21486611264172e-06,"11","WDR1"
1.30993128349382e-10,1.37603020259645,0.37,0.204,3.32552254940576e-06,"11","FBLN7"
1.35213737686467e-10,0.624472924582939,0.775,0.68,3.43267115864633e-06,"11","NR3C1"
1.36220709890618e-10,1.01680237292399,0.55,0.408,3.45823516199311e-06,"11","RABGAP1"
2.25633633791622e-10,1.21275069914482,0.41,0.249,5.7281610610679e-06,"11","HIP1"
3.22024918559117e-10,0.840793160643646,0.56,0.413,8.17524660746031e-06,"11","VASP"
3.22970857992143e-10,1.59895511474844,0.275,0.133,8.19926117184653e-06,"11","ALDH1B1"
4.05457712737162e-10,0.746047798064922,0.655,0.499,1.02933549532583e-05,"11","EBF1"
4.09033248933885e-10,1.42936474842563,0.33,0.176,1.03841270906845e-05,"11","DAB2IP"
4.96409285887295e-10,0.533040318922253,0.805,0.656,1.26023425408208e-05,"11","SOD3"
5.14787261367856e-10,0.714689523119867,0.655,0.483,1.30689042043458e-05,"11","PAPPA"
7.16635955273004e-10,0.994794202292384,0.505,0.339,1.81932369965158e-05,"11","MLXIP"
7.57120914755193e-10,1.47280489176311,0.29,0.144,1.92210286628901e-05,"11","CSRP2"
1.1930928162278e-09,0.649721680568716,0.69,0.586,3.02890473255752e-05,"11","PTEN"
1.25433015470627e-09,0.692281435328103,0.635,0.49,3.18436796375281e-05,"11","MSC"
1.26616853088368e-09,1.27218704654996,0.37,0.222,3.21442204935439e-05,"11","FADS3"
1.30762787876738e-09,1.13684503049674,0.37,0.214,3.31967489582674e-05,"11","VSIR"
2.00143885252797e-09,0.513752684717023,0.79,0.68,5.08105281491276e-05,"11","FGF7"
2.03895521001247e-09,0.939346848430012,0.535,0.381,5.17629559165866e-05,"11","ECE1"
2.27300619325077e-09,0.542515854922246,0.775,0.685,5.77048082280573e-05,"11","SELENOW"
2.57207332526633e-09,1.33134719561624,0.335,0.184,6.52972255085364e-05,"11","SGIP1"
3.39070524745002e-09,0.616586283364321,0.67,0.543,8.60798341170136e-05,"11","ENG"
3.50768429928348e-09,1.23383280635469,0.355,0.206,8.90495813059097e-05,"11","SNX18"
4.38410493886025e-09,0.662982152592243,0.69,0.59,0.000111299272082845,"11","PTPA"
5.97348924118573e-09,0.629541752454102,0.695,0.581,0.000151648971365982,"11","SLFN5"
9.25935472807918e-09,0.842766776262608,0.535,0.387,0.000235067238481746,"11","C1orf198"
9.88454001626713e-09,1.39052087176792,0.315,0.18,0.000250938817392974,"11","GJC1"
1.32526321469181e-08,1.02174150725738,0.435,0.271,0.000336444572313809,"11","ADAMTS4"
1.39477779845827e-08,0.797101224871935,0.575,0.468,0.0003540922396946,"11","SSBP3"
1.43542619563022e-08,0.758948296867477,0.51,0.338,0.000364411648284644,"11","NGF"
1.44051545469311e-08,0.982012952827396,0.455,0.309,0.00036570365848294,"11","FNIP2"
1.46648556890111e-08,0.7090590278382,0.595,0.455,0.000372296691376925,"11","PEAK1"
1.53344647989279e-08,0.751382556628186,0.6,0.446,0.000389296057850383,"11","PTBP3"
2.02951421883994e-08,0.600093058179632,0.685,0.599,0.000515232774736897,"11","ZEB2"
2.47739213862824e-08,0.839441268149289,0.535,0.402,0.000628935542233551,"11","DLC1"
2.47996746837243e-08,1.26550214509523,0.315,0.179,0.00062958934119571,"11","DDAH1"
2.87912036754394e-08,0.606103369134123,0.685,0.601,0.00073092228770838,"11","FAM13A"
3.08416379141837e-08,0.796195551718127,0.53,0.387,0.000782976661727383,"11","BCAR1"
3.26718906801865e-08,0.897752013959657,0.455,0.308,0.000829441288697895,"11","DUSP14"
3.62818608970063e-08,0.568042073815837,0.685,0.573,0.0009210876025923,"11","C16orf45"
4.14237179617036e-08,0.591413634677809,0.745,0.65,0.00105162392789377,"11","ANGPTL2"
5.45794869730822e-08,1.30555476582912,0.255,0.13,0.00138560943578564,"11","GNAI1"
6.73738353765327e-08,0.870944513991155,0.475,0.331,0.00171041955870404,"11","TMSB4XP8"
7.85115115561411e-08,0.841102491379988,0.505,0.367,0.00199317174387575,"11","TRIB2"
8.63715550394014e-08,0.959738237365069,0.485,0.363,0.00219271466778528,"11","ACAN"
1.00265152444242e-07,0.513402382552812,0.685,0.632,0.00254543142510197,"11","LITAF"
1.00439764497385e-07,1.21468810136831,0.325,0.196,0.0025498643012951,"11","TBX2"
1.09993075421234e-07,1.02293117926951,0.395,0.257,0.00279239420571888,"11","PDE3A"
1.2685059827367e-07,0.608308330873742,0.645,0.536,0.00322035613837365,"11","SYDE1"
1.40746066632923e-07,0.588987556375238,0.655,0.526,0.00357312039361,"11","TUBA1A"
1.5877256497674e-07,1.06617060905712,0.355,0.214,0.0040307591070645,"11","LMCD1"
1.79726458680495e-07,0.629839885478085,0.64,0.569,0.00456271560652172,"11","ITGAV"
2.22432574858917e-07,0.865109905496626,0.43,0.279,0.00564689577794334,"11","TCF7L1"
2.31267212111393e-07,0.649172307802025,0.61,0.463,0.00587118071387193,"11","GEM"
2.50069998351408e-07,1.22792484360087,0.255,0.135,0.0063485270481472,"11","GLIPR2"
3.2909467990051e-07,0.920888722476813,0.465,0.324,0.00835472663863425,"11","CDKN1B"
4.08060012016836e-07,1.13796050168487,0.35,0.222,0.0103594195250714,"11","GADD45B"
4.17618290183118e-07,1.38201695187837,0.305,0.187,0.0106020755328788,"11","AQP1"
4.23847017069153e-07,0.918012713702969,0.41,0.27,0.0107602042223346,"11","TMEM119"
5.32054412154188e-07,0.659351188352969,0.565,0.426,0.0135072653613584,"11","RAB8B"
5.40122925880065e-07,0.898109121533249,0.44,0.309,0.0137121007193172,"11","CYBA"
7.64908212778725e-07,0.538472475346171,0.665,0.599,0.0194187247978135,"11","ANXA6"
8.56870704779728e-07,0.524090847943515,0.705,0.63,0.021753376582243,"11","KCTD20"
9.50086417377324e-07,0.533696983624282,0.705,0.665,0.0241198438779581,"11","H2AFJ"
1.01591789597814e-06,0.873750052123402,0.405,0.27,0.025791107625197,"11","WWC3"
1.12820814692939e-06,0.646526969392661,0.61,0.547,0.0286418202260965,"11","PPP1R12A"
1.17278136409263e-06,0.982718626458487,0.39,0.267,0.0297734004902197,"11","CTSC"
1.27429741025904e-06,0.551131490675414,0.66,0.577,0.0323505883542462,"11","MPZL1"
1.48531244760332e-06,0.94511122271376,0.415,0.282,0.0377076271073054,"11","BACH1"
1.94882745680121e-06,0.96403580092711,0.375,0.254,0.0494748826458123,"11","IGF2BP2"
2.04275167166981e-06,0.56798657047559,0.64,0.528,0.0518593366886815,"11","COL12A1"
2.14441454172653e-06,1.12798120264871,0.275,0.163,0.0544402519708114,"11","INAFM1"
2.19813021012276e-06,0.781778835804756,0.51,0.394,0.0558039316443864,"11","CYSTM1"
2.44685944435314e-06,0.704962126660023,0.53,0.42,0.0621184207137932,"11","MYO1E"
2.50535855895069e-06,0.578918654726455,0.655,0.574,0.0636035377360812,"11","YPEL3"
4.15510725254271e-06,1.11682082651071,0.295,0.186,0.105485707820302,"11","CDC42EP2"
4.25584728187212e-06,0.690088769442954,0.57,0.474,0.108043194944887,"11","ARHGAP1"
4.25904549936138e-06,0.758843902728842,0.345,0.211,0.108124388092287,"11","IGFBP2"
4.32989713746112e-06,0.889167691667353,0.42,0.303,0.109923098628725,"11","ANGPT1"
4.41577529243704e-06,1.00788518399614,0.34,0.22,0.112103287349099,"11","MAP3K8"
4.53774406443527e-06,0.65761734884642,0.525,0.4,0.115199708563818,"11","FOSB"
4.77119690839081e-06,0.568914039808383,0.64,0.516,0.121126375913317,"11","GBP2"
4.99895399808391e-06,0.821586231796286,0.435,0.327,0.126908445149356,"11","LASP1"
5.0799237785781e-06,0.937355677103554,0.36,0.243,0.128964024966762,"11","MSC-AS1"
5.27464991787534e-06,0.548186586441726,0.615,0.546,0.133907537465101,"11","EPB41L2"
5.7083305532507e-06,0.514023431198623,0.61,0.519,0.144917387755375,"11","ROCK2"
5.75027617040388e-06,0.543216969219589,0.625,0.549,0.145982261138043,"11","RSU1"
7.09099764841866e-06,0.639935750990025,0.545,0.459,0.180019157300405,"11","MPRIP"
8.32617993209057e-06,1.08444759883973,0.325,0.213,0.211376729935983,"11","BCOR"
8.75098965250687e-06,1.03396519704294,0.315,0.203,0.222161374308192,"11","SOBP"
8.92314773142901e-06,0.841379037538229,0.47,0.37,0.226531951457788,"11","FEM1B"
9.69329971016278e-06,1.10994803265517,0.265,0.159,0.246083799741903,"11","FBXO32"
9.96964652129277e-06,1.20793138773016,0.33,0.223,0.25309941623606,"11","WISP2"
1.04642686884467e-05,0.745531754487779,0.49,0.384,0.265656389193598,"11","BCL9L"
1.0573834485449e-05,0.883017449048861,0.355,0.237,0.268437936082094,"11","PDLIM3"
1.08908839307894e-05,0.618790112726649,0.57,0.472,0.27648687035095,"11","COL15A1"
1.10195891077274e-05,0.95309019991459,0.29,0.18,0.279754308677876,"11","TPST2"
1.29364958245254e-05,1.07309650751261,0.295,0.185,0.328418819497226,"11","SCARF2"
1.35424857280425e-05,0.535488274774043,0.605,0.501,0.343803085177816,"11","JARID2"
1.35890283558489e-05,0.574942706311963,0.575,0.502,0.344984662869935,"11","DKK3"
1.57103009706877e-05,0.941938528585498,0.32,0.211,0.398837410742848,"11","NEK7"
1.85577689079546e-05,0.577441189710923,0.545,0.425,0.471126079266244,"11","TWIST1"
1.94370143510737e-05,0.720987594300282,0.46,0.344,0.493447483330708,"11","TP53INP2"
2.29888769639186e-05,0.5175776062848,0.625,0.567,0.583618619483003,"11","TRAM2"
2.45111047143749e-05,0.771788656578323,0.44,0.344,0.622263415383835,"11","KLF7"
2.49582934968875e-05,0.656109932586679,0.505,0.421,0.633616197005483,"11","YWHAH"
2.76960932459553e-05,0.633906838271034,0.51,0.397,0.703120719235067,"11","SPHK1"
2.82079996387378e-05,0.57021091729978,0.575,0.5,0.716116486828636,"11","KANK2"
2.89638249797975e-05,0.664606904649005,0.52,0.421,0.73530462476212,"11","WDFY1"
3.08932479736063e-05,0.507086584027347,0.58,0.504,0.784286886305943,"11","MTHFD2"
3.23610359283542e-05,0.73720464647407,0.34,0.222,0.821549619113128,"11","IFIT2"
3.35199389061461e-05,1.07976326821717,0.265,0.166,0.850970689010331,"11","S1PR3"
4.19724470266461e-05,1.00694242237239,0.255,0.157,1,"11","TLE1"
4.23835095094658e-05,0.585520801741948,0.545,0.451,1,"11","SPEN"
4.26320076660056e-05,0.690807675399026,0.46,0.352,1,"11","FAM219A"
5.85630184314616e-05,0.50394413441342,0.655,0.596,1,"11","LAMB2"
5.93845674303259e-05,1.10030243462079,0.27,0.173,1,"11","FHL3"
6.16435963288427e-05,0.606867375495367,0.51,0.409,1,"11","PKD2"
7.45182365136107e-05,0.653355867386846,0.45,0.355,1,"11","STX12"
8.12056061326271e-05,0.941503480659959,0.275,0.177,1,"11","ARHGEF17"
8.43012502807249e-05,0.776520969408348,0.435,0.346,1,"11","AC023157.1"
8.43281532987592e-05,0.785800905111368,0.405,0.309,1,"11","DAPK3"
8.52258057995813e-05,0.682014331041135,0.44,0.331,1,"11","CFL2"
8.73510715772247e-05,0.991585119139041,0.285,0.19,1,"11","CYTH3"
9.49104755255658e-05,0.908302068735665,0.3,0.201,1,"11","FILIP1"
0.000106227560390562,0.522598871181396,0.58,0.504,1,"11","AKT3"
0.000112366443144493,0.646148290607971,0.485,0.387,1,"11","IL4R"
0.000124732846928384,1.04793149930969,0.25,0.161,1,"11","TSPAN14"
0.000141060669345922,0.804014825982567,0.33,0.228,1,"11","SPON2"
0.000143956092093237,0.600617678946528,0.475,0.377,1,"11","RAB32"
0.000148901784682459,0.848210083710037,0.31,0.211,1,"11","MICAL1"
0.000150813192975217,1.08922323787236,0.27,0.178,1,"11","HSPB7"
0.000153835159974134,0.921974304037713,0.29,0.202,1,"11","BLCAP"
0.000160919233216446,0.786885991097106,0.33,0.231,1,"11","RFTN1"
0.000166290968322006,0.737032662373094,0.43,0.354,1,"11","SOCS5"
0.000176349492302305,0.744868202537239,0.35,0.248,1,"11","HAPLN3"
0.000194471796798669,0.609440182043189,0.49,0.397,1,"11","LAMB1"
0.000282538197323159,0.956695578802877,0.265,0.176,1,"11","SLMAP"
0.000331086318581913,0.896057683953855,0.25,0.16,1,"11","FLNC"
0.000347870771882626,0.533067124636893,0.54,0.445,1,"11","CDH13"
0.000360394679966108,0.887152943769036,0.31,0.227,1,"11","FMNL3"
0.000371032267522315,0.916573008427124,0.25,0.166,1,"11","FADS2"
0.000372440029957842,0.633113589659039,0.37,0.274,1,"11","ARHGEF7"
0.000396568438076061,0.565901313452948,0.53,0.468,1,"11","ZNF281"
0.000400393566205077,0.600980773874763,0.505,0.428,1,"11","RAP1A"
0.000418822676440747,0.91940878654081,0.35,0.27,1,"11","TBC1D1"
0.000443776496306722,0.5826577453861,0.49,0.395,1,"11","GGT5"
0.000458423550880527,0.88017466182948,0.255,0.169,1,"11","LPL"
0.000471403042142976,0.701143024120415,0.45,0.357,1,"11","PLTP"
0.000475253781432321,0.698270187873189,0.41,0.327,1,"11","BACE1"
0.000479905354355504,0.784499935126981,0.38,0.3,1,"11","RRAGC"
0.000497414656666496,0.797174990600255,0.34,0.245,1,"11","PLEKHO1"
0.000535784870987093,0.93262606453379,0.25,0.167,1,"11","TEAD3"
0.000540085119867895,0.974867903351714,0.26,0.18,1,"11","CHST3"
0.000594274097821165,0.643751995824642,0.425,0.357,1,"11","ELMSAN1"
0.000604737626659785,0.636050886652072,0.385,0.291,1,"11","HDAC7"
0.000691431445855002,0.738959608102108,0.34,0.251,1,"11","TUSC3"
0.000709353820400708,0.692458459367708,0.415,0.34,1,"11","LRRC8A"
0.000826642245709544,0.62532429210244,0.45,0.368,1,"11","SEMA4B"
0.000938772673601273,0.892389814516702,0.29,0.212,1,"11","SLC12A7"
0.00116408252553807,0.543602848761751,0.465,0.387,1,"11","MAP1A"
0.00119375045389165,0.843118079991494,0.32,0.242,1,"11","AGRN"
0.00125378487366114,0.545421090029098,0.515,0.465,1,"11","PDLIM2"
0.0013094067496721,0.83588259893444,0.26,0.181,1,"11","FAM193B"
0.00150460135160137,0.578773098089698,0.44,0.365,1,"11","ASAP1"
0.00158604699694668,0.673878810886274,0.35,0.277,1,"11","RAP2A"
0.00197086870498813,0.56919960737586,0.395,0.313,1,"11","NOP53"
0.0023846943821562,0.84941915224513,0.25,0.177,1,"11","KLF13"
0.00239668087446599,0.807564236164844,0.3,0.229,1,"11","SEPT8"
0.00252451132951906,0.617827910696768,0.365,0.294,1,"11","ZNF22"
0.00299237904424663,0.724445583480183,0.355,0.282,1,"11","SEMA4C"
0.00303051352104865,0.837655223647261,0.325,0.26,1,"11","CHST15"
0.00321228958441948,0.750691217267184,0.315,0.239,1,"11","NFKBIE"
0.00331865123641211,0.794450300443659,0.325,0.26,1,"11","FBXL3"
0.0034363043914728,0.793950289521995,0.255,0.184,1,"11","ME1"
0.00346655219725986,0.572505913988792,0.41,0.341,1,"11","PHGDH"
0.00350017230855021,0.810599004359635,0.31,0.245,1,"11","SLCO3A1"
0.00386434942788215,0.501682589214075,0.49,0.434,1,"11","COX7A1"
0.0039766699451949,0.721012300035924,0.33,0.257,1,"11","PPP1R15B"
0.00423314846724215,0.502467681762569,0.485,0.434,1,"11","CREBRF"
0.00454270523991371,0.745588787728018,0.31,0.24,1,"11","STAT5B"
0.00510600280640876,0.521034268935484,0.385,0.311,1,"11","MAP1LC3A"
0.00590910161645451,0.705535634970099,0.265,0.195,1,"11","MFHAS1"
0.00634672123629805,0.508132522063564,0.465,0.416,1,"11","ITGA11"
0.00717651042360627,0.708882191638957,0.325,0.263,1,"11","TNFAIP1"
0.0073705207829714,0.577271180437536,0.385,0.325,1,"11","EPHX1"
0.00901226125549536,0.921426749119999,0.27,0.218,1,"11","ADCY3"
0.00906359971632239,0.539249753347614,0.51,0.474,1,"11","FBXW5"
0.00926666715769595,0.705124862039622,0.34,0.289,1,"11","SNTB2"
0.00940778702794776,0.68187415078218,0.285,0.216,1,"11","CDKN1C"
0.00943206911328103,0.595284512646162,0.355,0.294,1,"11","ZMAT3"
2.57312142099354e-139,3.51474681110273,0.693,0.083,6.5323833514763e-135,"12","DLX4"
4.07877274257086e-133,3.49962830624925,0.779,0.118,1.03547803615646e-128,"12","HAS1"
4.40323448440241e-122,3.73007868353877,0.571,0.063,1.11784913855524e-117,"12","DLX3"
1.14824402659438e-116,3.01378393026867,0.929,0.211,2.91504711031516e-112,"12","EREG"
1.67341625629806e-97,3.80400753970168,0.464,0.051,4.24830184986387e-93,"12","SEMA3A"
9.35416878201331e-72,2.4434783875074,0.757,0.196,2.37474282868972e-67,"12","EPB41L3"
6.26940400838669e-68,1.68333909177253,0.993,0.569,1.59161359560913e-63,"12","CRTAC1"
4.00041247782467e-65,3.3872644473449,0.279,0.026,1.01558471574535e-60,"12","GABRA4"
1.44743466588787e-58,0.708899094389448,1,0.969,3.67460238628954e-54,"12","PTGES"
1.38337831927515e-56,2.08081669153635,0.929,0.562,3.51198253914382e-52,"12","TIMP3"
1.76131218155005e-55,1.09071662251627,1,0.867,4.47144323530112e-51,"12","ACSL4"
3.02313604396081e-53,3.25770307389683,0.321,0.043,7.6748354748033e-49,"12","GJB2"
7.80559084644149e-52,3.02172449134805,0.414,0.074,1.9816053481861e-47,"12","SEMA6D"
2.63260470770254e-51,1.23536627271359,0.993,0.726,6.68339357144444e-47,"12","C15orf48"
2.46024498025556e-49,0.596726246570835,1,0.999,6.2458239313748e-45,"12","CXCL1"
1.17931212980987e-48,1.12088893904909,0.993,0.722,2.99391970394831e-44,"12","GFPT2"
1.75424476920864e-47,2.0576430913912,0.721,0.259,4.45350119558999e-43,"12","SLC9A3R2"
2.17993313993171e-47,0.739035046418083,0.986,0.95,5.53419626234462e-43,"12","NAMPT"
4.35413800786279e-42,2.72846029360719,0.364,0.068,1.10538501605613e-37,"12","PAQR5"
4.2200990278501e-41,3.20021686697796,0.307,0.05,1.0713565402003e-36,"12","STAC2"
4.88758127593929e-41,3.37079682972485,0.264,0.038,1.24081025852271e-36,"12","FAM20A"
5.24095334410468e-41,3.1396217476455,0.271,0.039,1.33052082546785e-36,"12","ADGRG2"
1.59435107075497e-40,2.71529570916317,0.379,0.075,4.04757906332564e-36,"12","DYSF"
3.9962068718662e-40,2.01495268378969,0.564,0.16,1.01451703856067e-35,"12","ANGPTL1"
1.92560638766799e-38,1.47316409018446,0.857,0.42,4.88853693637273e-34,"12","SLC16A7"
4.85875987766701e-38,1.26924857663057,0.921,0.557,1.23349337014332e-33,"12","IRF2BPL"
7.74869780145009e-36,0.685527077061321,0.979,0.878,1.96716191085413e-31,"12","PID1"
1.53342272382164e-35,1.11058557932321,0.929,0.672,3.892900268966e-31,"12","NAMPTP1"
1.50626709481315e-34,0.5363930620391,0.986,0.938,3.82396027360213e-30,"12","CD82"
2.71220749436399e-34,1.33061070858406,0.864,0.506,6.88548116594187e-30,"12","OAS1"
1.42665429521744e-33,1.23911519988397,0.893,0.508,3.62184725926853e-29,"12","TREM1"
8.58845784475955e-32,0.60639077144355,1,0.901,2.18035179304911e-27,"12","IFI27"
1.0587541608545e-31,2.27292129063754,0.321,0.066,2.68785918816132e-27,"12","PARM1"
1.31170025529024e-31,0.553773565897442,0.979,0.898,3.33001343810532e-27,"12","CKAP4"
1.52043730909022e-30,1.33423752593047,0.836,0.474,3.85993419658734e-26,"12","COL7A1"
1.60355733313773e-30,1.20308140041996,0.893,0.647,4.07095100163677e-26,"12","CD55"
3.03706700705211e-30,1.07061591153221,0.893,0.622,7.71020201080318e-26,"12","OAS3"
6.81423614450182e-30,0.551650698386193,1,0.942,1.72993013000468e-25,"12","HSPA5"
7.97235465318191e-30,1.78482830060715,0.586,0.218,2.02394167580329e-25,"12","MT1F"
8.07196491213618e-30,0.639058939732312,0.979,0.95,2.04922973224401e-25,"12","INHBA"
8.34259299276008e-30,0.679953112606851,0.979,0.866,2.117934083072e-25,"12","QSOX1"
3.43955829498188e-29,0.654814589967376,0.986,0.898,8.73200664347049e-25,"12","ISG15"
5.81139501190902e-29,2.61043128700873,0.35,0.087,1.47533885167334e-24,"12","RAMP1"
1.27587111965769e-28,1.35378565610365,0.771,0.437,3.23905401147497e-24,"12","MIDN"
4.8527476006941e-28,1.10129613180993,0.886,0.608,1.23196703338821e-23,"12","SEMA3C"
6.70924997510575e-28,2.45899383251024,0.321,0.076,1.7032772911801e-23,"12","ARHGAP44"
8.78379291904983e-28,1.37758885389981,0.757,0.401,2.22994150835918e-23,"12","ID1"
9.04473192477691e-28,1.04819523088196,0.879,0.638,2.29618609374312e-23,"12","PROCR"
1.2894044962373e-27,2.09471846813443,0.507,0.179,3.27341119459763e-23,"12","KYNU"
3.35760837362236e-27,0.870143257363077,0.936,0.721,8.5239603781151e-23,"12","SRGN"
4.6847427083403e-27,0.787384141605312,0.943,0.76,1.18931563136635e-22,"12","SMIM14"
8.48302125599894e-27,1.12321930384611,0.857,0.569,2.15358460626045e-22,"12","IFIT1"
1.93798580223841e-26,0.873116087834215,0.907,0.696,4.91996455614266e-22,"12","PDIA4"
3.44035715084902e-26,0.608950421747692,0.964,0.874,8.7340346988604e-22,"12","CA12"
5.84231494397237e-26,1.82518052642084,0.471,0.154,1.48318849482626e-21,"12","VEGFC"
9.27702306713054e-26,1.22935704645445,0.793,0.504,2.35515784605243e-21,"12","PARP9"
1.02475955186966e-25,1.07017628615512,0.886,0.56,2.60155707433151e-21,"12","OAS2"
1.36330629847317e-25,0.758398930713237,0.943,0.766,3.46102569993384e-21,"12","ANPEP"
1.60906782314959e-24,2.07626305994105,0.457,0.158,4.08494048262985e-20,"12","HBEGF"
5.81540654690008e-24,1.71139714906009,0.521,0.198,1.47635726006152e-19,"12","BMP6"
1.03301186346903e-23,1.78061594262557,0.336,0.088,2.62250721778883e-19,"12","PILRA"
2.1338405131314e-23,1.56876544279641,0.636,0.308,5.41718091068667e-19,"12","ERFE"
2.56133060243632e-23,0.819103502737446,0.914,0.718,6.50245000040508e-19,"12","BCAT1"
8.77941124489428e-23,0.529053418514849,1,0.959,2.22882913274131e-18,"12","CHI3L1"
8.8062767530513e-23,0.753816679921783,0.921,0.782,2.23564947929713e-18,"12","MX1"
1.39836124762319e-22,0.862154668885426,0.914,0.673,3.55001969934099e-18,"12","CD9"
1.47525312920235e-22,1.42819431862888,0.643,0.32,3.74522511910601e-18,"12","SGK1"
5.07641606418254e-22,0.731762657833421,0.971,0.794,1.28874974621402e-17,"12","SLC7A2"
5.32250538318413e-22,1.6851905730542,0.429,0.144,1.35122444162896e-17,"12","RAC2"
1.74159421896086e-21,1.19368522632634,0.85,0.547,4.42138524367593e-17,"12","IL11"
2.26486650304531e-21,1.78339624744281,0.45,0.167,5.74981659128114e-17,"12","SERINC2"
9.33094207816732e-21,1.69252286319019,0.529,0.233,2.36884626538434e-16,"12","SLC1A1"
9.62177205687288e-21,1.25911980276716,0.679,0.37,2.44267927207832e-16,"12","SEC11C"
1.20487037561496e-20,1.72156253266159,0.421,0.148,3.05880442257369e-16,"12","FICD"
2.58108245938258e-20,0.820135881998291,0.914,0.723,6.55259403963456e-16,"12","IFIT3"
2.87995000140662e-20,1.58377703723427,0.557,0.266,7.31132906857098e-16,"12","TOB1"
4.48230737118265e-20,0.549224926681676,0.929,0.852,1.13792337232214e-15,"12","MXRA7"
9.70774418922916e-20,1.72952996643283,0.393,0.134,2.46450501731961e-15,"12","LRRN3"
1.82931149536236e-19,1.01070403206748,0.779,0.509,4.64407309327643e-15,"12","RARG"
3.61129514625018e-19,0.613953923503028,0.95,0.813,9.16799498778534e-15,"12","MT1E"
1.03250405444888e-18,0.854140002730835,0.879,0.659,2.62121804302937e-14,"12","BIRC3"
1.58614031249998e-18,1.60312010041197,0.543,0.267,4.0267344113437e-14,"12","BST2"
5.86851909209298e-18,1.01047249953636,0.786,0.519,1.48984094190964e-13,"12","ST3GAL1"
8.0819580433671e-18,1.85140357334645,0.414,0.164,2.05176668846961e-13,"12","S1PR3"
1.10566200789595e-17,1.2474236861512,0.664,0.377,2.80694413944544e-13,"12","SAMD9"
1.35917800703701e-17,0.740146097153126,0.957,0.806,3.45054520646484e-13,"12","CCL20"
1.90372610089183e-17,1.63314428200447,0.407,0.154,4.83298945233409e-13,"12","RHBDF2"
2.27939677035887e-17,0.581846013222059,0.936,0.826,5.78670458091006e-13,"12","ATP2B1"
2.81492885958647e-17,1.63053671274588,0.414,0.16,7.14625989583216e-13,"12","CMPK2"
5.04834050748692e-17,0.765392630899206,0.893,0.663,1.2816222046357e-12,"12","WNT5A"
5.93483926721747e-17,0.840808718571519,0.843,0.629,1.5066776447685e-12,"12","VCAM1"
6.20409715887272e-17,1.97565583600442,0.314,0.102,1.57503414572302e-12,"12","PLAT"
6.21660122739336e-17,0.966707021052739,0.793,0.521,1.57820855359835e-12,"12","BCL2A1"
1.54215711235604e-16,0.874629695925613,0.793,0.585,3.91507426113829e-12,"12","COX17"
1.69566354141144e-16,0.63333088597898,0.914,0.761,4.30478103258123e-12,"12","PLSCR1"
1.69927762044916e-16,1.46031572481615,0.543,0.272,4.3139560950343e-12,"12","RSAD2"
3.02698280194151e-16,1.57844404742203,0.443,0.19,7.68460123928891e-12,"12","TRIM14"
6.64452950780284e-16,1.24709039613729,0.614,0.346,1.68684670614591e-11,"12","NDP"
9.83411761297155e-16,0.640017453685144,0.9,0.739,2.49658743840509e-11,"12","PHLDA1"
1.0058549242289e-15,1.59856178398008,0.393,0.157,2.5535638961399e-11,"12","FOXO1"
1.16299346743459e-15,0.766585706217388,0.836,0.596,2.9524915157762e-11,"12","MAN1A1"
1.32093072650698e-15,0.943160561210258,0.757,0.519,3.35344683538326e-11,"12","CDK2AP2"
1.48728352804974e-15,1.39421377687333,0.493,0.235,3.77576669265989e-11,"12","NTN4"
1.74116856906423e-15,1.45530352315553,0.443,0.193,4.42030464628336e-11,"12","STX1A"
1.80752765971137e-15,2.15362779238626,0.264,0.081,4.58877046970925e-11,"12","AC243964.3"
2.40324479810841e-15,1.02570071326723,0.686,0.468,6.10111756895782e-11,"12","PLA2G4A"
3.54904536374492e-15,1.36890508207811,0.529,0.271,9.00996146493923e-11,"12","KLF4"
6.71142339134762e-15,1.06720706685111,0.686,0.441,1.70382905636142e-10,"12","DDX58"
7.90431143205962e-15,1.00324383041847,0.693,0.418,2.00666754325698e-10,"12","GSK3B"
1.59560738745513e-14,1.28201586385797,0.536,0.264,4.05076847453234e-10,"12","CMKLR1"
2.37137906115361e-14,0.740795276291816,0.814,0.587,6.02022002255067e-10,"12","MLEC"
2.6856382019661e-14,0.763657058576795,0.8,0.541,6.81802970333134e-10,"12","TFRC"
3.50451239725847e-14,0.951372768563521,0.736,0.511,8.89690562292009e-10,"12","VASN"
4.90843973315995e-14,0.638724666637804,0.886,0.742,1.24610559505732e-09,"12","FOXC1"
5.07364145342692e-14,1.19122477797236,0.579,0.331,1.28804535578149e-09,"12","APOL1"
5.47838582364967e-14,0.629323003078167,0.857,0.705,1.39079780904994e-09,"12","SELENOK"
8.0487372209557e-14,0.794991141871585,0.764,0.546,2.04333291828402e-09,"12","IGSF8"
9.02559673850811e-14,1.17390112636539,0.579,0.342,2.29132824400505e-09,"12","PREX1"
1.31764675555576e-13,0.53149382467074,0.893,0.787,3.34510981832941e-09,"12","CEBPB"
1.75872655759957e-13,1.72291764875405,0.329,0.127,4.46487911177802e-09,"12","SLCO4A1"
2.29431296180682e-13,0.550267589705142,0.929,0.77,5.82457231613897e-09,"12","ZC3H12A"
3.68556330814348e-13,1.56991241658268,0.343,0.136,9.35653957038386e-09,"12","THEMIS2"
4.05333714080916e-13,1.51090514990045,0.4,0.185,1.02902069993722e-08,"12","PVR"
4.25420595347416e-13,0.562703005035194,0.857,0.747,1.08001526540849e-08,"12","NUCB2"
4.79656305117551e-13,0.592973916642327,0.907,0.764,1.21770346180193e-08,"12","FGF2"
5.12247232285346e-13,0.953899743285249,0.671,0.438,1.30044204860281e-08,"12","IFI35"
6.79998208247869e-13,0.633422745144222,0.886,0.753,1.72631145127887e-08,"12","CD164"
6.90035682720481e-13,0.84915893325481,0.736,0.485,1.75179358772248e-08,"12","SOCS3"
2.06340892647133e-12,0.684299592357975,0.821,0.645,5.23837624163277e-08,"12","IFIH1"
2.25582072321143e-12,0.854701376205262,0.7,0.437,5.72685207001687e-08,"12","HSD11B1"
2.3635639728197e-12,0.739424115013046,0.771,0.59,6.00037985779738e-08,"12","MANF"
3.1787057289888e-12,1.2678451228451,0.436,0.209,8.06978023418387e-08,"12","ZSWIM6"
4.8067760906628e-12,1.64619272161548,0.321,0.132,1.22029624613656e-07,"12","TDRD7"
4.8467883094815e-12,1.19551618853577,0.586,0.361,1.23045414812807e-07,"12","BTG2"
5.14673721211417e-12,0.751094915495973,0.771,0.548,1.30660217603942e-07,"12","POU2F2"
5.80282425496607e-12,0.685214221105787,0.814,0.602,1.47316299360824e-07,"12","CHMP2A"
7.12153267159591e-12,0.833395369858953,0.736,0.53,1.80794349933805e-07,"12","ZBTB7A"
1.10711017958826e-11,1.40943284320734,0.336,0.139,2.81062061292072e-07,"12","DHCR24"
1.22619134228037e-11,0.672849703572856,0.779,0.579,3.11293196064719e-07,"12","SPCS3"
1.24784829817589e-11,1.68849107639263,0.25,0.087,3.16791247457913e-07,"12","GK"
1.27719681698754e-11,1.40558058268543,0.321,0.129,3.24241955928626e-07,"12","HMGN2P46"
1.58949081663224e-11,1.216792447156,0.436,0.207,4.03524033618426e-07,"12","SH2B3"
1.66783047547936e-11,0.998518835256637,0.593,0.371,4.23412122809945e-07,"12","NQO2"
1.74721148923722e-11,0.527917495858857,0.879,0.755,4.43564580772654e-07,"12","MT2P1"
1.77686079399722e-11,1.24109562666365,0.457,0.234,4.51091649772074e-07,"12","KLF2"
1.98179785862539e-11,0.645003072471263,0.836,0.672,5.03119022369229e-07,"12","FYN"
2.51155968358471e-11,0.51292765567355,0.907,0.793,6.3760965687165e-07,"12","EIF2AK2"
2.56353506753042e-11,1.44247797954407,0.379,0.18,6.50804647593947e-07,"12","AFAP1"
3.13854718196051e-11,0.87697124557619,0.643,0.386,7.96782973084316e-07,"12","ITGB8"
3.43182955524506e-11,0.687431751014346,0.771,0.602,8.71238569190065e-07,"12","PDLIM7"
3.55408451051376e-11,0.82893670270657,0.664,0.444,9.02275434684128e-07,"12","CTSS"
4.69108864437217e-11,1.14090329617951,0.536,0.325,1.19092667414676e-06,"12","SOX5"
5.90122854842257e-11,0.754414644019096,0.764,0.553,1.49814489158804e-06,"12","HELZ2"
6.79772066350206e-11,1.46568497572058,0.35,0.16,1.72573734484327e-06,"12","MSX1"
7.69937741656264e-11,1.80301870079763,0.286,0.119,1.95464094474276e-06,"12","LRP8"
7.85820648753144e-11,0.986421875506814,0.557,0.337,1.99496288098961e-06,"12","HIPK2"
1.48861374374263e-10,1.2888383670597,0.364,0.167,3.77914371123941e-06,"12","SYNGR2"
1.49029165119167e-10,1.07792604941983,0.529,0.324,3.78340341488029e-06,"12","SLC20A1"
1.95497382546401e-10,0.879234225079143,0.6,0.367,4.96309205070549e-06,"12","WTAPP1"
1.97082182508292e-10,0.906128385355075,0.614,0.413,5.003325367338e-06,"12","FNBP1"
2.14741839324401e-10,0.567615420162421,0.864,0.691,5.45165107492857e-06,"12","SMOC1"
2.38178058497028e-10,0.627894290374008,0.807,0.613,6.04662637106406e-06,"12","ID3"
2.59766808520382e-10,0.561776437232754,0.843,0.704,6.59469996790693e-06,"12","FKBP2"
3.73719086327282e-10,1.20023498395822,0.493,0.294,9.48760644459071e-06,"12","SLC7A11"
4.34373498095931e-10,1.53683546584421,0.314,0.141,1.10274399961614e-05,"12","PF4V1"
4.9916314779997e-10,0.784340348425381,0.7,0.498,1.26722548331978e-05,"12","ST6GALNAC4"
5.01274525350061e-10,0.737835430565925,0.686,0.496,1.2725856375062e-05,"12","TXNDC15"
5.35060087835423e-10,0.73264528630721,0.75,0.562,1.35835704498779e-05,"12","DNAJC3"
5.49013553674293e-10,0.775398942192471,0.686,0.495,1.39378070871293e-05,"12","IRF7"
5.90825190483544e-10,0.612712629885048,0.8,0.636,1.49992791108057e-05,"12","PTPN12"
6.16282321097425e-10,0.724249638415235,0.721,0.502,1.56455592857003e-05,"12","CDON"
7.92834235792337e-10,1.14056252647399,0.443,0.242,2.01276827440601e-05,"12","HERC6"
9.93390759169155e-10,0.525821792733184,0.829,0.724,2.52192112030273e-05,"12","ADAR"
1.05896071460042e-09,0.617068260072508,0.821,0.659,2.68838356615609e-05,"12","BDKRB2"
1.15333937728134e-09,0.741263158908152,0.736,0.588,2.92798267710413e-05,"12","ZC3HAV1"
1.17808698695127e-09,0.856468166772281,0.664,0.488,2.99080943377318e-05,"12","IFI44"
1.52605403363131e-09,0.568083621979825,0.814,0.68,3.87419337517981e-05,"12","GABARAPL1"
1.67511541596133e-09,0.862487545094922,0.586,0.387,4.25261550650102e-05,"12","PNPT1"
1.99926018319797e-09,0.608982654526812,0.786,0.603,5.07552182708468e-05,"12","PAFAH1B2"
2.24323509250006e-09,0.925879700488693,0.543,0.342,5.69490092932991e-05,"12","KREMEN1"
2.60174228185948e-09,0.546393094950928,0.829,0.711,6.60504313095667e-05,"12","PDLIM5"
4.46235840899394e-09,0.939313162438487,0.386,0.191,0.000113285892929129,"12","MT1G"
4.57612025964636e-09,0.910483782372336,0.521,0.318,0.000116173965031642,"12","CLCF1"
5.05808832474607e-09,0.515644457684396,0.843,0.701,0.000128409688300328,"12","ERLEC1"
5.82453907968367e-09,1.20841026638278,0.421,0.237,0.000147867573615929,"12","HERC5"
7.77031616136183e-09,0.870051864787931,0.6,0.422,0.000197265016388493,"12","SAMHD1"
8.00724252151007e-09,0.582083899190949,0.764,0.599,0.000203279865893576,"12","RASSF8"
8.99101409170269e-09,0.846174713482798,0.6,0.42,0.000228254874746056,"12","YWHAH"
9.06726968003717e-09,1.22185608601086,0.279,0.12,0.000230190775367104,"12","GSAP"
1.04158161900339e-08,0.59868734889582,0.75,0.567,0.000264426325616391,"12","CSRP1"
1.21303602579705e-08,0.803009657700011,0.514,0.296,0.000307953455869097,"12","LGALS3BP"
1.48230990993079e-08,1.10962246169708,0.386,0.205,0.000376314016834129,"12","PARP10"
2.11032552202586e-08,1.01090878470817,0.507,0.326,0.000535748340276706,"12","CRELD2"
2.31119680682255e-08,0.756409212163511,0.636,0.457,0.00058674353334804,"12","LAMB3"
2.32989840266839e-08,0.695364053804724,0.693,0.545,0.000591491307485425,"12","BZW1P2"
2.70441143811023e-08,0.695764142601395,0.686,0.51,0.000686568931793044,"12","AKAP9"
2.71272522455855e-08,0.650198517352975,0.707,0.526,0.000688679552758679,"12","NOMO1"
2.96653525490945e-08,1.61727133793009,0.264,0.119,0.000753114305163861,"12","NECTIN1"
3.09840047755218e-08,1.08013135734749,0.464,0.291,0.000786590929236171,"12","MYD88"
3.81602661343326e-08,1.04267042914111,0.421,0.242,0.000968774676352301,"12","HNMT"
3.89393752937786e-08,0.715047017554356,0.621,0.432,0.000988553920583156,"12","COX7A1"
4.45136040652669e-08,1.04526746448963,0.421,0.24,0.00113006686640493,"12","AGRN"
4.53028832950048e-08,1.05418002633885,0.479,0.305,0.00115010429821029,"12","CYB561"
4.65932181672595e-08,0.52983620220077,0.793,0.651,0.00118286202961222,"12","CUX1"
4.77463133293756e-08,0.816345644951481,0.564,0.349,0.00121213565649286,"12","PALMD"
4.96972982541227e-08,0.586432280421978,0.729,0.581,0.00126166531077741,"12","RNF145"
5.31817918588074e-08,0.769274621487472,0.579,0.387,0.00135012614991954,"12","IFIT5"
5.73693369583152e-08,0.578569117992627,0.757,0.674,0.00145643535736075,"12","ACKR3"
6.12603152072528e-08,1.1038572033337,0.4,0.22,0.00155521562216653,"12","HOXA9"
6.84555257734962e-08,0.925555285579932,0.471,0.283,0.00173788043281175,"12","SCO2"
7.325276276296e-08,1.11916908173794,0.343,0.176,0.00185966788826326,"12","RASSF8-AS1"
7.54430731683444e-08,0.895327227882021,0.464,0.273,0.00191527329852476,"12","DNER"
8.55368490087431e-08,1.03494093096191,0.343,0.176,0.00217152398578496,"12","KLF13"
8.56966162440971e-08,1.08564428241064,0.443,0.281,0.00217557999658889,"12","SEMA4C"
8.94286343351973e-08,0.903925101588895,0.486,0.299,0.00227032473986765,"12","ATP1B1"
9.48961910965373e-08,0.781792052022708,0.593,0.406,0.00240912960336779,"12","ISG20"
9.59761770855712e-08,0.599472184408681,0.686,0.539,0.0024365472076714,"12","SPPL2A"
9.7463051046706e-08,0.715685870324899,0.621,0.464,0.00247429447692272,"12","DYNLL2"
1.03563978118656e-07,1.11448935561892,0.314,0.154,0.00262917871249831,"12","SLC43A2"
1.14002398276298e-07,0.608261835988629,0.693,0.608,0.00289417888504039,"12","FAM177A1"
1.21626933716382e-07,0.87061182632774,0.5,0.323,0.00308774296625779,"12","CDK14"
1.26655246070404e-07,0.852714483289139,0.564,0.399,0.00321539673198936,"12","CHPF"
1.32196122458107e-07,1.04083147453423,0.393,0.229,0.00335606296084397,"12","ACP2"
1.76707630840345e-07,0.837746902548712,0.593,0.463,0.00448607662414385,"12","SP110"
1.86433851539862e-07,1.12049159166581,0.379,0.219,0.00473299618904248,"12","AFDN"
1.95243879160849e-07,0.620509027703261,0.686,0.502,0.00495665636025648,"12","ASS1"
2.09224981504226e-07,1.21203765961472,0.357,0.203,0.00531159460544779,"12","TMEM132A"
2.28906826497595e-07,0.652744159158735,0.671,0.463,0.00581125760429445,"12","SOX9"
2.59236814334774e-07,0.915613074070175,0.471,0.298,0.0065812450055169,"12","EML1"
2.64337540136683e-07,0.578115644212911,0.714,0.574,0.00671073713144996,"12","C16orf45"
2.74291229134869e-07,0.771331715208215,0.571,0.393,0.00696343143404691,"12","AGFG1"
2.85489181417004e-07,1.12233849505428,0.364,0.202,0.00724771384863349,"12","SPR"
2.90090519256868e-07,1.0607097986161,0.35,0.188,0.00736452801237411,"12","FZD7"
3.10492790011964e-07,0.892762242289735,0.443,0.275,0.00788248046003373,"12","EBAG9"
3.53634283992466e-07,1.26011088361709,0.3,0.154,0.00897771356771673,"12","SIPA1L1"
3.55702233572166e-07,0.848384108429178,0.493,0.317,0.00903021260369658,"12","ELMO2"
3.59936517049061e-07,0.805729539691311,0.621,0.458,0.0091377083583245,"12","WARS"
4.08123520611236e-07,0.734741812885343,0.579,0.405,0.0103610318177574,"12","HLA-F"
4.15790334368537e-07,1.02633985264167,0.379,0.22,0.0105556692186141,"12","SLC19A3"
4.33709487195873e-07,1.06395671432312,0.414,0.252,0.0110105827514416,"12","OASL"
4.64850446529213e-07,0.538563468322201,0.743,0.622,0.0118011582860371,"12","APCDD1L"
4.70148170330222e-07,0.933165311153436,0.379,0.211,0.0119356516001734,"12","SHKBP1"
4.73852219799437e-07,0.746561813965631,0.579,0.408,0.0120296863040483,"12","PKD2"
4.78260433798248e-07,1.14843977323997,0.25,0.113,0.0121415976328361,"12","SORBS2"
4.9162973366484e-07,0.71811969318504,0.564,0.389,0.0124810040485493,"12","GOLT1B"
5.31919327263437e-07,0.634924851231073,0.65,0.482,0.0135038359612369,"12","ITPRIPL2"
5.35833519172405e-07,0.698370013558084,0.6,0.431,0.0136032055512298,"12","CREB5"
5.58029665544137e-07,0.573893522734878,0.707,0.6,0.014166699119169,"12","PARP14"
5.71865649717994e-07,0.821396588084501,0.529,0.361,0.0145179532493907,"12","LAP3"
5.72508535567484e-07,0.896400599688291,0.457,0.297,0.0145342741924517,"12","PLEKHA3"
5.79857272497263e-07,1.03139445541278,0.364,0.202,0.014720836576888,"12","PITX1"
6.00091060770941e-07,0.790577749403666,0.429,0.247,0.0152345117597919,"12","LIMK1"
6.80972095606865e-07,0.86558700884435,0.45,0.285,0.0172878385911715,"12","MAGEH1"
6.84997282494734e-07,0.710642138321249,0.593,0.424,0.0173900260106938,"12","P3H4"
7.24643265730144e-07,0.598396845610658,0.586,0.393,0.0183965185870912,"12","TGM2"
7.48572018868848e-07,0.68241164928337,0.621,0.458,0.0190039978430235,"12","APOL6"
7.48575716468634e-07,1.05044976142896,0.343,0.19,0.0190040917139892,"12","PLD1"
7.79817558617482e-07,1.31771018499787,0.286,0.147,0.019797228360622,"12","TMEM164"
8.18147584362636e-07,0.937046029709497,0.414,0.247,0.0207703127242142,"12","MN1"
8.44850614802024e-07,0.821073887935841,0.514,0.349,0.021448222557979,"12","HSPB11"
9.43708303003355e-07,0.734474588085201,0.586,0.418,0.0239579226883462,"12","EZR"
9.53101046758202e-07,0.645524992767412,0.636,0.455,0.0241963762740505,"12","PLXDC2"
1.05665874248813e-06,1.02043103370503,0.35,0.194,0.0268253954955461,"12","GAB2"
1.05890354326264e-06,0.840234076275689,0.514,0.36,0.0268823842528087,"12","SAMD9L"
1.10189406777808e-06,1.23218739329776,0.257,0.124,0.0279737846986822,"12","HACL1"
1.10991853037966e-06,1.08747137059764,0.386,0.233,0.0281775017307483,"12","HOXA10"
1.13830119642734e-06,1.1678338831613,0.286,0.145,0.0288980524737008,"12","SLC12A6"
1.14141548032947e-06,0.718144338981219,0.55,0.364,0.0289771147991243,"12","HRH1"
1.19874056180266e-06,0.944088079948842,0.393,0.232,0.0304324266424843,"12","FAM214B"
1.32381654482299e-06,0.795785719892049,0.543,0.401,0.0336077306234213,"12","LSM6"
1.35752494498699e-06,0.88051207707135,0.471,0.321,0.0344634857783848,"12","SDF2L1"
1.40832067500804e-06,1.00883305875646,0.493,0.349,0.0357530369764292,"12","TWISTNB"
1.44661473390343e-06,0.565519350043086,0.679,0.521,0.0367252082496064,"12","IVNS1ABP"
1.49708033893657e-06,0.922560912725572,0.393,0.231,0.0380063785645827,"12","GPR161"
1.5232818995514e-06,0.795006530894053,0.507,0.339,0.0386715575839114,"12","LRRC8A"
1.53646646285017e-06,0.823825119369516,0.507,0.355,0.0390062740923772,"12","HEG1"
1.86584994870259e-06,0.725495099781127,0.55,0.396,0.0473683326477126,"12","TAOK3"
1.89411829161557e-06,0.553964012384466,0.707,0.561,0.0480859810692444,"12","MAP7D1"
1.99239040316806e-06,1.17291485041979,0.307,0.168,0.0505808151652275,"12","CBX4"
2.09568839978924e-06,0.9307318447896,0.4,0.242,0.0532032414054495,"12","PIK3R1"
2.47463111025639e-06,0.748089702893292,0.536,0.374,0.062823459996079,"12","DIAPH1"
2.71083069217279e-06,0.921441413203491,0.45,0.305,0.0688198587821906,"12","SGMS1"
2.82924760600809e-06,0.74216699292179,0.586,0.444,0.0718261089737274,"12","HPCAL1"
3.06899886483409e-06,0.992562262419556,0.343,0.195,0.077912674181543,"12","ERAP2"
3.151627319752e-06,0.547199682810479,0.707,0.568,0.0800103627665439,"12","SOX4"
3.32672013021033e-06,0.621407263051299,0.629,0.465,0.0844554439456495,"12","SREBF2"
3.38364751222673e-06,0.542933992956681,0.664,0.515,0.0859006593929001,"12","PPP2R5E"
3.57458429450429e-06,0.688096722544147,0.479,0.317,0.0907479714845805,"12","IL1B"
3.64119180586157e-06,0.602632008320851,0.6,0.436,0.0924389363754077,"12","FURIN"
3.67122043001014e-06,0.792252981840717,0.507,0.352,0.0932012730566675,"12","GMPPA"
4.28096153645002e-06,0.891215699985668,0.393,0.241,0.108680770525857,"12","SYVN1"
4.43185472286623e-06,1.18531840809101,0.307,0.175,0.112511495849405,"12","MAPKAPK3"
4.76482979393325e-06,1.17127985451502,0.257,0.129,0.120964733978583,"12","PSD4"
5.58724098551854e-06,0.596079808517368,0.607,0.445,0.141843286899359,"12","AHI1"
5.71501978785019e-06,0.720533736520085,0.536,0.386,0.145087207354153,"12","MAP1A"
5.79492685375798e-06,1.041123428666,0.293,0.157,0.147115808036354,"12","PIGO"
6.47513878031678e-06,0.80153965323062,0.436,0.279,0.164384348215902,"12","PARP12"
6.52456401910996e-06,0.500917064005378,0.693,0.552,0.165639106753145,"12","CCT5"
6.65415908396484e-06,1.15474376535626,0.279,0.15,0.168929136664615,"12","LRRC8C"
7.47347243547358e-06,0.943167525290683,0.371,0.233,0.189729044719368,"12","PDE8A"
7.59299723020463e-06,0.529051209997102,0.657,0.524,0.192763420683205,"12","PLPP5"
7.90018139269036e-06,0.667603335526528,0.543,0.392,0.20056190501623,"12","SLC35B1"
8.0478751324566e-06,0.665760907999994,0.536,0.379,0.204311405987676,"12","OSGIN2"
8.56251250297669e-06,1.27866974939598,0.271,0.151,0.217376504913069,"12","DHTKD1"
1.01402291338421e-05,0.554358593533294,0.629,0.51,0.257429997020849,"12","DDA1"
1.02544307547248e-05,0.833411471313363,0.429,0.283,0.260329233570199,"12","PTER"
1.21682715979141e-05,0.60255232720527,0.621,0.487,0.308915911056245,"12","BMP1"
1.25992625923358e-05,0.95394463268637,0.371,0.233,0.319857479431628,"12","BID"
1.26536004201109e-05,0.616195660314372,0.607,0.484,0.321236953865355,"12","ZFAND6"
1.38104392362923e-05,0.521277573835524,0.643,0.524,0.350605620891753,"12","MT1L"
1.86732211871765e-05,0.772873396740684,0.421,0.278,0.474057066278849,"12","CMTR1"
1.8867248644619e-05,0.734444129851151,0.471,0.321,0.478982841340943,"12","ANTXR2"
1.89366456973243e-05,0.609113592976468,0.593,0.463,0.480744624317973,"12","FKBP11"
1.92912144424499e-05,0.732825818632018,0.45,0.298,0.489746061050474,"12","SLC33A1"
2.00120846699911e-05,0.586341530024871,0.543,0.378,0.508046793517064,"12","TFPI"
2.36995328261289e-05,0.719632338137909,0.471,0.325,0.601660039856936,"12","MINDY2"
2.38508045740114e-05,1.01516759898816,0.3,0.173,0.605500375720426,"12","NTN1"
2.56505515357462e-05,0.561458998591666,0.593,0.477,0.651190551837988,"12","MIA3"
2.57344165685404e-05,0.747793717180393,0.421,0.272,0.653319633425536,"12","IL7R"
2.67817849496228e-05,0.66542983780143,0.579,0.443,0.679909174516074,"12","DTX3L"
2.95905188819617e-05,0.649027519162586,0.45,0.295,0.751214502856361,"12","LINC01588"
3.02983903922489e-05,0.70641549074471,0.443,0.297,0.769185236888023,"12","SKIV2L"
3.37843046139627e-05,1.11531356723238,0.25,0.133,0.857682141234671,"12","PPT2"
3.98812266709014e-05,0.811029918797887,0.393,0.258,1,"12","ARPC1B"
3.99077951918702e-05,0.657444334664942,0.564,0.441,1,"12","LPGAT1"
4.08761991799407e-05,0.795645621809882,0.379,0.244,1,"12","SLC26A2"
4.14282809867242e-05,0.783424187190886,0.436,0.308,1,"12","ATP8B2"
4.17414007178514e-05,0.561483463188913,0.579,0.447,1,"12","EIF4G3"
4.34392582221135e-05,0.776345513205518,0.4,0.27,1,"12","MET"
4.397412529898e-05,0.915832043896673,0.371,0.247,1,"12","CCDC91"
4.4471232127092e-05,0.695328887570691,0.486,0.356,1,"12","AMD1"
4.46179334917229e-05,0.756765834929241,0.464,0.341,1,"12","LEPROTL1"
4.67267015530159e-05,0.666621967304741,0.479,0.345,1,"12","IFT43"
4.97245857299117e-05,0.971178002259177,0.3,0.177,1,"12","PC"
5.03782956305227e-05,0.504196274985765,0.629,0.499,1,"12","ARL3"
5.21364617696779e-05,0.792663127019748,0.4,0.27,1,"12","CPSF6"
5.22800308217089e-05,0.927070922570019,0.286,0.163,1,"12","CCM2"
5.43681589115577e-05,0.607193290365504,0.529,0.387,1,"12","IL4R"
5.83497007068159e-05,0.859787672289478,0.371,0.231,1,"12","MMP13"
5.9342507086803e-05,0.551711733906292,0.607,0.491,1,"12","ATP6AP1"
5.97503141740317e-05,0.630880809254817,0.514,0.391,1,"12","ALDH3B1"
6.05583717019506e-05,0.862666674777062,0.357,0.238,1,"12","MFSD5"
6.34264133545309e-05,0.939260680996937,0.279,0.157,1,"12","TLE1"
6.36782265286383e-05,0.554359374160213,0.564,0.446,1,"12","HSPA13"
6.43891666185233e-05,0.51805135528482,0.593,0.458,1,"12","GRK2"
6.85389023032085e-05,1.11664111048685,0.343,0.223,1,"12","IFIT2"
7.96238877203185e-05,0.656228837674173,0.5,0.37,1,"12","CHST2"
8.0553483756809e-05,1.03921985700556,0.293,0.175,1,"12","TIAM2"
8.20442615057158e-05,0.768807125241479,0.393,0.261,1,"12","ADAMTS6"
8.5792219730837e-05,0.783557569330334,0.407,0.284,1,"12","FAH"
8.58035076812664e-05,0.620231889890947,0.557,0.439,1,"12","ALDH3A2"
8.75353665632204e-05,0.656690680663916,0.479,0.339,1,"12","PLPPR2"
9.28218569491835e-05,0.925691612852194,0.336,0.214,1,"12","ARNTL2"
9.86401969538854e-05,0.515765408322217,0.614,0.499,1,"12","CASC4"
0.000104322835600156,0.86873249293874,0.286,0.169,1,"12","DDX60L"
0.000106577483662618,0.726032042258197,0.443,0.322,1,"12","ZCCHC6"
0.000108292204119915,1.01644752117065,0.329,0.207,1,"12","HMGXB3"
0.000108974915791875,1.03690188329278,0.293,0.177,1,"12","FAM104B"
0.000114184813063576,0.757341937498347,0.386,0.262,1,"12","MT1M"
0.000119595821216396,0.534415200258958,0.564,0.436,1,"12","SRP19"
0.000121465760108482,0.505909651298164,0.586,0.456,1,"12","ATP6V0D1"
0.000122079369702154,1.04027508226489,0.25,0.142,1,"12","ARHGAP6"
0.000124734067649093,0.794278797393768,0.357,0.233,1,"12","TSHZ2"
0.000124881149006131,0.591683130733786,0.5,0.361,1,"12","DERL2"
0.000133806348986854,0.615990382293914,0.529,0.414,1,"12","SETX"
0.00013537220704996,0.83458773467358,0.4,0.283,1,"12","PPM1K"
0.000136387596584334,0.713107554015173,0.421,0.293,1,"12","COQ10B"
0.000142909543516612,0.894456688227998,0.321,0.204,1,"12","ZBTB7B"
0.000142956993356856,0.871129359709771,0.357,0.233,1,"12","AK1"
0.000143526109230093,0.985746163723871,0.314,0.199,1,"12","YIPF1"
0.000159279937458803,0.781011408522752,0.4,0.282,1,"12","CCND3"
0.000160285843985243,0.827647119118162,0.364,0.245,1,"12","STK17A"
0.000160450346081818,0.725463403187992,0.429,0.307,1,"12","SEC23B"
0.000161971112737537,0.624758936456347,0.536,0.42,1,"12","FDFT1"
0.000166170971833083,0.554309865507964,0.586,0.471,1,"12","TMCO3"
0.000188615626769502,0.722281770947266,0.407,0.286,1,"12","KMT5B"
0.000204004321521665,1.09010935778835,0.264,0.158,1,"12","ARMC9"
0.000214623942633813,0.787419054686894,0.357,0.238,1,"12","PCNX1"
0.00022477160719059,0.988836294527942,0.336,0.231,1,"12","NACC1"
0.00022616479837475,0.6704566499795,0.493,0.367,1,"12","PGM3"
0.00022780892806997,0.537642904524194,0.521,0.395,1,"12","FAM98A"
0.000227876908784962,0.695263945036974,0.436,0.33,1,"12","TMEM9B"
0.0002508598173272,0.601384175232388,0.493,0.374,1,"12","DNAJB11"
0.000252999185293753,0.531929365121018,0.586,0.478,1,"12","ACTR1A"
0.000255350402258984,0.551364909101505,0.557,0.444,1,"12","DNAJB9"
0.000277200686035105,0.520166128589898,0.579,0.485,1,"12","SRP54"
0.000277650233556869,0.821187189354299,0.386,0.279,1,"12","TMEM87B"
0.000282295501661282,0.632199735446456,0.464,0.338,1,"12","PSMA2"
0.000282307917422422,0.686114524534641,0.429,0.301,1,"12","PLXNA3"
0.000292684543089874,1.2057274560016,0.25,0.146,1,"12","CCL7"
0.000294506578272606,0.558297249016074,0.543,0.43,1,"12","ADAM10"
0.000298232991759851,0.934816625664447,0.286,0.179,1,"12","OSTCP5"
0.000310787839264362,0.500267491195994,0.6,0.477,1,"12","NCOA7"
0.00031794372048613,0.687756373309951,0.407,0.288,1,"12","RTL6"
0.000321305633101879,1.03850485196808,0.271,0.172,1,"12","FAM3C2"
0.000326798266114034,0.693965050549568,0.264,0.152,1,"12","TNFRSF10A"
0.000331094890534226,0.864429152126999,0.336,0.228,1,"12","CBX7"
0.000343048016211434,0.624580156199246,0.443,0.323,1,"12","EHD1"
0.00035189078018164,0.535585854991997,0.529,0.402,1,"12","PPFIA1"
0.000375362891169974,0.569042735485218,0.571,0.486,1,"12","FAM107B"
0.000390755953339712,0.785721268525695,0.257,0.152,1,"12","ERO1B"
0.00039363771868375,0.836041489007428,0.3,0.185,1,"12","C2CD4A"
0.000393670163858348,0.69281916850616,0.371,0.254,1,"12","SLC9A3R1"
0.000405796926464901,0.806804960207074,0.286,0.175,1,"12","DOCK5"
0.000407629223615907,0.657276974623536,0.407,0.284,1,"12","DESI1"
0.000412358056281344,0.918013686962174,0.293,0.189,1,"12","PART1"
0.000419415131839192,0.586201533838978,0.457,0.339,1,"12","ELF1"
0.000424952584431921,0.778131461674617,0.271,0.165,1,"12","CHMP7"
0.000428030731100662,0.53750070293188,0.571,0.453,1,"12","HDGFL3"
0.000428130128827935,0.566417385975422,0.471,0.349,1,"12","DUSP5"
0.00044607999014182,0.575645311859956,0.45,0.325,1,"12","RANBP2"
0.000447247989324857,0.95120489613331,0.307,0.204,1,"12","CCDC12"
0.000536796291392616,0.779430587756873,0.257,0.155,1,"12","AC007388.1"
0.000563271188328471,0.673185740815298,0.393,0.281,1,"12","OSTM1"
0.000587527681797746,0.629548011490943,0.457,0.351,1,"12","TRIM38"
0.000594200355167343,0.502960797532285,0.479,0.361,1,"12","GTF3C6"
0.000641011493820647,0.739203912673068,0.35,0.238,1,"12","GALNT11"
0.000641937902532942,0.815397906499335,0.314,0.212,1,"12","CDR2"
0.00066222936352271,0.820429991456647,0.336,0.228,1,"12","DPP4"
0.000680889927468408,0.906226774303965,0.314,0.213,1,"12","SPTLC2"
0.00068202728330941,1.04317802501775,0.257,0.164,1,"12","COX17P1"
0.000696056596321502,0.681461508902028,0.421,0.309,1,"12","PLPBP"
0.000726191658769869,0.521118519933631,0.564,0.455,1,"12","ABI2"
0.000744722549862754,0.816575630709939,0.357,0.255,1,"12","IGF2BP2"
0.000792663954600251,0.644050670612777,0.443,0.334,1,"12","MAOB"
0.000802742281747056,0.661266893039593,0.436,0.333,1,"12","FRMD8"
0.000887538051060704,0.605585483635269,0.4,0.281,1,"12","DCAF11"
0.000940657075164778,0.832734588866318,0.343,0.238,1,"12","CRADD"
0.000943028540841101,0.60350928897426,0.471,0.365,1,"12","ADIPOR2"
0.000954964548219964,0.67295171618779,0.407,0.299,1,"12","PIGP"
0.00102466237099629,0.559851594200951,0.457,0.347,1,"12","HSP90B2P"
0.00104039714622697,0.884194629904335,0.257,0.164,1,"12","TECPR1"
0.00105401017813654,0.682281769661926,0.364,0.253,1,"12","TRIM21"
0.00106836831490958,0.802611172388334,0.286,0.188,1,"12","NOVA1"
0.0011061398775731,0.576382996271072,0.479,0.366,1,"12","SKIL"
0.00110621973008173,0.743996118094694,0.264,0.166,1,"12","PPRC1"
0.00110963992307109,0.586715032593741,0.357,0.245,1,"12","CHST11"
0.00111351429971195,0.527798792032203,0.443,0.332,1,"12","ZNF791"
0.00114637384395143,0.726371980210522,0.314,0.208,1,"12","TRIB1"
0.0011514827384256,0.726766466563484,0.371,0.275,1,"12","DAG1"
0.00117503418744756,0.644681879208763,0.371,0.266,1,"12","PRDM2"
0.00121553717657566,0.662398990654311,0.386,0.283,1,"12","LPIN2"
0.001216916088016,0.796458731568428,0.257,0.158,1,"12","INPP5K"
0.00123856591534348,0.599880483535892,0.379,0.27,1,"12","FAM208A"
0.00129435232179702,0.587000508709281,0.436,0.322,1,"12","BCL2L1"
0.00131922601297068,0.587901693101302,0.479,0.378,1,"12","GIGYF2"
0.00134842576658026,0.750217270044724,0.321,0.223,1,"12","TRIM26"
0.00135878094418642,0.949971273085391,0.25,0.159,1,"12","NUDT16L1"
0.00138614262060815,0.840095241256623,0.293,0.2,1,"12","TCF20"
0.00147762326739847,0.754393880448601,0.293,0.194,1,"12","ISM1"
0.00156756486704798,0.834221263509044,0.293,0.197,1,"12","ABCC3"
0.00156933512628475,0.648392076926449,0.386,0.281,1,"12","TMBIM4"
0.00160402582432566,0.545638329034551,0.436,0.33,1,"12","HTATSF1"
0.00167442542325405,0.616651066125539,0.429,0.321,1,"12","STEAP3"
0.00168157404982963,0.543292907251398,0.464,0.365,1,"12","ARRDC2"
0.00172142495956723,0.625179946855287,0.3,0.194,1,"12","CD40"
0.00179778501983448,0.585912625955836,0.471,0.374,1,"12","RNASEH2C"
0.00180656389342421,0.810800502355033,0.336,0.249,1,"12","EML2"
0.00184641069792398,0.523085842793714,0.464,0.362,1,"12","SRF"
0.00185378443635311,0.506105643626809,0.436,0.321,1,"12","KDELR3"
0.0018955153526853,0.82578457928336,0.264,0.172,1,"12","CNOT6"
0.00195924499778881,0.664572475294499,0.307,0.21,1,"12","MAP3K5"
0.00199103388483445,0.646860187251787,0.336,0.234,1,"12","DYRK1A"
0.00199300246699245,0.678412524896708,0.25,0.157,1,"12","SOCS6"
0.00206110487344498,0.746311987071495,0.336,0.235,1,"12","TRIM13"
0.00208041406324348,0.532511107616575,0.436,0.33,1,"12","BOLA3"
0.00215381653609304,0.554679634867287,0.45,0.357,1,"12","APEH"
0.00217697227073108,0.521208270354341,0.457,0.357,1,"12","RUFY1"
0.00219484847479505,0.567096036571843,0.429,0.327,1,"12","CWC22"
0.0021974548417975,0.580383179171967,0.457,0.356,1,"12","MSI2"
0.00231552719382726,0.509198911758133,0.514,0.425,1,"12","SLC25A11"
0.00236002090047413,0.67568707964102,0.386,0.286,1,"12","RBM18"
0.00244788657097355,0.827903603571351,0.279,0.19,1,"12","WFS1"
0.00248406965416639,0.562401935490605,0.4,0.307,1,"12","PPARA"
0.00250452550633755,0.631638650800557,0.429,0.349,1,"12","PLGRKT"
0.00255130267394643,0.618862819542961,0.4,0.296,1,"12","EPB41L1"
0.00258270892156499,0.772082322048356,0.279,0.191,1,"12","KMT2D"
0.00269926234163418,0.684857386407071,0.357,0.261,1,"12","TRMT6"
0.00284025576641084,0.68865885571938,0.257,0.167,1,"12","GMPPB"
0.00285385797398797,0.660365060193836,0.329,0.237,1,"12","ZNF217"
0.00296579550239996,0.917140490616156,0.271,0.186,1,"12","FBXO33"
0.00297217672485676,0.550638382764178,0.336,0.228,1,"12","RGS16"
0.00302872196845862,0.750001391346843,0.321,0.229,1,"12","SLC30A7"
0.00309594917823318,0.702142382658186,0.293,0.202,1,"12","DGKZ"
0.00310416627673086,0.883735851533,0.3,0.208,1,"12","PTPRN"
0.00316434156784177,0.764892544352718,0.264,0.178,1,"12","MINPP1"
0.00335671819211255,0.677706500141906,0.307,0.216,1,"12","SRSF8"
0.00335966447799956,0.824476466236505,0.293,0.2,1,"12","TIMM10B"
0.00339200223646416,0.556258293905611,0.371,0.273,1,"12","ATXN1"
0.00344413239802107,0.727386976639783,0.393,0.307,1,"12","POP7"
0.00358263786536896,0.582881903834131,0.386,0.284,1,"12","BACH1"
0.00367467317369554,0.603279418441583,0.407,0.317,1,"12","AGPAT3"
0.00385327420285759,0.543480581960741,0.414,0.321,1,"12","PDGFA"
0.00388469245630256,0.741469153247211,0.329,0.24,1,"12","ETV5"
0.00393532320383271,0.663118747985825,0.343,0.251,1,"12","SECISBP2"
0.0040079155713138,0.635979244149198,0.4,0.32,1,"12","CRELD1"
0.00403798981312964,0.535098394966589,0.407,0.318,1,"12","DCTN6"
0.00410584436855115,0.626928848228942,0.386,0.289,1,"12","PIP5K1C"
0.00410970748472419,0.52927558523599,0.407,0.317,1,"12","PPCS"
0.00452002338062537,0.613725706644434,0.393,0.315,1,"12","PNMA1"
0.004583172753796,0.554978951460131,0.336,0.245,1,"12","SLCO3A1"
0.00474844227455578,0.737663132353274,0.279,0.199,1,"12","ZFYVE16"
0.00477140163587174,0.580774793421441,0.414,0.329,1,"12","MLH1"
0.00488341184461405,0.604693460214963,0.279,0.188,1,"12","PNP"
0.00497114630310799,0.659912270560613,0.293,0.205,1,"12","C11orf54"
0.00499793015627818,0.703650058063887,0.293,0.21,1,"12","POLR2D"
0.00499843891680862,0.530656232384858,0.421,0.331,1,"12","LNPEP"
0.00521229482737337,0.569973498686508,0.35,0.251,1,"12","ZBED5"
0.00532029818531832,0.69502638314251,0.357,0.273,1,"12","KIN"
0.00535348493115473,0.663799805342117,0.271,0.183,1,"12","SLC16A4"
0.00540199107697117,0.81401807492527,0.286,0.201,1,"12","C17orf58"
0.00540622715515811,0.591417161583202,0.35,0.258,1,"12","CAMK1D"
0.0054317581253137,0.744355487469197,0.293,0.206,1,"12","TNS3"
0.00563461834120092,0.568397202064527,0.429,0.353,1,"12","SLC9B2"
0.00586501254974896,0.529184908111955,0.414,0.325,1,"12","REST"
0.00645089144960465,0.558793103628282,0.379,0.284,1,"12","GPBP1L1"
0.0065034794392289,0.601164084655604,0.3,0.211,1,"12","PORCN"
0.00652823938767615,0.680167382352429,0.329,0.245,1,"12","MYO5A"
0.00660391239063361,0.638512968799347,0.357,0.266,1,"12","NAPG"
0.00664563982986053,0.571922439486304,0.364,0.281,1,"12","GTPBP1"
0.00689549718841166,0.629001913536872,0.379,0.306,1,"12","TRIM23"
0.00694089547970765,0.588947000087297,0.414,0.344,1,"12","PTS"
0.00706655687317309,0.507000069827794,0.421,0.337,1,"12","PSME4"
0.00727713787546416,0.737078457008138,0.264,0.187,1,"12","LINC00467"
0.00737401778039577,0.562849812281625,0.393,0.307,1,"12","TMEM141"
0.00741325066822952,0.719306425800268,0.286,0.203,1,"12","IL24"
0.00752136396731899,0.584372669925535,0.314,0.222,1,"12","NR2F6"
0.00752850331131513,0.562888748970612,0.35,0.26,1,"12","TUBG1"
0.00763770221947425,0.526263199400974,0.414,0.332,1,"12","AKIRIN1"
0.00810265417998341,0.820580218030651,0.336,0.264,1,"12","INO80C"
0.0083288562756761,0.505734690929043,0.421,0.341,1,"12","CNOT11"
0.00834596670039052,0.604084431395613,0.286,0.202,1,"12","TJP1"
0.00840595065362775,0.622964183992339,0.371,0.287,1,"12","EDEM1"
0.00850952324764424,0.557223012683314,0.4,0.317,1,"12","NDFIP2"
0.00867648467007187,0.51758405705411,0.4,0.31,1,"12","ABRACL"
0.00872034698835985,0.60093268905149,0.35,0.265,1,"12","TRAFD1"
0.00872281250383144,0.63619236304167,0.329,0.251,1,"12","PYM1"
0.00885218006628363,0.511616561919182,0.464,0.402,1,"12","SBNO2"
0.00898115054734556,0.623639694753762,0.257,0.174,1,"12","DTX2"
0.00923702958392504,0.574101386158893,0.35,0.27,1,"12","PDIA3P1"
0.00958128489319059,0.742209798621158,0.25,0.176,1,"12","TUSC1"
0.00961895497811024,0.579873889917726,0.3,0.218,1,"12","TAOK2"
0.00972007369368595,0.792666026546529,0.286,0.213,1,"12","IRF2BP1"
0.0097377797986171,0.544468997226143,0.279,0.195,1,"12","LARP1B"
1.23784088543308e-221,5.37096345128279,0.504,0.022,3.14250665584895e-217,"13","GABRA4"
8.18322471464522e-152,4.10699907116865,0.718,0.081,2.07747525830698e-147,"13","SCARA5"
1.26861885498909e-89,3.23507897052006,0.588,0.086,3.2206426871608e-85,"13","DLX4"
1.29395440042796e-88,3.85331101415647,0.473,0.056,3.28496203636645e-84,"13","TNFSF15"
5.20382472341482e-73,3.60567487864745,0.42,0.053,1.32109498253332e-68,"13","SEMA3A"
1.38047328335448e-63,3.3755155620033,0.458,0.072,3.50460752445201e-59,"13","CFI"
1.51873819160873e-63,3.22631226631645,0.504,0.089,3.85562064703708e-59,"13","CADM3"
6.22652233281065e-62,3.9894836521112,0.267,0.024,1.58072722463064e-57,"13","DNASE1L3"
7.21239109044669e-62,1.74330324659994,0.977,0.626,1.8310097261317e-57,"13","VCAM1"
5.42329498909268e-57,2.10921363894336,0.939,0.563,1.37681189888096e-52,"13","TIMP3"
2.85169058167052e-53,2.91833509806095,0.511,0.107,7.23958687968696e-49,"13","ARHGAP28"
4.3115564991539e-53,3.62928977441958,0.305,0.038,1.0945748484402e-48,"13","PTGDS"
8.49222327951513e-48,3.60971598347544,0.252,0.028,2.15592072397051e-43,"13","DIRC3"
9.15767701825648e-46,1.20590917337398,0.992,0.757,2.32485946462477e-41,"13","IGFBP5"
8.86205285344602e-45,3.1625536345958,0.336,0.053,2.24980935790434e-40,"13","APOE"
8.95138691703103e-41,1.57466330579309,0.878,0.509,2.27248859662667e-36,"13","TREM1"
6.70651106030317e-39,0.703691953629414,0.992,0.901,1.70258196287916e-34,"13","IFI27"
7.96364017418676e-39,3.16094484538177,0.282,0.043,2.02172933102079e-34,"13","SULT1A1"
5.69701324790109e-38,0.538397035186766,1,0.999,1.44630075324465e-33,"13","CXCL1"
5.71419742441629e-38,3.02486053522318,0.305,0.051,1.45066330013656e-33,"13","STAC2"
1.85249523330303e-37,0.749040513538074,0.977,0.879,4.7029296487864e-33,"13","IFITM1"
1.13271569430581e-36,1.65403553408895,0.824,0.402,2.87562533313416e-32,"13","RSPO3"
1.24904625952806e-35,1.93481437021457,0.71,0.293,3.17095373906389e-31,"13","LGALS3BP"
3.52685662263727e-35,1.58883669576552,0.824,0.392,8.95363090788924e-31,"13","NOTCH3"
4.93418406462506e-33,0.600619702093541,0.992,0.923,1.25264130848636e-28,"13","COL5A2"
1.46785990699104e-32,1.67472242284121,0.756,0.374,3.72645594587816e-28,"13","TFPI"
4.70017641846192e-32,0.934067132033883,0.954,0.809,1.19323378735493e-27,"13","ABI3BP"
2.11042307147406e-31,0.942876395062447,0.954,0.728,5.35773105155119e-27,"13","COL4A2"
2.65150297223159e-31,1.12403659601587,0.924,0.584,6.73137059560434e-27,"13","COL4A1"
1.28925008681902e-30,1.21844477087807,0.893,0.619,3.27301919540745e-26,"13","APCDD1L"
2.39529075669234e-30,2.04787785799304,0.58,0.211,6.08092464401485e-26,"13","LBP"
2.92927974495964e-30,1.50098270843121,0.824,0.471,7.43656248852905e-26,"13","F3"
1.71555818640717e-29,1.07019176026145,0.893,0.663,4.35528756783189e-25,"13","EFEMP1"
4.3412264234666e-29,2.5054862359257,0.397,0.106,1.10210715212547e-24,"13","NDNF"
1.53410939339533e-27,0.63378149548913,0.985,0.902,3.89464351701272e-23,"13","HTRA1"
1.63378686667752e-27,2.08281850395444,0.504,0.163,4.14769471843422e-23,"13","PCK1"
3.16359956040501e-27,0.567851514203707,1,0.978,8.03143020400019e-23,"13","CXCL6"
1.27502681002103e-26,2.34784388424692,0.527,0.203,3.2369105626004e-22,"13","PLA2G2A"
2.26636924687964e-26,0.777352939505584,0.985,0.886,5.75363160705333e-22,"13","G0S2"
6.24321554883415e-26,0.789125978620787,0.962,0.842,1.58496513138253e-21,"13","TNFAIP2"
2.56341635798637e-25,0.851681848819326,0.962,0.771,6.50774510802e-21,"13","CSGALNACT1"
9.09235972622994e-25,0.968899760936194,0.893,0.67,2.308277363698e-20,"13","SDC2"
1.06779663293291e-24,1.12023050975525,0.893,0.693,2.71081531202678e-20,"13","PRG4"
2.60156574135862e-24,0.723371006986512,0.962,0.793,6.60459494758714e-20,"13","SERPING1"
5.38031659269396e-24,0.71715113229381,0.969,0.839,1.36590097338722e-19,"13","TNFAIP3"
7.05859915243899e-24,1.20863986129067,0.817,0.525,1.79196656682969e-19,"13","CRLF1"
9.70439686275712e-24,1.25945076309721,0.809,0.537,2.46365523154815e-19,"13","MEG3"
2.79853112461946e-23,0.685150024863986,0.962,0.831,7.10463096607143e-19,"13","BASP1"
3.76811948023725e-23,1.35419413165693,0.763,0.474,9.56612492447831e-19,"13","NCOA7"
1.04499585513696e-22,2.68266059784318,0.267,0.061,2.6529309774362e-18,"13","BDNF"
2.14518446520316e-22,0.64053236401501,0.962,0.84,5.44597980181127e-18,"13","SLC2A1"
7.88073800874577e-22,1.29224013026668,0.725,0.437,2.00068295828029e-17,"13","HSD11B1"
2.69085317670071e-21,0.974392502889372,0.847,0.65,6.83126895969008e-17,"13","CUX1"
4.10093690163513e-21,0.736488119836545,0.962,0.783,1.04110485121811e-16,"13","MGP"
2.27477010764272e-20,1.46918719937013,0.626,0.324,5.77495887227256e-16,"13","SOX5"
5.47688501089714e-20,0.993761168237637,0.817,0.568,1.39041679771646e-15,"13","PDGFRB"
9.27513990553113e-20,0.856870311901898,0.863,0.723,2.35467976781719e-15,"13","ARL4C"
3.03407780760424e-19,1.30617307103203,0.702,0.406,7.70261333016489e-15,"13","FILIP1L"
4.69054741082429e-19,0.562013314444376,0.962,0.88,1.19078927118596e-14,"13","COL5A1"
1.57781449724317e-18,1.95824237031044,0.435,0.174,4.00559766415124e-14,"13","RHOU"
2.68115641225099e-18,0.692380391326092,0.924,0.795,6.80665178378158e-14,"13","BHLHE40"
1.15476541769616e-17,1.94201754951187,0.412,0.161,2.93160296590523e-13,"13","CDCA2"
1.78764152616941e-17,0.964872843839845,0.802,0.6,4.53828554248629e-13,"13","FAM13A"
2.36066350152017e-17,1.25605526084304,0.672,0.419,5.99301643130926e-13,"13","GSK3B"
3.19546136154996e-17,2.14197618579992,0.275,0.077,8.11231775856689e-13,"13","SEMA6D"
7.17922300052021e-17,1.39098297780954,0.618,0.331,1.82258934314206e-12,"13","APOL1"
1.65340108154982e-16,1.32114063718716,0.634,0.368,4.19748932573054e-12,"13","CHST2"
2.53561433047942e-16,1.61289314783786,0.489,0.228,6.4371641007881e-12,"13","TGFBR3"
3.71254704958411e-16,1.38465775166122,0.55,0.261,9.42504319477918e-12,"13","HTR2A"
5.62644815602984e-16,1.43314736581275,0.595,0.341,1.42838639337129e-11,"13","KREMEN1"
1.33093297038216e-15,1.06223703683327,0.718,0.51,3.37883953190919e-11,"13","CDH11"
2.18014886075913e-15,0.513984825402683,0.969,0.841,5.53474391280921e-11,"13","SNHG5"
4.35864196483995e-15,0.908235028640742,0.786,0.606,1.10652843561392e-10,"13","C1GALT1"
6.10699146181907e-15,0.862283854054101,0.779,0.603,1.55038192241201e-10,"13","EXT1"
1.21689680822989e-14,1.20635545838717,0.679,0.457,3.08933592705323e-10,"13","WARS"
3.75355769418316e-14,0.945203207353709,0.771,0.61,9.5291569182228e-10,"13","SEMA3C"
3.7749526608779e-14,0.549537050714706,0.908,0.835,9.58347232017072e-10,"13","PDPN"
8.26192868530615e-14,0.77608183336378,0.809,0.612,2.09745583533867e-09,"13","LAMA4"
1.19978946943299e-13,0.58009884993625,0.901,0.799,3.04590552604953e-09,"13","C1QTNF1"
2.78046528807974e-13,1.18604727252207,0.618,0.386,7.05876722684804e-09,"13","COL5A3"
3.33262825077739e-13,1.29779242692402,0.519,0.268,8.46054334024856e-09,"13","BST2"
2.63314830401084e-12,0.685753527964833,0.817,0.682,6.68477359939233e-08,"13","CD47"
2.88934668489971e-12,1.00546427240073,0.672,0.468,7.3351844289549e-08,"13","PLA2G4A"
3.59070868445432e-12,0.67053021882289,0.832,0.681,9.11573213722419e-08,"13","MXRA8"
4.69375056549802e-12,1.28609263471396,0.649,0.48,1.19160245606298e-07,"13","PENK"
6.07751487154837e-12,0.871496290044768,0.748,0.574,1.54289870043999e-07,"13","CRTAC1"
7.01920078442126e-12,1.53285049898221,0.412,0.204,1.78196450314103e-07,"13","EPB41L3"
8.27319954904743e-12,1.23195579275579,0.557,0.343,2.10031716951667e-07,"13","TP53INP2"
9.57252086496209e-12,0.673754023160052,0.832,0.659,2.43017587198793e-07,"13","BDKRB2"
1.24951872267445e-11,1.52335500298929,0.412,0.2,3.17215318125362e-07,"13","FILIP1"
1.27971994517541e-11,0.52404402325375,0.885,0.772,3.24882502481682e-07,"13","FERMT2"
1.53573736516251e-11,0.510099958444673,0.931,0.826,3.89877644893807e-07,"13","ATP2B1"
4.66138327227751e-11,0.644512618628091,0.84,0.645,1.18338537133309e-06,"13","SLC2A3"
4.77396536964895e-11,0.854981582857001,0.687,0.49,1.21196658839278e-06,"13","MSC"
7.78428829288447e-11,0.651261282427589,0.832,0.677,1.97619726891458e-06,"13","EIF1B"
8.54763439648168e-11,0.648430621392064,0.817,0.672,2.16998794423481e-06,"13","TNFAIP8"
9.83012697646779e-11,0.71429793850782,0.809,0.665,2.49557433551588e-06,"13","WNT5A"
9.96809267351006e-11,0.65239757486439,0.809,0.665,2.530599687024e-06,"13","EGFR"
1.17367903395923e-10,0.762400042978999,0.733,0.556,2.97961896351229e-06,"13","CLIP1"
1.21467478007114e-10,0.877494012882724,0.672,0.472,3.0836948641666e-06,"13","FAM110B"
1.40795526474697e-10,1.21605309911141,0.542,0.356,3.57437603061314e-06,"13","PLTP"
1.49491477371052e-10,0.931177371630027,0.641,0.412,3.79514013601889e-06,"13","COL14A1"
1.99272341141402e-10,0.532408335774027,0.855,0.736,5.05892692455676e-06,"13","IFNGR2"
2.04366865729777e-10,0.578798804745988,0.794,0.736,5.18826162028186e-06,"13","ASPH"
2.62543933596042e-10,0.667013138407528,0.771,0.667,6.66520284220272e-06,"13","BDKRB1"
2.93644564590058e-10,1.19633611590946,0.443,0.23,7.45475456124779e-06,"13","PTGER4"
3.914971346496e-10,0.541408159951926,0.893,0.771,9.9389377573494e-06,"13","ZC3H12A"
4.31581808150699e-10,0.509180187734261,0.939,0.795,1.09565673635218e-05,"13","MFGE8"
5.10243342105505e-10,0.562028393004284,0.824,0.731,1.29535477260324e-05,"13","NFKB2"
5.78937675532194e-10,1.61902484975375,0.298,0.127,1.46974907687358e-05,"13","CLIC2"
6.4009651603879e-10,1.27006024646319,0.504,0.31,1.62501302526768e-05,"13","MAP1LC3A"
9.40543504190517e-10,0.911996131087466,0.641,0.487,2.38775779408847e-05,"13","BMP1"
1.03125027925776e-09,0.63940151876521,0.779,0.67,2.61803508395168e-05,"13","DPYSL2"
1.51605291509526e-09,1.43195898592649,0.359,0.172,3.84880353555233e-05,"13","THBS4"
2.18471771178336e-09,0.756442857095063,0.718,0.568,5.54634285490442e-05,"13","ITGAV"
4.09846497639515e-09,0.555702938227857,0.817,0.728,0.000104047730355744,"13","TNS1"
6.38362974144936e-09,1.50013578022427,0.328,0.157,0.000162061208246175,"13","VEGFC"
7.29570492924979e-09,0.882315462842752,0.634,0.457,0.000185216061038865,"13","LAMB3"
8.29762132596994e-09,0.766620440732669,0.672,0.488,0.000210651712602399,"13","RBM43"
9.43620140077849e-09,1.59969123071734,0.305,0.144,0.000239556844961563,"13","CFD"
9.54026998908543e-09,0.6455439548473,0.74,0.615,0.000242198834212912,"13","RIPK2"
1.23525309911968e-08,0.748520248983892,0.71,0.561,0.000313593704273512,"13","NFKB1"
1.67427754163932e-08,0.932163930795754,0.588,0.395,0.000425048839495974,"13","CTSF"
1.9235035673803e-08,0.58869983578081,0.756,0.674,0.000488319850650838,"13","FYN"
1.94373497326379e-08,0.527583804489032,0.817,0.719,0.000493455997662479,"13","KIRREL1"
1.95725053211345e-08,0.714642518900583,0.695,0.56,0.000496887192587641,"13","NMI"
2.30922260413379e-08,0.934691231161959,0.55,0.379,0.000586242342511444,"13","ZNF385A"
3.31635688224726e-08,1.0797342587064,0.511,0.34,0.000841923521696113,"13","NGF"
3.72114919584046e-08,1.30468100264101,0.359,0.19,0.000944688146348017,"13","PLD1"
4.48357416850359e-08,0.8062254619785,0.588,0.387,0.00113824497415801,"13","ITGB8"
5.3558521316839e-08,0.983004792666564,0.58,0.43,0.00135969018067059,"13","AGPAT4"
5.46354197766324e-08,1.31763257114177,0.328,0.169,0.00138702940186937,"13","APCDD1L-AS1"
5.49671899553849e-08,1.07578482913009,0.435,0.255,0.00139545205139736,"13","VWA5A"
6.6848373775265e-08,1.41308769072983,0.275,0.124,0.00169707966503265,"13","EDNRA"
8.11035249000122e-08,0.511021609103365,0.779,0.716,0.00205897518663661,"13","PCYOX1"
8.28056405831947e-08,1.24520045338078,0.366,0.197,0.00210218679748556,"13","ECM2"
9.68276944466206e-08,0.702439124046875,0.656,0.477,0.00245816467891636,"13","C11orf96"
1.1386394595889e-07,0.665401550533318,0.718,0.562,0.00289066399605835,"13","GBP1"
1.21940444580336e-07,0.884284125383499,0.588,0.431,0.003095702066561,"13","CREB5"
1.41448272617416e-07,0.775603320412881,0.634,0.501,0.00359094729693835,"13","EBF1"
1.47260936262599e-07,0.928668778670477,0.496,0.311,0.0037385133888986,"13","ICAM1"
1.70160602205388e-07,1.38953724094479,0.305,0.151,0.00431986720818817,"13","FYCO1"
2.47563128985186e-07,0.519934911595895,0.794,0.698,0.00628488515554692,"13","MRC2"
2.68305960227396e-07,0.55273043751754,0.733,0.637,0.00681148341229291,"13","TMOD3"
2.70435433713148e-07,0.524968988698036,0.794,0.712,0.00686554435567568,"13","NOTCH2"
2.93313246979279e-07,0.67758748064833,0.687,0.574,0.00744634340106297,"13","C16orf45"
4.66466436524685e-07,0.714158939612814,0.656,0.545,0.0118421834240522,"13","ENG"
4.9005514271712e-07,0.879872787472346,0.55,0.404,0.0124410299081595,"13","MCC"
5.07461643451838e-07,1.28852935179584,0.366,0.21,0.0128829287423118,"13","SELENBP1"
5.07844123443395e-07,1.352742167387,0.267,0.126,0.0128926387618575,"13","ATP2B1-AS1"
5.30648913059689e-07,0.534594089818852,0.786,0.67,0.0134715839558463,"13","NINJ1"
5.91145114195497e-07,1.00190985957089,0.458,0.304,0.0150074010140811,"13","DAXX"
6.72578585327848e-07,0.588683536843139,0.702,0.599,0.0170747525457181,"13","ZEB2"
7.22892986846307e-07,0.736896805996325,0.58,0.413,0.0183520842570672,"13","NRP1"
8.03074781885774e-07,1.10393677044042,0.328,0.172,0.0203876594877342,"13","LRRC32"
8.51404605603557e-07,1.16687070058928,0.397,0.244,0.0216146087224575,"13","C1orf54"
9.90638610660015e-07,1.07649504977042,0.328,0.174,0.0251493424088258,"13","CXCL12"
1.24505209279516e-06,0.860071815574985,0.496,0.346,0.0316081374797908,"13","AC023157.1"
1.28445528473962e-06,1.1378001708108,0.435,0.284,0.0326084663136847,"13","SNED1"
1.30615340156316e-06,1.1435441551256,0.412,0.258,0.0331593164054839,"13","PDE3A"
1.57540830649972e-06,0.830872154073356,0.527,0.363,0.0399948906771084,"13","BDH2"
1.63112195146485e-06,0.984322721102248,0.45,0.296,0.0414092929818381,"13","TGFB1"
3.4264049734024e-06,0.835083539680963,0.573,0.442,0.0869861430597668,"13","VHL"
3.87437586418398e-06,0.569087627376647,0.71,0.58,0.0983587800640387,"13","KCNE4"
6.82515471371731e-06,0.75205770526212,0.55,0.403,0.173270202717141,"13","DLC1"
7.72509418880585e-06,0.580390642789481,0.656,0.579,0.196116966171214,"13","CERCAM"
8.14240431797981e-06,0.548537553500974,0.695,0.6,0.206711218420553,"13","SCD"
8.97909546472367e-06,0.869244404907054,0.45,0.311,0.22795229656294,"13","FNIP2"
9.44612778295583e-06,0.607114309482836,0.626,0.517,0.2398088460259,"13","GBP2"
1.07069747621291e-05,1.00693356361677,0.412,0.281,0.271817968286172,"13","TCF7L1"
1.16858229653156e-05,0.535267766544527,0.687,0.557,0.296667987620467,"13","PLXNB2"
1.17800836785848e-05,0.881621845408585,0.458,0.322,0.299060984348233,"13","LRIG1"
1.32853232823674e-05,0.900119734804596,0.359,0.212,0.337274502169461,"13","ENPP2"
1.55828940203471e-05,0.877635497917671,0.504,0.363,0.395602930494552,"13","BTG2"
1.62133774310027e-05,0.588065439668687,0.656,0.553,0.411609012840865,"13","LDLR"
1.71741296215608e-05,0.640107914356493,0.58,0.459,0.435999628702564,"13","CCND2"
1.962670871632e-05,0.83780607127404,0.527,0.429,0.498263254181215,"13","RSRP1"
2.1121015705229e-05,0.527045535733344,0.725,0.649,0.53619922570865,"13","OIP5-AS1"
2.48952735355324e-05,0.549085743601336,0.626,0.487,0.632016309246561,"13","KDM6B"
2.6681572248999e-05,1.01131168501044,0.336,0.203,0.677365074685338,"13","HIVEP1"
3.04928312346268e-05,0.782411008165319,0.496,0.368,0.77412150655347,"13","SEMA4B"
3.19505088917209e-05,0.514472537969004,0.649,0.583,0.811127569234117,"13","SLFN5"
3.22322033436738e-05,0.886333652063923,0.397,0.261,0.818278946285847,"13","LSP1"
3.26736126915535e-05,0.821724828350037,0.42,0.284,0.829485005400468,"13","BACH1"
3.55491114867323e-05,0.675240432705062,0.565,0.439,0.902485293313674,"13","TMTC1"
4.15668024171112e-05,0.957573932227358,0.427,0.312,1,"13","SGCA"
4.17507711768651e-05,1.23958586286334,0.29,0.173,1,"13","DDR1"
4.4226314763391e-05,1.06605996994945,0.351,0.226,1,"13","FGD5"
6.66950982281717e-05,0.749591677841456,0.55,0.454,1,"13","SSC5D"
6.81876045747475e-05,1.0765308577327,0.359,0.238,1,"13","NTN4"
6.85435403343294e-05,0.527972087416741,0.649,0.585,1,"13","PPIC"
6.96496062571235e-05,0.897442267552052,0.42,0.298,1,"13","CPQ"
7.18584952560118e-05,1.17457796370417,0.282,0.171,1,"13","APBB3"
7.24896480713696e-05,1.03730537270896,0.282,0.162,1,"13","PROS1"
7.32009657983452e-05,1.15791823332606,0.275,0.16,1,"13","FZD10-AS1"
7.58293337863063e-05,0.787564044746533,0.55,0.459,1,"13","CFH"
7.7217142402915e-05,1.21154389473747,0.267,0.153,1,"13","ALDH1A3"
7.76846454399231e-05,1.10588066202365,0.336,0.221,1,"13","MAP3K8"
8.70430528130071e-05,0.553066408746679,0.634,0.546,1,"13","EPB41L2"
9.25902625821368e-05,1.20178649048517,0.298,0.184,1,"13","KYNU"
0.000140479757031146,1.2568657556329,0.252,0.146,1,"13","SEZ6L2"
0.00014336487214019,0.588322382047016,0.557,0.445,1,"13","FZD1"
0.000162003525135159,1.11802090794116,0.267,0.158,1,"13","TLE1"
0.000176448306641,0.794338833551129,0.458,0.357,1,"13","ELMSAN1"
0.000201335938496756,0.722584143838732,0.496,0.372,1,"13","PGF"
0.000208493036366856,0.602064279738255,0.58,0.466,1,"13","GEM"
0.000218907858714567,0.508104643863304,0.626,0.52,1,"13","RETREG1"
0.000257782910384681,0.585024555100685,0.519,0.382,1,"13","AL355607.2"
0.000258110256087049,0.659814641678157,0.527,0.444,1,"13","SH3PXD2B"
0.000268658445339367,0.934538201708385,0.305,0.193,1,"13","LNX1"
0.000289642310379952,0.905981097128481,0.305,0.19,1,"13","FGF10"
0.000301506393148307,1.01744454290728,0.29,0.182,1,"13","SLC16A4"
0.00030201025987145,0.514123399937037,0.595,0.494,1,"13","CLK1"
0.000308230069110707,0.855083607782547,0.298,0.184,1,"13","GBP1P1"
0.000318982734960192,0.824305263384332,0.336,0.213,1,"13","IGFBP2"
0.00034271035968012,0.833381944713266,0.305,0.194,1,"13","CD40"
0.000346183807503308,0.730333033786739,0.481,0.383,1,"13","MAGI2-AS3"
0.000350370936495658,0.759616762459978,0.382,0.26,1,"13","CHST15"
0.000351980861828457,0.722566244286412,0.481,0.383,1,"13","ECE1"
0.000356983480323344,0.722790844547911,0.443,0.325,1,"13","ZFX"
0.000370409744200454,0.78698422225371,0.374,0.261,1,"13","PLEKHA5"
0.000397169682733203,1.0147867536641,0.252,0.148,1,"13","FZD10"
0.000445713432713659,0.56987809682919,0.618,0.545,1,"13","CRYAB"
0.000448208944107607,0.728708263714683,0.42,0.303,1,"13","PER1"
0.000454032235578725,0.821751694793441,0.351,0.244,1,"13","MSC-AS1"
0.000458896734547337,0.986479423598157,0.267,0.165,1,"13","DPYD"
0.00046558637922399,0.589609664851183,0.573,0.494,1,"13","PPP3CB"
0.000475341032762574,1.1395713096935,0.252,0.152,1,"13","MEIS1"
0.000488038484353709,0.810168176385791,0.412,0.306,1,"13","ORAI3"
0.00054781159196393,0.660478494344168,0.527,0.448,1,"13","SH3PXD2A"
0.000553841153140293,0.885087184751376,0.405,0.305,1,"13","PBX1"
0.000575855634153708,1.00003216141583,0.267,0.165,1,"13","EOGT"
0.000625267220660917,0.528953090616072,0.55,0.458,1,"13","BET1L"
0.000771994089059933,0.708883763379299,0.42,0.311,1,"13","LINC01128"
0.000838530933040644,0.80715159457463,0.405,0.311,1,"13","CYBA"
0.000916150613254262,0.539397659311269,0.519,0.419,1,"13","RAB22A"
0.00105537027641643,0.853044708109608,0.374,0.284,1,"13","GULP1"
0.00106776541727111,0.607325480212126,0.489,0.407,1,"13","HLA-F"
0.00115906333382843,0.737912689898188,0.351,0.246,1,"13","OLFML2B"
0.00127169762049443,0.618962894134286,0.55,0.484,1,"13","CHD1L"
0.00134993023989293,0.562566797752936,0.489,0.396,1,"13","GGT5"
0.00135007051425824,0.642627332768631,0.473,0.388,1,"13","IL4R"
0.00141757328961639,0.820320559720911,0.374,0.278,1,"13","BCL2L2"
0.00146779455162517,0.904811226030916,0.305,0.208,1,"13","SLC41A2"
0.00170726158823604,0.888153525804153,0.351,0.259,1,"13","OGN"
0.00187871686068407,0.531831162755496,0.55,0.484,1,"13","KCTD9"
0.00228407281382229,0.981675188309829,0.26,0.169,1,"13","MPP2"
0.00236609328399105,0.726928287326128,0.321,0.221,1,"13","SLC19A3"
0.00239416566191293,0.539542519356279,0.595,0.551,1,"13","ADAMTS5"
0.00241598722697326,0.558654051866005,0.481,0.389,1,"13","PTPRA"
0.00250777975246591,0.870560422275634,0.328,0.237,1,"13","NPHP3"
0.00258699145940415,0.62412991863387,0.466,0.397,1,"13","IRAK3"
0.00262908873973607,0.51734262460708,0.58,0.544,1,"13","HEXA"
0.00301300666243724,0.528219488718335,0.534,0.491,1,"13","SIL1"
0.00332064531486022,0.531798615126459,0.496,0.429,1,"13","MEF2A"
0.00342927679274898,0.643022711551689,0.435,0.357,1,"13","MSI2"
0.0036653982847402,0.742768264379544,0.328,0.239,1,"13","MAPRE3"
0.00383381273650269,0.622733951354768,0.435,0.353,1,"13","FAM219A"
0.00386398808762627,0.579297355316765,0.466,0.385,1,"13","BCL9L"
0.0039154563314317,0.709244484284601,0.29,0.195,1,"13","GAB2"
0.00405982342885012,0.859325713700122,0.275,0.196,1,"13","SCPEP1"
0.00410768263721806,0.799466418519891,0.313,0.223,1,"13","CRYBB2P1"
0.00412036437781795,0.654677988850733,0.405,0.319,1,"13","ELP2"
0.00418848913198199,0.542436738602465,0.405,0.312,1,"13","STAT5A"
0.00435131539290028,0.801971241013442,0.313,0.234,1,"13","AK1"
0.004359249444439,0.783950849344017,0.298,0.209,1,"13","EXOC4"
0.00437107561120405,0.693684210408143,0.344,0.256,1,"13","IGF2BP2"
0.0051476708575471,0.592013327601917,0.412,0.317,1,"13","PAG1"
0.00533621528459271,0.657801664633347,0.328,0.239,1,"13","PCNX1"
0.00550645177175145,0.706781322690003,0.328,0.242,1,"13","ZHX2"
0.00585433862112596,0.78648401552846,0.298,0.218,1,"13","TTC39B"
0.0059036584728565,0.763552537092505,0.336,0.262,1,"13","PPP2R5B"
0.00622112744471593,0.869478861815812,0.275,0.199,1,"13","DEAF1"
0.0063789797620222,0.562466617858808,0.473,0.411,1,"13","RABGAP1"
0.00651265015931899,0.524940348812373,0.542,0.49,1,"13","SAP30"
0.00668958157247341,0.543999026942106,0.489,0.426,1,"13","MIR210HG"
0.00710149789836766,0.659947320702385,0.382,0.307,1,"13","ZNRF1"
0.00729224018826144,0.854213379803842,0.26,0.181,1,"13","LGR4"
0.00745238688433682,0.657004785941201,0.374,0.299,1,"13","PFKFB4"
0.00761353253458957,0.674448835686636,0.321,0.234,1,"13","TSHZ2"
0.00766934173846144,0.918691900819211,0.26,0.188,1,"13","MR1"
0.00853820668939639,0.845058852325326,0.412,0.351,1,"13","TWISTNB"
0.00910627528713728,0.591887976869258,0.412,0.338,1,"13","SLC44A2"
0.00955329528208332,0.66009472799218,0.328,0.255,1,"13","PHYKPL"
0.00958332144567955,0.64818176974144,0.298,0.213,1,"13","DUSP16"
0.00971126656347485,0.51547850377286,0.542,0.499,1,"13","TSKU"
0.00972983689660195,0.722586813688917,0.328,0.254,1,"13","PRKAB2"
0.00982498124215988,0.724656467159949,0.298,0.218,1,"13","CPED1"
0,6.9827394347658,0.929,0.027,0,"14","TYROBP"
0,7.61419262206037,0.858,0.013,0,"14","LCP1"
0,6.91267063066019,0.85,0.027,0,"14","CD14"
0,7.14092477988139,0.827,0.02,0,"14","S100A9"
0,7.59942884003465,0.819,0.013,0,"14","MS4A7"
0,7.15429765876342,0.756,0.013,0,"14","SPI1"
0,6.18842896875133,0.74,0.018,0,"14","HCK"
0,8.18203732940392,0.669,0.005,0,"14","SLAMF7"
0,6.71103948120702,0.677,0.016,0,"14","SLC11A1"
0,8.90875986502574,0.654,0.003,0,"14","SAMSN1"
0,6.33592553229832,0.646,0.019,0,"14","SNX10"
0,7.26951154368431,0.606,0.012,0,"14","S100A8"
0,7.72936262695035,0.598,0.008,0,"14","PLEK"
0,8.71159950372662,0.575,0.003,0,"14","PIK3AP1"
0,7.68641339701321,0.559,0.008,0,"14","C1QC"
0,8.23868519368593,0.551,0.006,0,"14","CYBB"
0,8.24569305898289,0.535,0.004,0,"14","FCGR2A"
0,6.53752373204631,0.535,0.014,0,"14","ADAM8"
0,8.49115205060603,0.52,0.003,0,"14","NCF2"
0,7.4237149627511,0.512,0.007,0,"14","PTAFR"
0,9.5184512996317,0.504,0.001,0,"14","CD53"
0,8.30663873118223,0.496,0.003,0,"14","AIF1"
0,7.87867066127979,0.449,0.005,0,"14","ALOX5AP"
0,9.36298212756959,0.441,0.002,0,"14","PLA2G7"
0,8.37331071918825,0.425,0.003,0,"14","CD86"
0,8.51815428618653,0.425,0.003,0,"14","LILRB4"
0,7.32280169526359,0.425,0.005,0,"14","IGSF6"
0,6.65258441444485,0.394,0.005,0,"14","ITGAX"
0,8.73584342871751,0.386,0.001,0,"14","LRRC25"
0,8.34895516272385,0.386,0.003,0,"14","IL2RA"
0,8.88237067980902,0.378,0.001,0,"14","PTPRC"
0,8.32913305034706,0.378,0.002,0,"14","CD48"
0,8.93786463829442,0.378,0.002,0,"14","CLEC4E"
0,8.14816553815801,0.362,0.002,0,"14","ARHGAP30"
0,8.35701837295844,0.354,0.003,0,"14","FCGR2B"
0,9.07088970727194,0.346,0.001,0,"14","SYK"
0,8.02899049258469,0.346,0.002,0,"14","SLA"
0,8.95190855550224,0.339,0.001,0,"14","OSM"
0,9.78293977251762,0.323,0.001,0,"14","LAIR1"
0,8.49583701176856,0.323,0.002,0,"14","C1QB"
0,8.49380865802982,0.323,0.002,0,"14","CD163"
0,8.09084200433686,0.315,0.002,0,"14","DSC2"
2.69956257438694e-315,6.12206328514597,0.646,0.024,6.85337950759611e-311,"14","C5AR1"
9.33816796263766e-314,7.88505468381099,0.283,0.002,2.37068070067482e-309,"14","NCKAP1L"
1.43792497255804e-311,7.98640086616818,0.291,0.002,3.6504601278331e-307,"14","GNA15"
1.20666452118277e-310,8.50687445299568,0.26,0.001,3.0633592199267e-306,"14","FPR3"
5.35422448821925e-299,7.3062676010137,0.339,0.004,1.35927697082422e-294,"14","CYTIP"
2.01134038983091e-292,7.90454640525593,0.268,0.002,5.10618984766373e-288,"14","CYTH4"
7.6759274440998e-286,6.6244461405081,0.433,0.01,1.94868770023362e-281,"14","IDO1"
2.52131020224606e-283,5.55066531218111,0.929,0.072,6.40085021044206e-279,"14","LAPTM5"
7.94596764226346e-278,6.65310793242008,0.339,0.005,2.01724280534142e-273,"14","HLA-DQA1"
2.46918106906122e-264,6.14485058908342,0.433,0.011,6.26850998002572e-260,"14","PIK3R5"
3.67495119776898e-260,7.02385443855726,0.307,0.004,9.32959860577611e-256,"14","IL10RA"
5.3958159216074e-259,5.75093328132766,0.614,0.028,1.36983578801847e-254,"14","CCR1"
2.41273743659009e-253,5.88346486592234,0.449,0.013,6.12521653027127e-249,"14","AQP9"
5.44169444952134e-245,5.38555764074325,0.661,0.036,1.38148296989998e-240,"14","CCL3"
3.60287052541255e-242,5.79066208676553,0.496,0.018,9.14660740286484e-238,"14","CD300E"
2.56378591234566e-240,5.27968981712807,0.992,0.108,6.50868329567194e-236,"14","FCER1G"
9.09264110302607e-232,5.56006211494248,0.496,0.019,2.30834879682523e-227,"14","SMIM25"
2.1968053037819e-229,5.08928043560239,0.89,0.083,5.5770296247111e-225,"14","CCL3L3"
1.27192920225141e-222,4.56337410940439,0.866,0.078,3.22904666575567e-218,"14","PILRA"
1.32383791261921e-220,5.52702676330559,0.48,0.019,3.36082730876639e-216,"14","RBM47"
1.31615561472677e-218,6.25532153958507,0.362,0.009,3.34132425910684e-214,"14","FYB1"
2.0542948864819e-217,7.28324218500066,0.268,0.004,5.21523842831159e-213,"14","LILRB3"
6.25304831089101e-213,6.0962382699408,0.417,0.014,1.5874613746859e-208,"14","WAS"
1.46415950525653e-212,6.21112586149366,0.496,0.022,3.71706173599476e-208,"14","CCL4L2"
7.12955812396603e-211,7.02182167870889,0.291,0.005,1.80998092093126e-206,"14","VNN2"
3.03118683530647e-193,5.01008268561343,0.661,0.049,7.69527401879255e-189,"14","CTSH"
3.32428537293625e-193,5.21372497934273,0.646,0.047,8.43936327627325e-189,"14","ITGB2"
4.8310424248357e-191,6.86562797088238,0.268,0.005,1.22645674039304e-186,"14","CD209"
2.08347095646356e-182,5.83822716004829,0.299,0.008,5.28930771717405e-178,"14","ADAP2"
1.47616551032707e-176,5.46559969678952,0.425,0.019,3.74754138106734e-172,"14","GPSM3"
1.24994345041797e-162,6.05151734790361,0.268,0.007,3.17323143757611e-158,"14","PTPN6"
7.17928242926549e-160,4.67145040362373,0.575,0.044,1.82260443031763e-155,"14","SLC7A7"
6.42296462586166e-155,5.00758135387142,0.457,0.027,1.6305980295675e-150,"14","HLA-DRA"
2.56388897559309e-150,5.69834619267792,0.299,0.01,6.50894494233817e-146,"14","FERMT3"
4.0548884780608e-144,6.70283379933653,0.268,0.008,1.0294145379253e-139,"14","PPBP"
2.86498144024084e-143,5.30138648861178,0.307,0.012,7.27332838233941e-139,"14","F11R"
4.6862867415154e-140,4.30397093036023,0.772,0.104,1.18970761506852e-135,"14","MMP9"
3.93633267944671e-139,4.23468687748828,0.654,0.069,9.99316777331137e-135,"14","TMEM176B"
2.71388471381509e-129,5.29281516782659,0.425,0.029,6.88973912296236e-125,"14","SPP1"
3.01813637439487e-129,4.93638831315016,0.37,0.021,7.66214281367627e-125,"14","MYO1F"
4.94136094684464e-128,4.56729595506038,0.465,0.035,1.25446330357545e-123,"14","VAMP8"
6.96573038387839e-116,4.37936460127559,0.394,0.027,1.76838997255521e-111,"14","FMNL1"
2.32254798686231e-113,4.57540186480464,0.685,0.099,5.89625257424734e-109,"14","CCL4"
1.16890441363763e-105,3.5257181480579,0.882,0.203,2.96749763490185e-101,"14","LYN"
1.75777463034685e-105,3.73809068588407,0.969,0.308,4.46246245406154e-101,"14","IL1B"
1.04056328980829e-104,5.04091963620378,0.252,0.011,2.6416780238363e-100,"14","MIR3945HG"
2.06486158426144e-104,5.31969355075987,0.268,0.013,5.24206410396452e-100,"14","NPL"
4.28962614397454e-104,5.34533098728321,0.299,0.017,1.08900738917082e-99,"14","CSF1R"
2.41131870039498e-99,4.05132854405015,0.512,0.057,6.12161478469272e-95,"14","HCLS1"
5.19109888967755e-97,4.73846398322002,0.299,0.018,1.31786427512244e-92,"14","RPS6KA1"
1.81724571201393e-96,4.88208854633127,0.346,0.025,4.61344168908976e-92,"14","ACP5"
4.95906523349513e-95,5.34510082309037,0.26,0.014,1.25895789082741e-90,"14","RNASE1"
5.84064804426471e-95,3.89754522336802,0.48,0.051,1.48276531899748e-90,"14","TMEM176A"
3.81312718255471e-94,4.75037635046282,0.346,0.026,9.68038597835164e-90,"14","IL1A"
4.07102155135051e-90,3.3002204020872,0.732,0.139,1.03351024124135e-85,"14","RAC2"
4.75343396183855e-90,2.99958961796101,0.811,0.174,1.20675427989195e-85,"14","KYNU"
2.28164225594882e-87,4.73422332036262,0.276,0.017,5.79240519517727e-83,"14","GALNT6"
1.47323822417686e-86,4.2168645842456,0.331,0.025,3.74010987971778e-82,"14","GMFG"
6.72260548470119e-86,4.77639117979143,0.268,0.016,1.70666785440109e-81,"14","SLAMF8"
7.47331358059557e-85,4.48546288140028,0.299,0.021,1.8972501187058e-80,"14","ADAP1"
1.90524954029569e-83,4.74050130240692,0.26,0.016,4.83685700794868e-79,"14","RASSF2"
1.63562816085893e-82,3.68043543314484,0.386,0.037,4.15236921197256e-78,"14","CD93"
1.36086737378857e-81,5.02878540482226,0.252,0.015,3.45483400183704e-77,"14","SLAMF9"
1.97949341247699e-80,4.15258620529772,0.323,0.026,5.02533992625532e-76,"14","GPR84"
4.96184620247458e-75,3.94528289608798,0.457,0.06,1.25966389542222e-70,"14","EVI2B"
2.67010793532527e-72,3.1649688543543,0.575,0.097,6.77860301541025e-68,"14","CXCR4"
1.97269495010806e-69,3.72453749614893,0.37,0.041,5.00808066983934e-65,"14","TMEM51"
3.73945853873594e-67,3.57136433811451,0.528,0.09,9.49336339228892e-63,"14","CD74"
9.72921536287733e-67,3.05429882694968,0.811,0.263,2.46995590417367e-62,"14","CXCL16"
2.09908308860708e-63,1.68151041928476,1,0.72,5.32894223704678e-59,"14","SRGN"
9.66836875119983e-62,2.45811073166031,0.929,0.415,2.4545087748671e-57,"14","IL1RN"
1.1875596774216e-60,2.96377151532972,0.638,0.148,3.01485775307023e-56,"14","SLC43A2"
1.32739099018106e-60,3.34109026313409,0.551,0.108,3.36984750677266e-56,"14","ARRB2"
3.43511463060463e-60,3.80675656768111,0.339,0.04,8.72072551271596e-56,"14","SLC16A10"
3.82664838905089e-60,3.12862820969806,0.551,0.109,9.71471226528348e-56,"14","TLR2"
9.24176305782618e-59,3.1398513272757,0.598,0.136,2.34620638749033e-54,"14","EMILIN2"
6.51795302243304e-58,2.58846486721185,0.724,0.198,1.65471273380508e-53,"14","EPB41L3"
7.27728688599177e-57,3.00280846395159,0.598,0.136,1.84748482174673e-52,"14","PIM2"
4.23487448563347e-56,1.50222069791465,1,0.727,1.07510758566777e-51,"14","C15orf48"
1.08792215697152e-55,3.11422034398509,0.441,0.071,2.7619079799036e-51,"14","SPINT2"
3.73946287218177e-54,2.24773706963366,0.898,0.43,9.49337439360786e-50,"14","TNFRSF1B"
5.21922800981328e-53,1.55167812189666,0.992,0.81,1.3250054148513e-48,"14","CXCL5"
1.6144306866702e-51,3.42153769184433,0.528,0.113,4.09855518424964e-47,"14","MMP19"
2.49330728436247e-49,3.74904775521666,0.307,0.04,6.329759202811e-45,"14","ACSL5"
5.67441861769767e-49,3.25269041126941,0.449,0.084,1.44056465447491e-44,"14","THBD"
1.43896274313961e-48,0.800659262668719,1,0.982,3.65309471600852e-44,"14","CTSB"
1.7942638637238e-48,3.12572094393501,0.496,0.106,4.55509767083562e-44,"14","HLA-DRB1"
3.18493409663009e-48,1.43889915396025,0.976,0.754,8.08559219111481e-44,"14","PLAUR"
1.92533060172625e-47,2.08599312313077,0.866,0.441,4.88783679860244e-43,"14","CTSS"
4.81136969635354e-46,4.00036745121083,0.276,0.034,1.22146242481327e-41,"14","RUNX3"
1.77370320378274e-43,0.580279217188174,1,0.999,4.50290032344325e-39,"14","FTL"
6.60493127013068e-43,3.92031852399436,0.252,0.03,1.67679390154807e-38,"14","DOCK8"
8.75372019684382e-41,2.92685870062197,0.457,0.103,2.22230694637274e-36,"14","VMO1"
1.33675894763242e-40,2.74048032980599,0.559,0.158,3.39362994035442e-36,"14","ACSL1"
5.35497627801227e-40,3.31871211649687,0.331,0.055,1.35946782769898e-35,"14","GPR183"
2.47210362243635e-39,3.52803368676528,0.291,0.044,6.27592946627917e-35,"14","IL3RA"
5.66422087032262e-39,0.848353618246247,0.976,0.913,1.4379757523488e-34,"14","CTSD"
7.72969109790746e-39,3.12248469168273,0.37,0.071,1.96233667902577e-34,"14","ARHGDIB"
8.82071073269644e-39,3.24539001714987,0.307,0.049,2.23931383370965e-34,"14","HS3ST3B1"
6.23015466001363e-38,2.53210397049428,0.559,0.161,1.58164936353766e-33,"14","EVI2A"
2.26741947353939e-37,1.03812687916286,0.984,0.833,5.75629781747446e-33,"14","FTH1P11"
3.334444986363e-36,2.31724177837782,0.638,0.218,8.46515548687975e-32,"14","CPM"
1.20903559022329e-35,0.714213109049015,0.992,0.965,3.06937865289987e-31,"14","MMP14"
1.90203096491916e-35,1.79846728963104,0.78,0.347,4.82868601064026e-31,"14","DUSP4"
1.95496747990037e-35,0.598861391777488,1,0.993,4.96307594122306e-31,"14","FTH1P20"
1.17356764362068e-34,2.96470426173921,0.409,0.096,2.97933617685981e-30,"14","PTPRJ"
3.78861994881149e-34,2.22132861519539,0.677,0.267,9.61816946404773e-30,"14","IL7R"
1.7091642888879e-33,1.63758934857298,0.858,0.483,4.33905538019972e-29,"14","SOCS3"
3.46113413082111e-33,2.58944693379102,0.504,0.15,8.78678121791555e-29,"14","PLEKHO2"
9.53631304706824e-33,3.44858360084305,0.268,0.044,2.42098379325921e-28,"14","PLXNC1"
2.03995408363112e-31,3.17718313146749,0.299,0.057,5.17883143211433e-27,"14","RASSF5"
5.08198369606176e-31,1.67426530656628,0.819,0.5,1.2901632009192e-26,"14","CTSZ"
5.87555078480613e-31,1.9183804941557,0.795,0.486,1.49162607773873e-26,"14","GLUL"
2.5518377658209e-30,2.46761992609374,0.52,0.168,6.47835053608953e-26,"14","MXD1"
3.21373599919028e-30,1.83994862430946,0.756,0.425,8.15871158114437e-26,"14","CREG1"
1.03922591715604e-29,0.675040087308675,0.984,0.968,2.63828283588404e-25,"14","CTSL"
3.68151254258379e-29,1.76944661003687,0.669,0.265,9.34625589185746e-25,"14","BST2"
1.19943457155213e-28,0.863698872582348,0.937,0.891,3.04500454679939e-24,"14","FTLP3"
1.55206124531595e-28,1.8779017080172,0.622,0.239,3.9402178834836e-24,"14","HNMT"
2.0209635250283e-28,2.95609071150028,0.354,0.086,5.13062010098933e-24,"14","GK"
4.51183826089842e-28,2.75845403877724,0.323,0.071,1.14542037929428e-23,"14","TNIP3"
6.4564699831285e-28,3.07630677724289,0.26,0.048,1.63910403461683e-23,"14","CASP1"
9.1826409869735e-28,2.14852909626939,0.583,0.219,2.33119706736296e-23,"14","MT1F"
1.08812922505037e-27,1.78594192237423,0.772,0.466,2.76243366363538e-23,"14","GRAMD1A"
1.11432935979242e-27,2.4475758188601,0.488,0.158,2.82894794570501e-23,"14","HBEGF"
2.01378992519393e-26,2.45321888414353,0.449,0.138,5.11240848308983e-22,"14","DOCK4"
2.21858162105177e-26,2.32586708665948,0.449,0.135,5.63231316136414e-22,"14","THEMIS2"
5.05963824082787e-26,2.92251695102025,0.307,0.069,1.28449036019897e-21,"14","MTSS1"
9.13030034265631e-26,0.615499937341352,0.992,0.95,2.31790934799016e-21,"14","NAMPT"
1.20924994399598e-25,1.0859892275766,0.913,0.733,3.06992283282259e-21,"14","FTH1P8"
1.66180538490037e-25,0.5933859175766,0.992,0.967,4.21882533064657e-21,"14","CXCL3"
3.51494201670701e-25,2.00397921159926,0.567,0.223,8.92338329781409e-21,"14","CDCP1"
1.15798240736122e-24,0.749103106046138,0.961,0.887,2.93976993756794e-20,"14","CSTB"
1.38540173284414e-24,1.55883973558798,0.772,0.447,3.51711937917142e-20,"14","ABCA1"
2.53286352859674e-24,2.04004379137439,0.591,0.257,6.43018064004854e-20,"14","RAPGEF1"
3.9778597125965e-24,0.909744368984884,0.921,0.764,1.00985924523687e-19,"14","RAB31"
1.99603309832614e-22,2.25725173071264,0.425,0.14,5.06732922672058e-18,"14","P2RX4"
2.04014519829943e-22,2.44758569492301,0.402,0.128,5.17931661492277e-18,"14","MBP"
2.55562717839137e-22,2.8742537160668,0.252,0.054,6.48797071778217e-18,"14","APOE"
4.66098644483291e-22,1.52631068000425,0.567,0.219,1.18328462874973e-17,"14","EREG"
6.44993778548955e-22,0.81889571821382,0.898,0.775,1.63744570560223e-17,"14","ATP6V0B"
2.00432017862304e-21,1.50441629958274,0.717,0.396,5.0883676374703e-17,"14","ETS2"
2.04120548653941e-21,1.23039099816126,0.803,0.573,5.18200836867761e-17,"14","PGD"
2.30781847735376e-21,2.60181674063946,0.268,0.062,5.85885876845799e-17,"14","TOR4A"
3.81984106825603e-21,0.851354463082661,0.945,0.766,9.69743051998158e-17,"14","ANPEP"
5.35119930578192e-21,0.6361996426613,0.976,0.899,1.35850896775886e-16,"14","GNAI2"
1.02862370657006e-20,2.09080786393699,0.425,0.144,2.61136700386942e-16,"14","C3"
1.20199752069198e-20,0.803276982042279,0.969,0.82,3.05151110578074e-16,"14","FTH1"
1.30167266669938e-20,0.937009593292027,0.89,0.787,3.30455639894972e-16,"14","PLD3"
1.76088729274044e-20,1.55533756630784,0.677,0.355,4.47036457008015e-16,"14","MTF1"
8.9812947164982e-20,1.45580842833081,0.717,0.412,2.2800812896774e-15,"14","VASP"
9.16567394510075e-20,1.24946138794595,0.819,0.562,2.32688964444273e-15,"14","TXNIP"
2.92125931285633e-19,1.24507982513089,0.795,0.519,7.41620101754837e-15,"14","ST3GAL1"
4.83396970176378e-19,2.00064407902308,0.449,0.166,1.22719988818677e-14,"14","SYNGR2"
5.34710055948701e-19,0.74046808649046,0.913,0.787,1.35746841903697e-14,"14","CEBPB"
7.03899651995517e-19,1.52244392570101,0.677,0.386,1.78699004652102e-14,"14","FTH1P2"
9.21248663381614e-19,2.15049391716179,0.378,0.123,2.3387739817269e-14,"14","ARHGAP18"
1.44281544784473e-18,1.7313721038146,0.543,0.242,3.66287557744342e-14,"14","PLEKHO1"
3.85176497492474e-18,1.09491685834641,0.787,0.617,9.77847574184143e-14,"14","CAPG"
4.18796501634307e-18,1.04956587033602,0.843,0.623,1.06319867869902e-13,"14","ATP13A3"
8.44312971756526e-18,2.3065375153971,0.307,0.091,2.14345734139829e-13,"14","LIMK2"
9.42315174053756e-18,2.77015880092977,0.26,0.068,2.39225553237027e-13,"14","ADA"
9.84574044955189e-18,1.17181999713821,0.724,0.408,2.49953812792774e-13,"14","SERPINA1"
2.14208778365635e-17,1.4869764301279,0.591,0.293,5.43811825636838e-13,"14","SLC7A11"
2.86552226889305e-17,0.636165914012467,0.906,0.833,7.27470138403878e-13,"14","GPX1"
3.77443198423533e-17,0.891879409587201,0.882,0.706,9.58215047837823e-13,"14","SIRPA"
8.88963066055512e-17,2.25651750818788,0.276,0.078,2.25681053579513e-12,"14","PECAM1"
1.31582749984428e-16,2.26504685177634,0.252,0.065,3.34049127385468e-12,"14","SCARF1"
1.84719099471692e-16,2.10979154494979,0.346,0.116,4.68946377828785e-12,"14","CD58"
2.98938506150539e-16,1.52675396453592,0.606,0.332,7.58915185564374e-12,"14","PTPRE"
3.0491925618165e-16,0.500591392571888,0.984,0.945,7.74098515668355e-12,"14","MARCKS"
3.2395434628154e-16,1.84912842390641,0.48,0.207,8.22422898904945e-12,"14","PDE4A"
3.71446601801666e-16,0.559779468897773,0.937,0.869,9.42991487993889e-12,"14","METRNL"
4.10226016900706e-16,2.52450476716835,0.283,0.086,1.04144078910582e-11,"14","SGK3"
6.23101996402485e-16,0.960640917676472,0.827,0.696,1.58186903826699e-11,"14","GRB2"
6.76077058629432e-16,2.25469619400801,0.362,0.13,1.71635682874254e-11,"14","DMXL2"
6.8348002274182e-16,0.500640754488104,0.937,0.876,1.73515073373466e-11,"14","TPM3"
6.9743134793172e-16,2.39535360022578,0.276,0.082,1.77056896299426e-11,"14","MAPK13"
1.00358898558099e-15,0.883695704560302,0.843,0.686,2.54781135769445e-11,"14","TALDO1"
1.13885105361184e-15,1.41095736086371,0.654,0.386,2.89120116980439e-11,"14","ITGB8"
1.44403833862106e-15,0.837027531198552,0.913,0.703,3.66598013025729e-11,"14","KLF6"
2.15812864196113e-15,1.74143952184191,0.488,0.225,5.47884118334672e-11,"14","ZNF267"
2.86858917721234e-15,1.95732567078139,0.409,0.167,7.28248734418897e-11,"14","DDX60L"
3.0527106956131e-15,1.65123699938362,0.622,0.361,7.74991664295297e-11,"14","PNKD"
1.71991455554604e-14,1.10783955041943,0.748,0.52,4.36634708216474e-10,"14","IVNS1ABP"
2.17820505214614e-14,0.682436473702653,0.906,0.808,5.5298091658834e-10,"14","ACTR3"
2.31487009161068e-14,2.13996839662751,0.425,0.19,5.87676070157204e-10,"14","MT1G"
2.43411267599293e-14,1.97211403417349,0.386,0.155,6.17948185054326e-10,"14","RHBDF2"
3.14561181504593e-14,1.84626320775344,0.402,0.167,7.9857647148571e-10,"14","OTUD1"
4.91185211331864e-14,0.536934186005926,0.976,0.934,1.2469718960082e-09,"14","CXCL2"
5.2099496581722e-14,2.15435526899871,0.433,0.201,1.32264991972018e-09,"14","IL24"
5.45441274823973e-14,1.77987728634978,0.433,0.195,1.38471176439562e-09,"14","ABCC3"
1.4176636094234e-13,1.20889810307908,0.693,0.482,3.59902260524317e-09,"14","RNF13"
1.65760867349089e-13,1.23455982463089,0.685,0.484,4.20817113939131e-09,"14","HSPA1A"
1.8397456230586e-13,1.83313892707071,0.37,0.149,4.67056221325888e-09,"14","HLA-DPA1"
2.05238612131334e-13,1.71545448515555,0.472,0.231,5.21039264617819e-09,"14","FTH1P12"
3.52246792521612e-13,1.6903825319952,0.465,0.228,8.94248932174617e-09,"14","ACP2"
4.57445661591174e-13,0.57870164218933,0.898,0.806,1.16131730108151e-08,"14","ARPC5"
5.62631276997336e-13,2.00920075590126,0.252,0.078,1.42835202291314e-08,"14","DYSF"
5.92456179252597e-13,2.00314560750988,0.331,0.128,1.50406850226857e-08,"14","PSD4"
6.12575348639119e-13,2.17051594114223,0.268,0.089,1.55514503759013e-08,"14","TRPV2"
1.10787762699042e-12,1.43516913647093,0.559,0.309,2.81256893164058e-08,"14","FNIP2"
2.12613445623174e-12,0.728306089629828,0.843,0.674,5.39761754403553e-08,"14","NAMPTP1"
2.85945879082908e-12,2.03022399979286,0.283,0.099,7.25930803227777e-08,"14","GPR137B"
3.11210948082e-12,1.46011948246364,0.528,0.292,7.90071233895774e-08,"14","SRC"
3.89636853001924e-12,0.741635906757084,0.835,0.706,9.89171078715986e-08,"14","DAB2"
4.0825774756165e-12,0.826659644890533,0.811,0.616,1.03644394373476e-07,"14","MAFB"
4.63377154287392e-12,1.21601279928725,0.654,0.421,1.1763755815894e-07,"14","SAMHD1"
4.88682133002725e-12,1.62812249236883,0.449,0.225,1.24061733105402e-07,"14","FMNL3"
4.97182919730548e-12,1.04346317274173,0.654,0.392,1.26219827831994e-07,"14","TGM2"
5.23232358082183e-12,1.21043395314785,0.638,0.431,1.32832998746324e-07,"14","RNF130"
6.81399301553747e-12,0.677939061693523,0.827,0.72,1.7298684068545e-07,"14","MGLL"
6.97723008950141e-12,0.765492875812505,0.835,0.669,1.77130940282172e-07,"14","NINJ1"
7.6495484952559e-12,0.742089514635887,0.772,0.673,1.94199087649062e-07,"14","MGAT1"
8.44970344375501e-12,1.37009365613103,0.591,0.353,2.14512621326608e-07,"14","CAB39"
8.53773390652031e-12,0.712429357358164,0.827,0.72,2.16747450684831e-07,"14","BCAT1"
8.8535487766225e-12,1.47278592126463,0.441,0.208,2.24765042792115e-07,"14","SH2B3"
9.36858521167972e-12,1.75241176761533,0.331,0.132,2.37840272768913e-07,"14","CD274"
1.1141449137712e-11,1.60772117032619,0.425,0.204,2.82847969259094e-07,"14","TNS3"
1.14976701558398e-11,1.25193370223191,0.614,0.395,2.91891352246305e-07,"14","TAOK3"
1.47977845024185e-11,0.661201216667008,0.866,0.719,3.75671355162898e-07,"14","ARL6IP1"
1.79317874616558e-11,0.881075438424003,0.748,0.523,4.55234288289056e-07,"14","BCL2A1"
2.06526192715993e-11,1.68645836997508,0.425,0.206,5.2430804544809e-07,"14","PRKCD"
3.33962912620021e-11,1.49970323351032,0.488,0.272,8.47831646268446e-07,"14","GM2A"
9.36884807595257e-11,1.82864087980025,0.339,0.148,2.37846946104208e-06,"14","FAM49A"
1.14766172710416e-10,1.69653745790201,0.394,0.192,2.91356882659932e-06,"14","CD40"
1.40900857302531e-10,0.7130764872694,0.835,0.675,3.57705006433934e-06,"14","CD9"
1.45883686597467e-10,1.03334527858248,0.677,0.492,3.7035491516499e-06,"14","KIAA0930"
1.57264296935855e-10,1.56818719388788,0.362,0.16,3.99246870631054e-06,"14","TSPAN14"
1.64121060737011e-10,1.1657536190224,0.63,0.447,4.16654136893051e-06,"14","PTBP3"
1.65722155019535e-10,1.87218266885348,0.283,0.109,4.20718834948094e-06,"14","RNASET2"
1.67669300407286e-10,0.570919809744426,0.898,0.82,4.25662052943976e-06,"14","TGOLN2"
1.69415537221356e-10,1.5795474385269,0.346,0.148,4.30095224343855e-06,"14","CCL5"
1.81276382241438e-10,1.02305957639728,0.709,0.514,4.60206351596338e-06,"14","GPNMB"
2.3528931499609e-10,1.83329228270993,0.394,0.196,5.97328983980572e-06,"14","HSD17B11"
2.56129617323966e-10,0.913554461577984,0.717,0.573,6.50236259500353e-06,"14","ATP6V1B2"
2.85452951850286e-10,0.715112234197695,0.772,0.675,7.24679408862322e-06,"14","PRR13"
2.86844914693051e-10,0.63817797901183,0.85,0.738,7.28213184931249e-06,"14","TPP1"
3.27535135493635e-10,1.02827921855023,0.598,0.383,8.31513448477691e-06,"14","LPXN"
3.46585678374193e-10,1.16438078589168,0.614,0.424,8.79877061688564e-06,"14","EFHD2"
3.88738977210091e-10,2.17227362006115,0.276,0.112,9.86891641443258e-06,"14","CYTH1"
5.58965258894399e-10,1.81019574229287,0.276,0.108,1.41904510275521e-05,"14","TMEM106A"
5.85546924671512e-10,1.16601769905548,0.622,0.412,1.48652797766357e-05,"14","NRP1"
5.94217829967396e-10,1.6566597795724,0.394,0.193,1.50854080493823e-05,"14","GAB2"
7.77302671749507e-10,1.0092900240272,0.669,0.485,1.97333829277047e-05,"14","FAM107B"
9.32875127137664e-10,0.702663413125333,0.78,0.663,2.36829008526439e-05,"14","ARPC4"
9.80497806905039e-10,1.39137029777052,0.449,0.239,2.48918978238982e-05,"14","TLNRD1"
1.06214461154893e-09,0.510040086094487,0.898,0.832,2.69646652533927e-05,"14","ARPC3"
1.08786890350907e-09,1.42510832911331,0.425,0.218,2.76177278533846e-05,"14","ST3GAL2"
1.12423264100082e-09,0.998414101895871,0.677,0.499,2.85408940570878e-05,"14","SH3KBP1"
1.16986472927424e-09,1.57458478271452,0.386,0.194,2.96993558820852e-05,"14","SLC15A3"
1.56650791790515e-09,0.785000125131183,0.748,0.652,3.9768936511858e-05,"14","BRI3"
1.70820640288439e-09,1.55097336770108,0.354,0.162,4.33662359500261e-05,"14","FTH1P7"
1.73996049229123e-09,0.578744180319408,0.843,0.815,4.41723770177976e-05,"14","GRN"
1.98857211881124e-09,1.73373033537417,0.323,0.145,5.04838803802608e-05,"14","CCL7"
2.3389125425595e-09,1.07252217254636,0.583,0.397,5.93779727179581e-05,"14","ATF5"
2.76083530825004e-09,1.04021925695268,0.614,0.401,7.00893259705436e-05,"14","RNF19B"
3.59929858213206e-09,1.55007874266793,0.323,0.145,9.13753931045866e-05,"14","CLEC2B"
3.83582103696407e-09,0.662974180930861,0.811,0.737,9.7379988665407e-05,"14","GRINA"
4.68307004487176e-09,0.941237028878879,0.63,0.456,0.000118889099229159,"14","ATP6V0D1"
4.84270707517843e-09,1.07375754438041,0.551,0.343,0.000122941804517555,"14","PREX1"
6.06510477048712e-09,0.802002440605935,0.756,0.631,0.000153974814808357,"14","LITAF"
6.94019531452286e-09,0.956125407386686,0.63,0.473,0.000176190738449792,"14","RHOG"
9.59359091556706e-09,0.919497578982065,0.654,0.484,0.000243552492573501,"14","RXRA"
1.02970613678201e-08,1.15519539917864,0.551,0.342,0.000261411496944848,"14","KREMEN1"
1.34965592989903e-08,1.16520672845565,0.52,0.342,0.000342637150923467,"14","CSK"
1.54320891514732e-08,1.02432508623946,0.638,0.479,0.000391774447288451,"14","PPIF"
1.62272264861566e-08,1.70889670091417,0.323,0.152,0.000411960598804057,"14","TBC1D9"
1.66971937020072e-08,1.08014867852604,0.551,0.342,0.000423891656512858,"14","STK4"
1.68004765577348e-08,1.92437984091276,0.252,0.105,0.000426513698371212,"14","SH3BP2"
1.70593177970388e-08,0.884268304773217,0.661,0.512,0.000433084900913425,"14","SCAMP2"
1.88716186733524e-08,1.48628194951317,0.362,0.184,0.000479093783260398,"14","MANBA"
2.15774224348735e-08,1.04016610920067,0.598,0.404,0.000547786023354133,"14","PLAU"
2.2265226869594e-08,1.72109754830698,0.386,0.214,0.000565247314538382,"14","SERPINB9"
2.28628068379148e-08,0.62204019992524,0.772,0.645,0.000580418077194143,"14","SQOR"
2.31065800668104e-08,1.90665427327831,0.26,0.113,0.000586606748156115,"14","MITF"
2.31151851584281e-08,1.37886396171488,0.362,0.18,0.000586825205617013,"14","PLXND1"
2.75144335208677e-08,1.03509916118465,0.614,0.437,0.000698508923794267,"14","FURIN"
2.77496384557895e-08,1.00589097855244,0.598,0.411,0.000704480071477127,"14","AGAP3"
2.82304426690782e-08,1.53173517056131,0.362,0.188,0.000716686248039887,"14","SLC2A6"
3.95398577704845e-08,1.21801925401638,0.457,0.269,0.00100379836921929,"14","MET"
4.4655683952014e-08,1.13963566849546,0.52,0.335,0.00113367384848978,"14","IER5"
5.63834454546275e-08,0.968023528636017,0.638,0.468,0.00143140652975663,"14","TMEM127"
5.80311859261545e-08,0.610726093881295,0.764,0.68,0.00147323771710728,"14","NCOA4"
6.51699409893045e-08,0.951810795420893,0.551,0.35,0.00165446929189547,"14","AMPD3"
6.53405628642714e-08,1.69524145428834,0.291,0.134,0.00165880086943526,"14","FAM49B"
8.07960209889683e-08,0.83295237818837,0.709,0.572,0.00205116858484694,"14","FCGRT"
9.20538376359696e-08,0.854986538308079,0.717,0.587,0.00233697077606436,"14","GNS"
1.05087444638314e-07,0.877418382552883,0.677,0.537,0.00266785495703288,"14","PLEKHB2"
1.07903128432863e-07,0.532202723256485,0.811,0.761,0.00273933672152509,"14","ATP6V1F"
1.25584524102691e-07,1.02525251038344,0.52,0.344,0.00318821431339502,"14","HTATIP2"
1.44398589909597e-07,0.868693360146619,0.614,0.463,0.00366584700203493,"14","WIPF1"
1.44963250440311e-07,1.10858058036003,0.472,0.279,0.00368018203892818,"14","VDR"
1.50377031753097e-07,1.54549872401706,0.37,0.208,0.00381762170511586,"14","CREBL2"
1.50749539731887e-07,1.37403652319176,0.449,0.276,0.00382707856517342,"14","RAP2A"
1.67666413828379e-07,0.512273342096664,0.874,0.808,0.00425654724786106,"14","CCL20"
2.82802054688561e-07,0.502304775458542,0.819,0.789,0.0071794957623785,"14","TNIP1"
2.89812032910851e-07,0.704013848873011,0.724,0.549,0.00735745807950777,"14","POU2F2"
3.12506209445489e-07,1.17612019471738,0.512,0.349,0.00793359513919262,"14","DUSP5"
3.42285755877299e-07,0.541004077843095,0.74,0.55,0.008689608484457,"14","IL11"
3.94536301449611e-07,1.17211998821674,0.488,0.321,0.0100160930849013,"14","ANTXR2"
4.04556133439452e-07,1.58470501893525,0.299,0.153,0.0102704665596274,"14","TRAF1"
4.44218089755537e-07,1.28610289395811,0.425,0.262,0.0112773646446238,"14","FKBP15"
4.5313487652103e-07,0.698387362314157,0.709,0.574,0.0115037351102394,"14","YPEL3"
4.93049217442201e-07,0.787419663311184,0.685,0.514,0.0125170404832052,"14","BHLHE41"
5.06093186763997e-07,1.74712345131008,0.252,0.112,0.0128481877323776,"14","TMEM2"
5.21702035017876e-07,0.943865018826734,0.63,0.515,0.0132444495629988,"14","OSBPL8"
5.84456796150762e-07,1.7489283255945,0.252,0.116,0.0148376046838794,"14","NRIP3"
6.07811303318129e-07,0.592900570271241,0.764,0.649,0.0154305055573373,"14","TMEM205"
6.2210389069809e-07,1.1931697810214,0.449,0.27,0.0157933514731524,"14","PITPNA"
7.20635233799454e-07,1.00788062950773,0.567,0.423,0.0182947666804667,"14","CMTM6"
7.27264509028633e-07,1.74011330128826,0.26,0.123,0.0184630640907099,"14","MPP1"
7.56049911832175e-07,1.67444784988227,0.299,0.154,0.0191938391116834,"14","MEGF9"
8.33242363341942e-07,0.598404534897644,0.764,0.673,0.0211535238781619,"14","SDC2"
8.81675382960434e-07,1.47171944473066,0.276,0.131,0.0223830929472165,"14","HEIH"
8.9507440069419e-07,1.19191934342319,0.457,0.286,0.0227232538104234,"14","SKAP2"
1.03942598644804e-06,1.17211257297022,0.402,0.232,0.0263879075179565,"14","FAM214B"
1.06947957072264e-06,0.984279863999443,0.543,0.379,0.0271508778619358,"14","ZNF385A"
1.10282496224614e-06,1.11792156206236,0.409,0.235,0.0279974173165427,"14","SLC7A8"
1.22292867884077e-06,0.910835198155103,0.48,0.288,0.0310464903697307,"14","IRS2"
1.45230156213597e-06,1.07046541044336,0.48,0.316,0.0368695797579458,"14","OGFRL1"
1.47345252586618e-06,0.588253915434466,0.772,0.71,0.0374065392741646,"14","FOSL2"
1.55252698258519e-06,1.20488287467966,0.465,0.311,0.0394140025068902,"14","MAP1LC3A"
1.62919831531505e-06,1.42770124618796,0.299,0.152,0.0413604576309031,"14","SDC1"
1.84774113558435e-06,0.82853499852469,0.661,0.535,0.0469086042090799,"14","C1orf122"
2.50542977121823e-06,1.4608431427447,0.339,0.198,0.0636053456019173,"14","ZFYVE16"
2.6709437158184e-06,1.41764833537947,0.323,0.177,0.0678072481134818,"14","CDC42SE2"
3.26810825562011e-06,0.566267229071201,0.74,0.66,0.0829674642854278,"14","WDR1"
3.76899606509084e-06,0.834631694413796,0.591,0.447,0.0956835031044612,"14","RNF144B"
4.42296486196958e-06,0.50732911151703,0.819,0.724,0.112285808950822,"14","ARL4C"
4.64940659033866e-06,0.980677236167511,0.567,0.43,0.118034485108928,"14","CCDC88A"
5.3855169168509e-06,1.18366680319736,0.425,0.277,0.136722117968094,"14","ATP6V1H"
5.84091529643428e-06,0.770918029726842,0.654,0.541,0.148283316630577,"14","SUSD6"
6.29524141324148e-06,1.02093731045055,0.512,0.363,0.159817293757961,"14","NECTIN2"
6.49105151410639e-06,1.03486884093323,0.496,0.365,0.164788324788619,"14","ASAP1"
8.00692326962172e-06,1.78530562001161,0.252,0.13,0.203271761045887,"14","IL6R"
8.14801518899391e-06,0.905835697774609,0.551,0.43,0.206853661602988,"14","ADAM10"
1.00060869247835e-05,1.44072585755065,0.37,0.238,0.254024528759477,"14","MOB3A"
1.03522750853597e-05,0.664055264081218,0.685,0.562,0.262813207592028,"14","MAP7D1"
1.07465353028298e-05,0.605017031519038,0.701,0.598,0.272822291732939,"14","CDV3"
1.31263873443899e-05,0.643919322350437,0.661,0.54,0.333239595512026,"14","SPPL2A"
1.37120683541744e-05,1.29846543775117,0.307,0.174,0.348108279307425,"14","DTX2"
1.5348096383316e-05,1.51159705285924,0.339,0.207,0.389642122883243,"14","FTH1P21"
1.65962588272764e-05,1.08726442597952,0.457,0.318,0.421329222848067,"14","DEDD2"
1.71932576217148e-05,1.35782668274491,0.291,0.163,0.436485231242474,"14","STK10"
1.85980035213564e-05,0.683518259284,0.693,0.576,0.472147515396676,"14","SLC11A2"
2.00539349206722e-05,0.6882024699072,0.63,0.529,0.509109245831105,"14","ADIPOR1"
2.07925038491648e-05,1.06934529558211,0.378,0.236,0.527859295218746,"14","SOAT1"
2.10092711587919e-05,0.793405648418469,0.575,0.463,0.533362366908251,"14","PAPSS1"
2.14877063300597e-05,0.57626893964574,0.74,0.647,0.545508400601225,"14","IFNAR1"
2.19760173234401e-05,0.854779610788081,0.535,0.406,0.557905151790174,"14","HLA-F"
2.51846183813641e-05,0.7833308726729,0.614,0.495,0.639361906847691,"14","ADAM9"
2.53305023163983e-05,0.845190998615859,0.575,0.445,0.643065462306405,"14","HPCAL1"
2.56585202130614e-05,0.637471112639871,0.669,0.588,0.65139285264899,"14","MOB1A"
2.59178207069627e-05,0.973139576909913,0.614,0.502,0.657975714287662,"14","NBN"
2.73665785157527e-05,1.4658352125156,0.26,0.141,0.694755328779414,"14","CEP135"
2.95300303092226e-05,1.24607231270826,0.307,0.178,0.749678879460234,"14","ZSWIM4"
3.15260837031268e-05,1.47231479921969,0.252,0.135,0.800352686971279,"14","MX2"
3.1871242282733e-05,1.21338400424515,0.291,0.158,0.809115227831742,"14","SCN1B"
3.52880658528677e-05,0.663630359678815,0.669,0.525,0.895858127806753,"14","CAPN1"
3.559827474822e-05,0.593572054738775,0.685,0.595,0.903733401033062,"14","TXNP4"
3.74567558600596e-05,1.34564626343822,0.331,0.206,0.950914661019333,"14","SNX8"
3.84181646311882e-05,0.872993198057459,0.535,0.415,0.975321945491976,"14","NECAP2"
4.06372111776179e-05,0.971800258024057,0.394,0.248,1,"14","LIMK1"
4.06526023032567e-05,0.558027021292976,0.709,0.642,1,"14","TPD52L2"
4.95147545542624e-05,0.569926897483779,0.709,0.638,1,"14","PTPN12"
5.80065200111811e-05,1.21146396187603,0.323,0.193,1,"14","TRIM14"
6.08269877321591e-05,1.06862123345827,0.378,0.239,1,"14","NFKBIE"
6.14354014899554e-05,0.828364397416636,0.504,0.383,1,"14","METTL9"
6.33341486834629e-05,1.22766478669765,0.331,0.199,1,"14","ORAI1"
6.41154806324997e-05,0.725405370576027,0.598,0.46,1,"14","HEXB"
7.27312497925015e-05,1.23165204227349,0.283,0.16,1,"14","PLEKHM1"
7.64279504690578e-05,0.67095155060269,0.52,0.363,1,"14","BTG2"
8.4817046372058e-05,0.923558579671427,0.433,0.3,1,"14","M6PR"
8.57730801264993e-05,1.16502338386642,0.378,0.245,1,"14","CHST11"
8.92482472127725e-05,0.800829876698895,0.606,0.498,1,"14","LGMN"
9.35188324532896e-05,1.30617161296286,0.331,0.208,1,"14","TRIB1"
9.56971374858153e-05,1.18836414799757,0.299,0.178,1,"14","ARL6IP6"
9.86642410400278e-05,0.746273622662111,0.551,0.44,1,"14","CPD"
9.96914868903196e-05,1.08017773391033,0.402,0.273,1,"14","IL17RA"
0.000108403144982003,0.69590634044569,0.63,0.547,1,"14","TOM1"
0.000108531144721901,1.36941933286194,0.26,0.148,1,"14","TMEM164"
0.000119035963998708,0.925627312335338,0.417,0.279,1,"14","COMMD7"
0.00012286086977763,0.869909287210684,0.48,0.348,1,"14","CREM"
0.000131671585422997,0.811040040299992,0.496,0.357,1,"14","DUSP3"
0.000133160974229535,1.07496541933531,0.425,0.311,1,"14","CYBA"
0.000136325195770911,1.09864543033311,0.331,0.204,1,"14","ZBTB7B"
0.000143166883477232,1.32549315172477,0.291,0.175,1,"14","MAPKAPK3"
0.000146694938619393,0.852174348564856,0.52,0.408,1,"14","IL10RB"
0.000166622688785581,0.767384350702545,0.465,0.323,1,"14","DNAJC5"
0.000176766098704187,0.853477832238355,0.543,0.426,1,"14","MBD4"
0.000189023233901895,0.861689280464175,0.543,0.432,1,"14","NUP62"
0.000195370569929382,1.51991174449795,0.26,0.155,1,"14","SIPA1L1"
0.000208584101021476,1.16792701070831,0.26,0.152,1,"14","FICD"
0.000211248736546002,1.02507737329767,0.283,0.161,1,"14","CLN8"
0.00022506175116178,0.728466020058308,0.543,0.416,1,"14","MFSD1"
0.000225103548849397,0.723581705279878,0.551,0.428,1,"14","RAB8B"
0.000230183164949308,0.889109520753617,0.488,0.388,1,"14","TXNRD1"
0.000277219392218454,0.949271153644283,0.465,0.342,1,"14","PDE4DIP"
0.000285685821351922,0.567750656910165,0.701,0.614,1,"14","ZYX"
0.000285996917328023,1.23592012294268,0.276,0.168,1,"14","NCEH1"
0.000302429586880453,0.521097808312245,0.732,0.677,1,"14","HK2"
0.000305543686879429,1.15050068671355,0.268,0.158,1,"14","ARMC9"
0.000308901397928121,0.877164700042759,0.441,0.318,1,"14","LY96"
0.000314489601585559,0.800283776536591,0.465,0.333,1,"14","PIM1"
0.000322078632581535,0.932046497529492,0.449,0.326,1,"14","RILPL2"
0.000349507302845429,0.775108016585218,0.496,0.358,1,"14","BAZ1A"
0.000381950488529135,1.04909624295117,0.299,0.182,1,"14","ELF4"
0.00038374645715766,0.833651279414346,0.496,0.393,1,"14","GGA1"
0.000400903566686238,0.684568558356135,0.551,0.421,1,"14","YWHAH"
0.000410332086252371,0.714621744543832,0.504,0.387,1,"14","IRF2"
0.000416486683183791,0.988138242819899,0.409,0.297,1,"14","MARK2"
0.000425159874521025,0.616738013556365,0.583,0.476,1,"14","PRMT2"
0.000427973123847027,0.872216684708806,0.441,0.331,1,"14","TDP2"
0.000436604004750984,1.02498130426653,0.402,0.281,1,"14","OSTM1"
0.000456072329807823,0.861236639135642,0.465,0.344,1,"14","DHRS7"
0.000458198720749289,0.690914204394694,0.472,0.339,1,"14","HIPK2"
0.000464912279150993,0.879650466376953,0.449,0.347,1,"14","TTYH3"
0.000492307924452828,0.936740125065572,0.402,0.288,1,"14","LACTB"
0.000496033239599577,1.11287439497417,0.346,0.237,1,"14","APH1B"
0.000501398439812293,1.32810375967678,0.252,0.151,1,"14","TMEM255B"
0.000505606331767893,1.03158481636627,0.307,0.195,1,"14","TMEM38B"
0.000563508632334269,0.818440927315744,0.496,0.385,1,"14","FAM96A"
0.000571895011350749,0.878917299075918,0.417,0.31,1,"14","AP1B1"
0.000599861901945463,0.740510982240128,0.496,0.361,1,"14","ATP2C1"
0.000635104171203672,0.642305569264565,0.591,0.487,1,"14","NUMB"
0.000668453213889247,0.759339749829507,0.559,0.492,1,"14","ATP6AP1"
0.000691796181915942,0.986971650620678,0.425,0.323,1,"14","TCIRG1"
0.000696837030297519,0.889262819064307,0.48,0.387,1,"14","AKAP13"
0.000705261085008907,1.1013450434742,0.26,0.158,1,"14","RALGDS"
0.000766669569463037,0.649246776523384,0.52,0.419,1,"14","EZR"
0.00078817629981286,0.758120029914344,0.48,0.376,1,"14","DIAPH1"
0.000846838681080905,0.843484400152412,0.441,0.341,1,"14","STK17B"
0.000857719573489843,0.780192085420956,0.441,0.334,1,"14","CMTM3"
0.000859584135671074,0.970132829472016,0.26,0.152,1,"14","TNFRSF10A"
0.000891436970049456,0.706950429946371,0.496,0.407,1,"14","GPAT4"
0.000897172149523344,0.673929840982972,0.606,0.522,1,"14","AGTRAP"
0.00090434351261443,0.817990085833166,0.417,0.314,1,"14","N4BP1"
0.000931778865096761,0.532850629970342,0.669,0.612,1,"14","ZFAND5"
0.000940615690957274,1.03383930922799,0.276,0.171,1,"14","MCOLN1"
0.000965464607974269,0.668431856572616,0.543,0.449,1,"14","DBNL"
0.000971038325797482,0.787652842412175,0.425,0.321,1,"14","BLOC1S2"
0.00107055670763754,0.746957622473615,0.535,0.451,1,"14","DNAJB6"
0.00112337816047989,0.729958897538939,0.528,0.428,1,"14","RAP1A"
0.00115787757035777,0.704991227889908,0.496,0.388,1,"14","TANK"
0.00120365216929449,0.864932574473248,0.386,0.271,1,"14","GSDME"
0.00121610978605349,1.27591199048705,0.268,0.174,1,"14","RELT"
0.00122572308604257,0.617791138445368,0.583,0.479,1,"14","ACTR1A"
0.00128907614769197,1.01027301603851,0.307,0.204,1,"14","HECA"
0.00132791075956153,0.817862864944207,0.402,0.284,1,"14","BACH1"
0.00138259015660169,0.830878419824528,0.441,0.355,1,"14","PKN1"
0.0013834174247062,0.560200543296789,0.693,0.695,1,"14","CFLAR"
0.00143178786906022,0.644464477693686,0.591,0.489,1,"14","MAPRE1"
0.00145388054309786,0.906208413293707,0.433,0.333,1,"14","PSEN1"
0.00151040252556886,0.831886009925867,0.496,0.413,1,"14","RNF149"
0.00153010582448036,0.673553999465334,0.528,0.471,1,"14","SERPINB1"
0.00154489468510265,0.766451247437324,0.386,0.269,1,"14","TOB1"
0.00183140107690363,1.15615816161474,0.252,0.158,1,"14","CPPED1"
0.00188349298677024,1.00045552114808,0.378,0.286,1,"14","SLC35E3"
0.00191055326555968,0.91126340257084,0.409,0.304,1,"14","EAF1"
0.00196250329014903,0.884454228081562,0.417,0.32,1,"14","MYO9B"
0.00203029149776232,1.29141858881041,0.307,0.217,1,"14","VSIR"
0.00206831760039387,1.12261891165428,0.291,0.198,1,"14","OSTF1"
0.00210504432509693,0.931149099943218,0.402,0.298,1,"14","ENOSF1"
0.00225574384059402,0.586098380160097,0.614,0.507,1,"14","ARID1A"
0.00229721660702926,1.16134551681911,0.26,0.167,1,"14","RNPEPL1"
0.00235318102089449,0.74286257999996,0.417,0.31,1,"14","ABRACL"
0.00237205914257837,0.847920178364674,0.323,0.22,1,"14","ZCCHC2"
0.00238069755121788,0.709057400125592,0.52,0.415,1,"14","FNBP1"
0.00248559557236642,0.591964751760245,0.575,0.478,1,"14","EP300"
0.00267551805046926,0.803155691827612,0.48,0.392,1,"14","ALDH3B1"
0.00269992753709471,0.824765512642335,0.346,0.245,1,"14","RIT1"
0.00271548349708716,0.839956594939724,0.488,0.43,1,"14","ASAH1"
0.00274300293223853,0.789269396353892,0.354,0.248,1,"14","CPEB4"
0.00307284769866182,0.77657561096767,0.402,0.303,1,"14","NEU1"
0.00316985358991365,0.957077613981558,0.331,0.235,1,"14","ETV3"
0.00329040887261345,0.623655970693635,0.488,0.395,1,"14","CYSTM1"
0.00353068942284416,1.00082994480006,0.276,0.186,1,"14","RAP2B"
0.00368566317018978,0.651550994771678,0.472,0.381,1,"14","TMEM167B"
0.00380496655958918,0.741658642767527,0.449,0.342,1,"14","RPA2"
0.00385465938739623,0.519103259773288,0.646,0.6,1,"14","ZEB2"
0.00393548844947916,0.612218924483719,0.543,0.467,1,"14","ADPGK"
0.00400852934733753,0.533724182454691,0.638,0.552,1,"14","CASP4"
0.00407103076332441,0.809905512468574,0.268,0.173,1,"14","DDR1"
0.00412186231697841,0.710317864334382,0.402,0.309,1,"14","FAM129A"
0.00416130606556185,0.901940944878469,0.268,0.177,1,"14","KLF13"
0.00418000277379606,0.651680740484829,0.512,0.411,1,"14","GNA12"
0.00441243980944438,0.541160480205754,0.598,0.543,1,"14","DRAM1"
0.00442986136449801,0.769650268660205,0.425,0.321,1,"14","SETD3"
0.00446822050196409,1.0535749184501,0.346,0.262,1,"14","LSP1"
0.00471028820642891,1.08189782673892,0.291,0.21,1,"14","ARID3A"
0.00492077565842562,0.953347333408757,0.268,0.179,1,"14","GNPTAB"
0.00497151353927991,0.793915970130022,0.394,0.304,1,"14","CNDP2"
0.00505645714636716,0.510720315278863,0.575,0.502,1,"14","FLOT1"
0.00514805001303777,0.719862193955868,0.441,0.365,1,"14","NPLOC4"
0.00535841180543142,0.757996588948804,0.449,0.374,1,"14","NQO2"
0.00599591250944625,0.952622483066778,0.291,0.21,1,"14","MAP3K5"
0.00606858838724584,0.63160398605417,0.543,0.48,1,"14","CACUL1"
0.00654179454793514,0.921953771670791,0.346,0.262,1,"14","MKNK2"
0.00654383726727099,0.689512798952691,0.465,0.38,1,"14","CNPY3"
0.00674661355127691,0.775404301140955,0.378,0.282,1,"14","TMBIM4"
0.00686373062140296,0.725121291005662,0.488,0.428,1,"14","ATP6V1C1"
0.00691538799855762,0.888142550248008,0.283,0.192,1,"14","C17orf62"
0.00725785021411041,0.81338495599329,0.362,0.277,1,"14","ALCAM"
0.00838645047535331,0.872498834299367,0.362,0.281,1,"14","GPR68"
0.00843306780779737,0.635993583996618,0.496,0.42,1,"14","C6orf106"
0.00853098540667378,0.541800185881896,0.575,0.518,1,"14","XIAP"
0.0086192502370268,0.766517122004714,0.417,0.324,1,"14","MED13"
0.00876100711590549,0.841087065894086,0.409,0.333,1,"14","GNPDA1"
0.00878245273294494,0.690428917450958,0.449,0.388,1,"14","IL4R"
0.00887124270612294,0.710567475382999,0.449,0.365,1,"14","TPRA1"
0.00904309958783934,0.633522510322913,0.417,0.322,1,"14","STEAP3"
0.00921879186428063,0.855695238241389,0.252,0.172,1,"14","SDC3"
0.00946177753312806,0.580955810413039,0.378,0.28,1,"14","PARP12"
0.0096885927898828,0.949412726033647,0.276,0.196,1,"14","SNX11"
0,6.11241325814806,0.952,0.029,0,"15","CD93"
0,6.21280683120656,0.962,0.044,0,"15","PLVAP"
0,6.02908215543209,0.952,0.045,0,"15","ANGPT2"
0,5.79059766652238,0.894,0.026,0,"15","ADGRF5"
0,6.57615060896401,0.865,0.016,0,"15","PDGFB"
0,6.22915160119542,0.856,0.022,0,"15","ESAM"
0,7.91290331813206,0.817,0.007,0,"15","CDH5"
0,6.28565287781772,0.827,0.021,0,"15","ADGRL4"
0,5.79875628908362,0.798,0.027,0,"15","PODXL"
0,5.79011326702337,0.74,0.02,0,"15","S1PR1"
0,5.80597065783459,0.74,0.024,0,"15","KDR"
0,7.67252747718511,0.721,0.006,0,"15","TM4SF18"
0,6.91481964499306,0.712,0.01,0,"15","PCAT19"
0,7.62575371939191,0.692,0.007,0,"15","VWF"
0,7.74781103444812,0.683,0.006,0,"15","SOX18"
0,7.4198942743555,0.673,0.007,0,"15","ROBO4"
0,6.83705208630457,0.673,0.009,0,"15","TSPAN18"
0,6.62270992725492,0.673,0.014,0,"15","ACE"
0,5.7501818277196,0.625,0.017,0,"15","GPR4"
0,6.34487862247315,0.615,0.008,0,"15","SEMA6B"
0,8.88344841844982,0.567,0.002,0,"15","TIE1"
0,8.22712268689122,0.538,0.003,0,"15","MYCT1"
0,6.44181381777993,0.538,0.009,0,"15","CALCRL"
0,6.17478470340071,0.51,0.008,0,"15","SPNS2"
0,7.2599476287527,0.5,0.005,0,"15","F2RL3"
0,7.6148340913894,0.49,0.003,0,"15","CXorf36"
0,6.81821545509557,0.481,0.007,0,"15","EMCN"
0,6.94318369847387,0.462,0.005,0,"15","JAG2"
0,7.97521374558581,0.452,0.002,0,"15","NOVA2"
0,7.95582212039207,0.365,0.002,0,"15","ECSCR"
0,7.95486513611239,0.356,0.002,0,"15","CLEC14A"
0,8.60310464016189,0.346,0.001,0,"15","PTPRB"
3.95252516672997e-322,6.97724596638416,0.356,0.003,1.00342756407774e-317,"15","DLL4"
3.9228812279795e-321,6.57623765047754,0.404,0.005,9.95901857347155e-317,"15","RASGRP3"
4.9485170428378e-316,6.59295202757844,0.49,0.009,1.25628002166523e-311,"15","BCL6B"
1.34402856667295e-312,6.04729228592867,0.481,0.009,3.41208532221262e-308,"15","RASGRF2"
5.28350155347492e-312,6.41317304682381,0.365,0.004,1.34132253938068e-307,"15","GIMAP8"
3.4925598355019e-309,7.3791249438109,0.317,0.002,8.86656165438866e-305,"15","EXOC3L2"
1.06920615781715e-295,7.82883535438816,0.269,0.001,2.71439367285041e-291,"15","ARHGEF15"
6.25268849425673e-293,6.03122838254258,0.75,0.032,1.58737002803696e-288,"15","EDN1"
3.30880430810948e-292,6.30063408973488,0.462,0.009,8.40006149699754e-288,"15","RASIP1"
5.82344309550333e-286,5.5403379879131,0.885,0.05,1.47839749865543e-281,"15","FLT1"
7.44699248161244e-283,5.3806709590653,0.981,0.067,1.89056798130695e-278,"15","PECAM1"
2.22826867136266e-281,5.67558661958297,0.567,0.017,5.65690567598838e-277,"15","PDE2A"
3.25237530687036e-277,7.07252124535794,0.375,0.006,8.25680519155178e-273,"15","APLNR"
1.4652085525194e-274,7.08915520989665,0.317,0.003,3.71972495228099e-270,"15","CYYR1"
3.19635535419083e-271,5.3458594369876,0.606,0.021,8.11458733768426e-267,"15","AFAP1L1"
4.81785258550806e-266,5.84909204012629,0.481,0.012,1.22310823588293e-261,"15","MMRN2"
1.81255268732111e-247,5.58031286115901,0.423,0.009,4.60152750730209e-243,"15","ABCG1"
1.59070091991063e-246,5.50238285203926,0.346,0.005,4.0383124253771e-242,"15","CSF2RB"
1.16518181272722e-231,6.4472780479051,0.308,0.004,2.9580470679706e-227,"15","TNFRSF4"
5.60887390822595e-229,6.03828274439089,0.356,0.007,1.42392481908132e-224,"15","SOX7"
1.95613184621895e-217,6.14383892809199,0.288,0.004,4.96603191799606e-213,"15","GIMAP4"
1.06055146019435e-213,6.42598340046296,0.308,0.005,2.69242199199539e-209,"15","FLT4"
5.09609903275187e-213,4.71664083495076,0.712,0.042,1.29374666144472e-208,"15","JUP"
1.99520238744299e-207,4.81979999175758,0.548,0.023,5.06522030100152e-203,"15","GMFG"
2.05035735080818e-206,5.35157046731175,0.587,0.028,5.20524220649673e-202,"15","PCDH17"
8.85356423439221e-202,5.0904852664879,0.413,0.012,2.24765435218515e-197,"15","RNASE1"
6.30773873119822e-200,4.80618525326177,0.654,0.037,1.60134563168929e-195,"15","ACVRL1"
3.37278910252225e-197,4.92982278834728,0.635,0.035,8.56249969457323e-193,"15","ITM2A"
2.23657068167481e-194,5.07999504316282,0.5,0.02,5.67798198956784e-190,"15","SHANK3"
2.63162508035101e-191,5.43385631704596,0.5,0.021,6.6809065914871e-187,"15","SELE"
2.97378756442224e-188,5.04772839870348,0.625,0.037,7.54955448979874e-184,"15","CD34"
2.14230092435846e-183,6.71159423073287,0.298,0.006,5.43865935666881e-179,"15","FABP4"
3.76845004025967e-181,4.66324115236458,0.673,0.045,9.56696411720724e-177,"15","PLXNA2"
1.16666856659758e-179,4.98161236098815,0.481,0.021,2.96182149002129e-175,"15","TCIM"
1.16370096875794e-178,4.88391978121262,0.558,0.03,2.95428764938579e-174,"15","SEMA3F"
1.94311071304355e-178,5.1154476422659,0.519,0.025,4.93297516720366e-174,"15","CA2"
6.94961344459809e-177,5.0174501788402,0.375,0.012,1.76429836518012e-172,"15","F11R"
5.54112547819995e-173,4.79942752925584,0.548,0.029,1.40672552515062e-168,"15","ARHGEF28"
8.01398187398757e-173,5.55372849926807,0.288,0.006,2.03450957834922e-168,"15","HOXB7"
2.08626198722741e-172,4.40627316964764,0.76,0.063,5.29639330697423e-168,"15","RGCC"
2.67798686976978e-171,4.85773237859748,0.462,0.02,6.79860526628455e-167,"15","HEY1"
1.52286151848496e-169,4.05968495100056,0.798,0.07,3.86608853697777e-165,"15","DYSF"
1.23268374497118e-166,4.26584684726203,0.587,0.035,3.12941422335834e-162,"15","TSPAN15"
3.84322822815714e-166,5.64844136534438,0.308,0.008,9.75680350282252e-162,"15","MPZL2"
9.53998547038862e-159,4.91657879785886,0.433,0.019,2.42191611136756e-154,"15","CD200"
8.55826762408475e-157,4.58647197901391,0.471,0.023,2.1726874017264e-152,"15","PCDH1"
5.09011226477279e-155,5.72813499331086,0.269,0.006,1.29222680065787e-150,"15","EFNB2"
1.20017069064502e-152,5.0206324510613,0.365,0.013,3.04687333234051e-148,"15","SH2D3C"
3.42018620405748e-146,5.76203964987129,0.26,0.006,8.68282671624074e-142,"15","CLEC1A"
5.62347594246001e-146,5.23576459763084,0.279,0.007,1.42763183751232e-141,"15","INPP5D"
3.2911616004302e-145,3.90284734502022,0.721,0.067,8.35527195501215e-141,"15","ARHGDIB"
1.94269557583416e-143,3.8691738477523,0.942,0.137,4.93192125837019e-139,"15","MCAM"
1.03507068050153e-140,3.99958750962355,0.74,0.073,2.62773393658924e-136,"15","ADAMTS9"
9.29266423231395e-139,4.51624671712958,0.365,0.015,2.35912866865754e-134,"15","RASSF2"
1.33088933547239e-134,4.08243347480843,0.683,0.065,3.37872875596377e-130,"15","FAM198B"
1.44853379854982e-134,4.92497305206113,0.404,0.02,3.67739275437843e-130,"15","NOTCH4"
9.16978947666976e-132,5.44400236095989,0.26,0.007,2.32793445444215e-127,"15","MEOX1"
7.56571912818468e-131,5.45792471777753,0.279,0.009,1.92070911507225e-126,"15","HHEX"
3.32450242990941e-127,4.43996140501792,0.567,0.046,8.43991431881101e-123,"15","COL13A1"
1.10992536601187e-124,5.28118442941855,0.26,0.008,2.81776752669434e-120,"15","TSPAN13"
5.62476098621667e-123,4.18862533884855,0.519,0.038,1.42795807157083e-118,"15","TNFAIP8L1"
7.0686780737644e-123,4.58194048761863,0.413,0.023,1.79452530258657e-118,"15","RHOJ"
2.00961318671941e-112,4.29322310494756,0.548,0.049,5.10180499712456e-108,"15","RAMP2"
5.72386389472657e-110,4.3017576768164,0.433,0.029,1.45311732695423e-105,"15","NEDD9"
7.93438389848278e-108,3.70344907975722,0.712,0.089,2.01430204030782e-103,"15","FAM213B"
1.86512964875476e-107,5.07306539575701,0.26,0.01,4.73500463929371e-103,"15","RCAN2"
1.25811630032971e-104,4.19069132378918,0.423,0.029,3.19397985164704e-100,"15","SPARCL1"
2.70110545884891e-98,3.46599527213013,0.779,0.125,6.85729642837972e-94,"15","EFNA1"
3.37517787850078e-97,3.55451249246436,0.779,0.127,8.56856408014992e-93,"15","ESM1"
6.64425457314705e-97,3.46790391825847,0.625,0.072,1.68677690848484e-92,"15","HECW2"
1.06331961293187e-92,3.77915063479363,0.481,0.044,2.69944950135014e-88,"15","F2R"
3.53282387936566e-90,4.62072099041586,0.279,0.014,8.9687799825456e-86,"15","MCF2L"
4.77545789117567e-90,3.38843361173236,0.769,0.132,1.21234549483277e-85,"15","VWA1"
1.14562294486724e-88,4.17977263543106,0.298,0.017,2.90839297013445e-84,"15","PEAR1"
3.84978541319547e-88,4.54974349359494,0.308,0.018,9.77345022847935e-84,"15","PLEKHG1"
4.39846849739802e-88,3.87233059358043,0.442,0.039,1.11663919743444e-83,"15","GRASP"
1.46486236430069e-87,4.09044643525797,0.442,0.04,3.71884608425016e-83,"15","SHROOM4"
8.29413853338063e-84,3.18656324215654,0.837,0.184,2.10563294946934e-79,"15","EGFL7"
4.028809420968e-83,3.54757564577534,0.452,0.043,1.02279384770115e-78,"15","IL3RA"
1.54213888162316e-77,5.00184478303679,0.269,0.016,3.91502797877671e-73,"15","INHBB"
2.24321762825306e-75,3.29230751140493,0.779,0.167,5.69485659284605e-71,"15","CXCL12"
2.83058381159609e-73,3.894638516919,0.25,0.014,7.18600312249899e-69,"15","MCTP1"
2.50536723387625e-72,3.31844262853511,0.538,0.072,6.36037579664164e-68,"15","FZD4"
3.86400301027911e-72,2.80645609784629,0.798,0.175,9.80954444219559e-68,"15","FAM43A"
1.02708684926312e-70,4.07541606899491,0.346,0.03,2.60746538422428e-66,"15","MECOM"
1.1949245293896e-68,3.8721272134635,0.26,0.016,3.03355490276137e-64,"15","KCNN3"
4.43323451998703e-65,3.85357570001068,0.337,0.03,1.12546524758911e-60,"15","ENTPD1"
3.50252978888086e-64,4.04070469164993,0.279,0.021,8.89187237503184e-60,"15","SH3TC1"
1.95738473143724e-62,3.87685041243476,0.317,0.028,4.96921261769973e-58,"15","RAPGEF5"
7.16764630491607e-60,3.10583094263689,0.452,0.06,1.81965036742904e-55,"15","HCLS1"
5.49557440159628e-59,3.74104509983646,0.327,0.032,1.39516147333325e-54,"15","CMTM8"
1.36939915941528e-57,2.69038194942277,0.673,0.14,3.47649364600758e-53,"15","CLEC2B"
1.9945246890176e-57,2.12669618302169,0.952,0.465,5.06349982800898e-53,"15","CRIP2"
2.63727790224906e-57,2.62598276703174,0.577,0.098,6.69525741043969e-53,"15","CXCR4"
3.50785904501915e-57,3.07556375377095,0.548,0.093,8.90540175759012e-53,"15","ITPKB"
1.30730783634424e-56,2.93432357797359,0.49,0.073,3.31886240412712e-52,"15","NES"
4.64474165320408e-56,2.82220370119146,0.615,0.121,1.17916056349892e-51,"15","SNAI1"
2.85913765687503e-55,3.53839293609804,0.288,0.026,7.25849276950863e-51,"15","RND1"
5.06444106851629e-55,1.91163332982789,0.971,0.54,1.28570965406423e-50,"15","ENG"
6.92984719168549e-55,3.18170495875363,0.49,0.077,1.7592803065532e-50,"15","LDB2"
7.01586879195905e-55,1.58253140430468,0.99,0.673,1.78111861021464e-50,"15","CD9"
1.466301508719e-54,2.8423051363973,0.548,0.096,3.72249964018494e-50,"15","ADGRL2"
1.26114751762542e-53,2.55605386264299,0.769,0.203,3.20167520299566e-49,"15","JAG1"
2.8122125839741e-53,2.49231116301956,0.817,0.269,7.13936408693505e-49,"15","SPRY4"
5.327596968897e-53,3.18267408695127,0.452,0.067,1.35251704249388e-48,"15","PLCB1"
3.1226560793477e-52,1.79714982506815,0.971,0.585,7.92748698864001e-48,"15","COL4A1"
4.82821386633572e-52,3.96303646657184,0.269,0.024,1.22573865424665e-47,"15","PCDH12"
1.27781549296461e-51,1.97875791965274,0.942,0.482,3.24399019198925e-47,"15","SEC14L1"
1.77247983466616e-51,2.65814722169391,0.673,0.156,4.49979455626699e-47,"15","TSPAN14"
1.00611016636151e-50,2.50014271629212,0.875,0.363,2.55421187934197e-46,"15","APLN"
7.12202741325013e-50,3.13573024409816,0.375,0.048,1.80806909940181e-45,"15","A2M"
1.8034522031967e-49,2.60451546689415,0.635,0.147,4.57842410825546e-45,"15","EHD4"
3.30629722522667e-47,1.37868491924213,0.99,0.728,8.39369676568295e-43,"15","COL4A2"
5.73389249711338e-46,3.67351769721194,0.25,0.023,1.45566328824217e-41,"15","CARD16"
2.9082071847607e-45,3.21133852166718,0.346,0.046,7.38306557995199e-41,"15","KIAA1147"
5.35138508566717e-45,3.5127283889168,0.279,0.03,1.35855613169833e-40,"15","PPP1R13B"
7.56825478575946e-45,1.9260637108675,0.923,0.467,1.92135284246075e-40,"15","COL15A1"
4.90578729289218e-44,2.55066440695455,0.663,0.176,1.24543222004654e-39,"15","PLXND1"
1.8853958426563e-42,3.0961011324182,0.413,0.069,4.78645442575156e-38,"15","BCAM"
1.35468269695584e-41,2.11456809749144,0.74,0.226,3.43913296276179e-37,"15","MAST4"
4.24829416443178e-41,1.38069992236138,0.971,0.702,1.0785144395243e-36,"15","RHOB"
4.19110287619138e-40,1.5927245759464,0.933,0.523,1.06399528717871e-35,"15","ETS1"
7.70204844410921e-40,3.1195079909208,0.337,0.049,1.95531903850601e-35,"15","FLI1"
1.17935416281728e-39,3.17707259600892,0.317,0.043,2.99402641314423e-35,"15","MAGI1"
2.11791751463811e-39,2.55686402650103,0.529,0.118,5.37675719441177e-35,"15","ARHGAP31"
3.63329179003806e-39,3.14139138579501,0.346,0.052,9.22383786736962e-35,"15","LGALS9"
5.35788413231992e-39,1.35991753622932,0.952,0.68,1.36020604467206e-34,"15","TCF4"
5.6097766849367e-39,1.30986917919117,0.962,0.689,1.42415400700488e-34,"15","PXDN"
7.41079569591117e-39,2.61219462972081,0.471,0.093,1.88137870332097e-34,"15","ERG"
2.2847779252391e-38,0.731664235013226,0.99,0.899,5.80036571880449e-34,"15","GNAI2"
4.68395895885089e-38,1.40538595797345,0.99,0.617,1.18911666088347e-33,"15","THBS1"
7.46126770416935e-38,3.28424535433541,0.25,0.028,1.89419203205747e-33,"15","IGF2"
1.93314915250495e-37,2.17501510484303,0.721,0.245,4.90768575346431e-33,"15","RPS6KA2"
1.31546374375197e-36,2.91959836406325,0.327,0.049,3.33956780626312e-32,"15","CNKSR3"
4.06465488238592e-36,0.728116251781851,0.981,0.904,1.03189393499131e-31,"15","MSN"
4.10372860388057e-36,2.1146626918461,0.712,0.24,1.04181358066716e-31,"15","C1orf54"
9.80348805502693e-36,2.03687462314836,0.721,0.249,2.48881151252969e-31,"15","GRB10"
1.0976999226654e-35,1.74845561383099,0.856,0.466,2.78673079367066e-31,"15","CRIM1"
1.12813567934671e-35,0.753128623994057,0.971,0.901,2.86399804915749e-31,"15","FKBP1A"
3.56126720987622e-35,3.03302427984138,0.346,0.058,9.04098906571277e-31,"15","EFNB1"
3.98402296622714e-35,2.41178768578696,0.567,0.153,1.01142391043608e-30,"15","TMEM204"
2.00165502322095e-34,1.19803791415296,0.942,0.707,5.08160160745102e-30,"15","PIM3"
1.82731715828333e-33,2.27208438013891,0.558,0.147,4.63901006973388e-29,"15","LRRC8C"
3.7077421164248e-33,2.80868392326941,0.385,0.074,9.41284491096764e-29,"15","EPHA2"
5.46966473695146e-33,2.58035948618523,0.385,0.073,1.38858378676987e-28,"15","CDC42EP3"
5.51450375370607e-33,2.25149355694288,0.538,0.137,1.39996706795336e-28,"15","DOCK4"
6.12413338734221e-33,2.8535727809824,0.327,0.054,1.55473374304457e-28,"15","ADAMTS7"
9.49705396497521e-33,2.39721699695151,0.548,0.149,2.41101709008826e-28,"15","SPRY1"
2.50307266604801e-32,0.885743968481349,0.99,0.825,6.35455057729609e-28,"15","APP"
2.851041421857e-32,1.6593183524929,0.846,0.392,7.23793885766837e-28,"15","BMPR2"
6.81344432252389e-32,0.504465805329958,1,0.971,1.72972911015914e-27,"15","CALM1"
7.86098204303594e-32,2.7958892118092,0.394,0.081,1.99566751126553e-27,"15","TP53I11"
7.95372671510189e-32,1.70601366289045,0.808,0.379,2.01921260116292e-27,"15","ECE1"
1.24141458735551e-31,1.1867954258223,0.923,0.703,3.15157921291943e-27,"15","KLF6"
4.26966846485617e-31,2.28625352402725,0.529,0.147,1.08394073317304e-26,"15","TMEM255B"
6.75541142370507e-31,2.17579151614293,0.577,0.174,1.71499629813601e-26,"15","YPEL2"
1.89704805295103e-29,1.88304331570257,0.692,0.267,4.81603589202678e-25,"15","PDLIM1"
7.69437905621558e-29,2.72256191805468,0.337,0.064,1.95337201100145e-24,"15","SCARF1"
9.19470000567838e-29,2.31278023504764,0.529,0.157,2.33425849044157e-24,"15","FLNB"
2.36118845953718e-28,2.10143460336835,0.442,0.103,5.99434914222704e-24,"15","GBP4"
2.56114649804942e-28,3.02660538881798,0.308,0.057,6.50198261459805e-24,"15","CHST1"
9.72001493262248e-28,3.01703238187972,0.317,0.06,2.46762019094487e-23,"15","FABP5P7"
1.02643341015635e-27,1.66158782692426,0.76,0.333,2.60580649836392e-23,"15","SLC44A2"
3.14323835386305e-27,2.74783396360943,0.288,0.05,7.97973920895213e-23,"15","NUAK2"
4.02423781499011e-27,1.47596347766247,0.837,0.393,1.02163325409154e-22,"15","LAMB1"
4.34967863491911e-27,1.84835649169056,0.654,0.232,1.10425291504692e-22,"15","MARCKSL1"
4.47112848331408e-27,1.61900868784567,0.788,0.384,1.13508538805894e-22,"15","RFLNB"
2.07104182388537e-26,2.40642446453532,0.394,0.093,5.2577538782978e-22,"15","DOCK6"
3.69967937807013e-26,1.30245009540976,0.865,0.466,9.39237603710664e-22,"15","IL32"
7.78186112327674e-26,2.89127429260633,0.288,0.053,1.97558108336627e-21,"15","CDYL2"
1.84016035180278e-25,2.57564722053173,0.26,0.043,4.67161508512171e-21,"15","CYTL1"
1.84647059017488e-25,0.691055052109899,0.962,0.933,4.68763488727697e-21,"15","SERPINE1"
1.94020866344473e-25,1.54105365221819,0.798,0.463,4.92560773388713e-21,"15","RALA"
2.97661259024288e-25,1.65879804247037,0.712,0.302,7.5567263828496e-21,"15","ARHGAP29"
3.498170892944e-25,1.4603131735865,0.817,0.417,8.88080644591693e-21,"15","MYO1E"
5.95611792517001e-25,0.698128900428936,0.99,0.846,1.51207965766291e-20,"15","PRSS23"
8.29338536064696e-25,3.07396973580749,0.25,0.042,2.10544174150744e-20,"15","PTP4A3"
9.53761390806131e-25,2.10882473012137,0.567,0.201,2.42131404283952e-20,"15","SMAD6"
2.15247773444812e-24,2.23213322096731,0.365,0.083,5.46449522444345e-20,"15","LAMA5"
2.95525759458233e-24,2.26410445035027,0.375,0.088,7.50251245536616e-20,"15","ABLIM1"
2.95990457389495e-24,2.58410413365291,0.327,0.07,7.51430974174712e-20,"15","SNRK"
3.80725539158503e-24,1.93971440165286,0.548,0.184,9.66547926261692e-20,"15","PPM1F"
4.13706436883385e-24,1.53473947780745,0.731,0.336,1.05027653131585e-19,"15","LRRC8A"
6.16140256897592e-24,1.86354986370376,0.596,0.22,1.56419527018592e-19,"15","MGST2"
6.22162712669757e-24,1.72032689713035,0.654,0.27,1.57948447865471e-19,"15","SLC29A1"
6.64971782395286e-24,1.81161397729862,0.615,0.236,1.68816386396691e-19,"15","MYO6"
8.13122743045864e-24,2.61968257279308,0.308,0.064,2.06427470777053e-19,"15","NLK"
1.65222276208861e-23,1.52473386897732,0.74,0.369,4.19449792611436e-19,"15","PGF"
2.59763700544951e-22,0.918396608112072,0.933,0.717,6.59462106573467e-18,"15","CYR61"
2.72890541407766e-22,2.22003379050877,0.317,0.069,6.92787217471895e-18,"15","TINAGL1"
3.36357709048325e-22,1.71429008917679,0.356,0.084,8.53911315960981e-18,"15","LAPTM5"
3.59869359274026e-22,2.17209522617627,0.394,0.105,9.13600342388971e-18,"15","NOL4L"
5.57302685968328e-22,2.37821695728306,0.385,0.105,1.41482432886779e-17,"15","MTMR12"
3.04466043511193e-21,1.74762007326809,0.5,0.159,7.72947944661865e-17,"15","HBEGF"
3.34744271378405e-21,1.52833098028347,0.702,0.345,8.49815281748356e-17,"15","NPDC1"
3.40986363520507e-21,2.64005989923844,0.308,0.07,8.65662081069512e-17,"15","FRMD4B"
3.70843773507019e-21,2.3079719951061,0.317,0.073,9.4146108780227e-17,"15","CHAC1"
3.85634325513126e-21,0.895576727269227,0.913,0.738,9.79009862180173e-17,"15","COLGALT1"
1.27941999858833e-20,1.2961182560395,0.788,0.41,3.2480635504162e-16,"15","NRP1"
2.10865698692987e-20,1.90421707106965,0.519,0.185,5.35324749271886e-16,"15","PNP"
3.82711239972159e-20,1.53091988741801,0.692,0.335,9.71589024917319e-16,"15","RGS3"
4.38738076247997e-20,1.36202867452044,0.76,0.409,1.11382435417079e-15,"15","SWAP70"
5.78076630462085e-20,0.68229336629155,0.971,0.849,1.4675631417541e-15,"15","MYH9"
6.00642614931086e-20,2.25682219992831,0.337,0.085,1.52485140652555e-15,"15","RTL10"
7.20980074585906e-20,1.08307147151796,0.875,0.606,1.83035211535124e-15,"15","SAV1"
7.41853162139947e-20,0.906467699603476,0.933,0.685,1.88334262272468e-15,"15","PLS3"
9.36155849664355e-20,1.52274741808525,0.615,0.246,2.3766188555429e-15,"15","DIAPH2"
1.27508611019397e-19,2.70850651867917,0.288,0.068,3.23706110794943e-15,"15","VASH1"
1.55588692044526e-19,1.10762259749528,0.837,0.525,3.94993012493437e-15,"15","TUBA1A"
1.80469387574688e-19,0.618895509242672,0.99,0.837,4.5815763423586e-15,"15","PEA15"
2.86064273856625e-19,2.00000054165488,0.404,0.12,7.26231372039814e-15,"15","PTPRK"
4.05874233508238e-19,2.04142419657088,0.404,0.124,1.03039291660736e-14,"15","ARHGAP18"
4.2127845050224e-19,2.17310581419316,0.404,0.125,1.06949960229004e-14,"15","GRPEL2"
4.36852656901043e-19,1.63618076225854,0.635,0.298,1.10903784007468e-14,"15","ZFP36L2"
6.06414800430931e-19,2.10905672854184,0.394,0.118,1.539505253854e-14,"15","MEF2C"
7.65593791372671e-19,0.58627325010536,0.942,0.856,1.9436129581578e-14,"15","MYL12B"
9.5797772828348e-19,0.562780739422148,0.99,0.876,2.43201805879327e-14,"15","TPM3"
1.07634508850752e-18,1.54884473471168,0.567,0.219,2.73251727619404e-14,"15","CTHRC1"
1.52529543555216e-18,1.4334269722165,0.644,0.298,3.87226752223628e-14,"15","CPNE2"
2.72106982016507e-18,0.962009688644128,0.894,0.612,6.90797995245306e-14,"15","LAMA4"
3.47717841275004e-18,1.11548453691786,0.808,0.476,8.82751283644854e-14,"15","TAX1BP3"
3.97534654342428e-18,0.56606881640373,0.981,0.887,1.00922122697912e-13,"15","CSTB"
4.50233675105138e-18,2.3185852496362,0.269,0.061,1.14300823098941e-13,"15","HLX"
4.53527002045877e-18,0.761425997767028,0.923,0.753,1.15136900009387e-13,"15","GNG11"
5.17764197210853e-18,0.933157206670164,0.923,0.606,1.31444796745919e-13,"15","SYNPO"
5.27304308121511e-18,1.67076230124137,0.577,0.26,1.33866744702808e-13,"15","TNFAIP1"
5.58455712505068e-18,1.79090334078575,0.49,0.184,1.41775151733662e-13,"15","PVR"
6.22012129800694e-18,1.78023013192861,0.49,0.182,1.57910219392502e-13,"15","HMOX2"
7.58390548645009e-18,2.4915825521208,0.26,0.059,1.92532608584508e-13,"15","CARD8-AS1"
1.35069860737826e-17,2.45420649425374,0.298,0.077,3.42901855455119e-13,"15","ITGA6"
1.97408963099667e-17,2.08448882843964,0.365,0.108,5.01162134621126e-13,"15","CARD8"
2.72145994499558e-17,2.23207945928984,0.308,0.082,6.90897036236027e-13,"15","AC243964.3"
4.06504205226388e-17,1.854676228592,0.375,0.113,1.03199222580823e-12,"15","ADGRG1"
4.10293069243332e-17,2.26004860896252,0.327,0.092,1.04161101488805e-12,"15","BCL2L11"
5.05997671924678e-17,2.14469660131424,0.327,0.092,1.28457628971518e-12,"15","PRKCH"
1.36787025995666e-16,2.3337910253773,0.269,0.066,3.47261222895198e-12,"15","FZD6"
3.24036043711029e-16,0.652135501238248,0.952,0.815,8.2263030416919e-12,"15","CLIC4"
6.45207094474692e-16,1.23749467021453,0.721,0.413,1.6379872507429e-11,"15","VASP"
7.493205400013e-16,0.908093992026187,0.846,0.683,1.9023000549013e-11,"15","JAK1"
1.06456474059941e-15,1.41671091202882,0.587,0.258,2.70261050695972e-11,"15","RAPGEF1"
1.80038164206225e-15,1.67805331321384,0.462,0.177,4.57062887470343e-11,"15","HYAL2"
1.95023139758737e-15,0.517004804518965,0.952,0.851,4.95105244905506e-11,"15","MYL12A"
2.33589247605064e-15,0.503271544669825,0.971,0.875,5.93013022894976e-11,"15","TM4SF1"
3.08848600479931e-15,1.51476603239351,0.413,0.139,7.840739420384e-11,"15","DGKH"
3.60768507372008e-15,1.34311865712098,0.596,0.278,9.15883009665318e-11,"15","MYLK"
3.7921524646155e-15,1.91789008362396,0.356,0.115,9.62713746191937e-11,"15","CX3CL1"
5.68198634535775e-15,1.44018977658391,0.558,0.249,1.44248587349597e-10,"15","HIP1"
6.51567053695791e-15,1.59802240836867,0.442,0.167,1.6541332792175e-10,"15","SYNGR2"
6.95241023641498e-15,2.05411698649178,0.269,0.07,1.76500838671867e-10,"15","MTSS1"
7.79832126533629e-15,0.933223547605614,0.856,0.566,1.97975981963092e-10,"15","SOX4"
7.86620327441937e-15,2.28146722751787,0.25,0.063,1.99699302527684e-10,"15","APBB2"
9.29833084323035e-15,0.908088569449971,0.894,0.615,2.36056725117089e-10,"15","MACF1"
9.70706645619163e-15,1.43625727746074,0.567,0.264,2.46433296123337e-10,"15","SLC9A3R2"
1.1307321530466e-14,0.761069291138401,0.885,0.69,2.87058971693941e-10,"15","FSCN1"
1.2147425529088e-14,2.17346464579146,0.279,0.077,3.08386691906957e-10,"15","NEURL1B"
1.46993012888989e-14,1.11573567182384,0.731,0.42,3.73171161821277e-10,"15","CDC42EP1"
1.6806813858461e-14,1.69220122683308,0.442,0.171,4.2667458342475e-10,"15","LRRC32"
3.16835255130857e-14,1.90275158172203,0.288,0.081,8.04349662200706e-10,"15","HDAC9"
6.5711680374626e-14,2.00581215039555,0.298,0.091,1.66822242967063e-09,"15","TNFSF10"
7.17547772921013e-14,0.725028311242602,0.913,0.725,1.82163853111458e-09,"15","SPTBN1"
7.24622526608231e-14,1.93252275156923,0.269,0.075,1.83959920830031e-09,"15","PLA2G4C"
8.23081022913239e-14,1.50805512593368,0.51,0.218,2.08955579286984e-09,"15","CNOT6L"
9.3814325614407e-14,0.883313886125515,0.798,0.571,2.38166428437295e-09,"15","GSN"
9.68355153802525e-14,0.738043050663153,0.923,0.701,2.45836322895847e-09,"15","HSPB1"
1.10544687498463e-13,1.31893682676707,0.596,0.308,2.80639798152347e-09,"15","DAPK3"
1.11803757514686e-13,1.49659532941371,0.596,0.322,2.83836199202534e-09,"15","SGK1"
1.30600869264051e-13,1.459597387978,0.51,0.222,3.31556426800647e-09,"15","ITGA2"
1.75199915832614e-13,1.40076438241366,0.567,0.29,4.44780026324256e-09,"15","RNF19A"
1.81559586990946e-13,2.06942603970642,0.317,0.104,4.60925323493915e-09,"15","ATP11A"
1.86463974193675e-13,1.40774501948836,0.548,0.254,4.73376091285484e-09,"15","KIAA0355"
2.06135543595399e-13,0.76688556632873,0.856,0.658,5.2331630452564e-09,"15","WDR1"
2.57102673565972e-13,2.07486850817665,0.279,0.082,6.52706557381932e-09,"15","TRIM24"
2.62115304169363e-13,1.15830298991093,0.654,0.342,6.65432122694761e-09,"15","DHRS7"
3.71236390471873e-13,1.29978861738015,0.538,0.243,9.42457824490944e-09,"15","PLEKHO1"
4.59096136722832e-13,1.1444356867125,0.673,0.387,1.16550736229825e-08,"15","BCAR1"
4.75050997285159e-13,1.00813389903058,0.721,0.395,1.20601196680783e-08,"15","SPHK1"
4.76325362179602e-13,1.55082211262864,0.404,0.153,1.20924719696535e-08,"15","PLEKHO2"
4.9844121615869e-13,1.46023189825227,0.51,0.232,1.26539271546207e-08,"15","GALNT18"
5.40465667756776e-13,1.14781170425004,0.663,0.361,1.37208019073413e-08,"15","JAM3"
7.83391063296655e-13,1.00555023316609,0.74,0.464,1.98879489239122e-08,"15","PLEKHA1"
1.02962134375593e-12,1.04894881749348,0.587,0.271,2.61389970539317e-08,"15","ADAMTS4"
1.23986703460049e-12,1.37413341619974,0.548,0.273,3.14765044074027e-08,"15","ARHGEF7"
1.32773993147393e-12,1.55029321937651,0.404,0.156,3.37073336403288e-08,"15","RALGDS"
1.56731367828763e-12,1.6110453230424,0.356,0.126,3.97893923506881e-08,"15","TNFRSF14"
1.64601522912598e-12,1.08427584750103,0.663,0.352,4.17873886218213e-08,"15","PKN1"
2.15246554939113e-12,1.97235873253909,0.279,0.087,5.46446429023926e-08,"15","SYNE2"
3.70181296691673e-12,1.91894009250641,0.288,0.091,9.39779257911151e-08,"15","CCDC3"
4.35019383456804e-12,1.09180870508871,0.587,0.285,1.10438370878179e-07,"15","SKAP2"
4.38094857844992e-12,1.21343838952121,0.596,0.319,1.11219141561108e-07,"15","PDGFA"
4.91188300701116e-12,1.56991195940581,0.385,0.15,1.24697973898992e-07,"15","MAP1S"
6.11749004060748e-12,1.89146259952821,0.25,0.073,1.55304719660902e-07,"15","NOTCH1"
6.83648132140912e-12,0.90279040660658,0.76,0.436,1.73557751306613e-07,"15","MAP1B"
9.02057571269382e-12,0.500800144655896,0.952,0.808,2.29005355618158e-07,"15","ACTR3"
1.00362369246977e-11,0.608977469594872,0.913,0.754,2.54789946807302e-07,"15","LAMC1"
1.03023619325362e-11,1.82365803826279,0.269,0.083,2.61546062381296e-07,"15","TNK2"
1.13241854198561e-11,1.71364445097581,0.308,0.104,2.87487095253887e-07,"15","MAP3K11"
1.14132971519255e-11,1.36158653568945,0.394,0.155,2.89749374795932e-07,"15","PMAIP1"
1.181376031726e-11,0.731997221485376,0.846,0.612,2.9991593317428e-07,"15","ZYX"
1.35487500273295e-11,1.05551480615533,0.712,0.45,3.43962116943813e-07,"15","BACE2"
1.49493254254893e-11,1.2986549132306,0.462,0.201,3.79518524576896e-07,"15","TNIP2"
1.54623355888927e-11,2.02034382217791,0.26,0.081,3.9254231359522e-07,"15","RASSF3"
2.89318025672109e-11,1.75969917466762,0.298,0.101,7.34491671773784e-07,"15","ATP13A2"
3.08347918586627e-11,1.36839753447171,0.481,0.225,7.82802860915871e-07,"15","FMNL3"
3.70017051120465e-11,1.28775909375037,0.625,0.41,9.39362287679523e-07,"15","INSR"
3.96103305807129e-11,1.28759328588398,0.49,0.225,1.00558746245256e-06,"15","DDI2"
4.62499141048461e-11,1.47226413638636,0.346,0.128,1.17414656937973e-06,"15","SLCO4A1"
5.34403522075941e-11,1.14288102998956,0.577,0.301,1.35669022149419e-06,"15","TRIM47"
7.40430124771773e-11,1.41010835192396,0.413,0.177,1.8797299577581e-06,"15","DAB2IP"
7.47721851839448e-11,1.17379975404606,0.519,0.247,1.89824146526481e-06,"15","PRDM1"
7.7983464732961e-11,1.99538946541522,0.25,0.079,1.97976621917568e-06,"15","PHLDB2"
1.04137331096485e-10,0.599100220533518,0.894,0.737,2.64373442454647e-06,"15","PICALM"
1.05322106181712e-10,0.99191840308683,0.644,0.362,2.67381230963511e-06,"15","NECTIN2"
1.28089318326865e-10,0.986626574704712,0.654,0.398,3.25180352436412e-06,"15","ETS2"
1.51650946699942e-10,0.870160751504063,0.75,0.488,3.84996258387143e-06,"15","ARHGEF12"
1.60766723580991e-10,1.15118567255721,0.567,0.305,4.08138481155062e-06,"15","NDST1"
1.65461552904287e-10,1.18385419414028,0.548,0.29,4.20057244358114e-06,"15","HDAC7"
1.98469735493017e-10,1.21344118487572,0.538,0.269,5.03855117496123e-06,"15","FHOD1"
2.06128677718996e-10,1.36563234528208,0.471,0.225,5.23298874125215e-06,"15","SLC38A1"
2.32752602065706e-10,0.8712808925192,0.721,0.439,5.90889030864208e-06,"15","CSRNP1"
2.50796079315743e-10,1.51114236048522,0.385,0.16,6.36696006558878e-06,"15","MSX1"
2.74276040064497e-10,0.800709503116495,0.76,0.547,6.96304582911738e-06,"15","FEZ2"
3.40501881239664e-10,0.931809564070251,0.663,0.395,8.64432125903135e-06,"15","YES1"
3.57965266851801e-10,0.911683564253465,0.673,0.413,9.08766422956667e-06,"15","NECAP2"
4.17261706737974e-10,1.44337166232059,0.394,0.17,1.05930229489569e-05,"15","NEDD4"
4.55755102080141e-10,0.774457259899678,0.75,0.467,1.15702547765085e-05,"15","GRAMD1A"
4.91334826499251e-10,1.06269184443588,0.606,0.351,1.24735172403365e-05,"15","FAM219A"
6.08118505427781e-10,1.41949580348238,0.442,0.216,1.54383044972951e-05,"15","SLC12A2"
8.42499235639238e-10,1.1886839918984,0.519,0.269,2.13885280951733e-05,"15","TBC1D1"
8.43658039992973e-10,1.59467252481966,0.346,0.144,2.14179466613016e-05,"15","GNA13"
9.07753960524314e-10,1.42670321938724,0.394,0.174,2.30451497958308e-05,"15","ZDHHC14"
9.81074032374194e-10,1.60882112606524,0.26,0.088,2.49065264598837e-05,"15","IPO11"
9.88649657907377e-10,1.06426445130885,0.567,0.299,2.50988488652946e-05,"15","RIPOR1"
1.09144830708158e-09,1.03327168991945,0.587,0.333,2.77085981718801e-05,"15","NRAS"
1.27550451906373e-09,0.91106669101958,0.644,0.386,3.23812332254708e-05,"15","TMEM173"
1.38921261529077e-09,0.844079359000957,0.702,0.443,3.52679406643867e-05,"15","HPCAL1"
1.49851356636784e-09,1.60986996058655,0.308,0.121,3.80427639093804e-05,"15","PXN"
1.58272497899191e-09,0.569108132874398,0.875,0.701,4.01806390416675e-05,"15","MYADM"
1.63842831115313e-09,1.41715211614101,0.385,0.168,4.15947795352445e-05,"15","TRAK1"
2.02724909721355e-09,0.952735210155723,0.702,0.489,5.14657728309605e-05,"15","LBH"
2.11423386400311e-09,1.12247449771327,0.452,0.215,5.36740551054469e-05,"15","VSIR"
2.13538039285307e-09,0.776876742536115,0.769,0.55,5.42109020333608e-05,"15","TMEM184B"
2.67398594588424e-09,1.65206549960544,0.327,0.137,6.78844812081633e-05,"15","ZNF618"
2.8494056343319e-09,1.07002163131101,0.529,0.289,7.2337860838784e-05,"15","TMEM8A"
2.88256414054167e-09,0.610481489143683,0.837,0.706,7.31796558359313e-05,"15","TMEM123"
3.05445801928341e-09,1.21630982030362,0.269,0.094,7.7543525735548e-05,"15","CSF2"
3.5435329261183e-09,1.13001774843906,0.538,0.299,8.99596703953654e-05,"15","ATP1B1"
3.55291172823806e-09,1.3776762008753,0.356,0.151,9.01977700447796e-05,"15","SINHCAF"
3.77174304726931e-09,1.59164516962415,0.26,0.091,9.5753240741026e-05,"15","RGS12"
4.10760109403219e-09,1.41967430559248,0.288,0.106,0.000104279668974195,"15","MDFI"
4.75380939881139e-09,1.65197108433533,0.288,0.112,0.000120684959207625,"15","TMEM2"
4.91277379730253e-09,0.623758143160892,0.846,0.686,0.000124720588392119,"15","WWTR1"
7.47792862568648e-09,0.60726224357854,0.865,0.65,0.000189842174020303,"15","ANGPTL2"
9.0400251202418e-09,0.596125616298878,0.846,0.697,0.000229499117727579,"15","GABARAPL2"
1.26013663998926e-08,0.902104276853913,0.654,0.42,0.000319910888794074,"15","YWHAH"
1.61225550853965e-08,0.807974542195318,0.75,0.496,0.000409303305952961,"15","CTNND1"
1.71092012279137e-08,1.58538821840094,0.317,0.132,0.000434351291573045,"15","PKP4"
2.1041136354376e-08,1.47767543702482,0.288,0.113,0.000534171328628542,"15","FNBP1L"
2.17470004393755e-08,0.933581829288743,0.625,0.395,0.000552091100154425,"15","PKIG"
2.99629939672295e-08,1.65568830727177,0.25,0.092,0.000760670527846055,"15","FRMD4A"
3.07788702467108e-08,0.677041682998757,0.779,0.574,0.000781383178953247,"15","DYNC1LI2"
3.3111131077957e-08,1.23035910154584,0.423,0.209,0.000840592284676095,"15","CD2AP"
3.59328415692161e-08,1.02536327011277,0.423,0.212,0.000912227048917689,"15","LYN"
3.68223710974205e-08,0.634729980263759,0.788,0.641,0.000934809535050215,"15","ATP1B3"
3.92881155661381e-08,1.35534035172643,0.298,0.122,0.000997407389877547,"15","LBR"
5.30310877101804e-08,1.19536795717382,0.423,0.213,0.00134630022369835,"15","ARHGAP23"
6.1483324809317e-08,1.27316260192896,0.317,0.134,0.00156087716693413,"15","CDK17"
7.03776671518133e-08,1.18615696824298,0.375,0.177,0.00178667783598308,"15","GRK5"
7.64211632157652e-08,0.591199133081844,0.817,0.67,0.00194010407055863,"15","DPYSL2"
8.41213136575329e-08,1.14739964373685,0.452,0.244,0.00213558778982379,"15","MYO5A"
8.50954341921056e-08,1.13390982203835,0.442,0.227,0.00216031778783498,"15","RGS16"
1.0854884790787e-07,1.72424457871069,0.25,0.098,0.0027557296018371,"15","TANC1"
1.21048841895281e-07,0.624374636767039,0.798,0.599,0.00307306694919551,"15","MIR1244-2"
1.24535219440495e-07,1.52824305135464,0.308,0.14,0.00316157561593586,"15","ZADH2"
1.38185896225822e-07,1.05166233739476,0.558,0.344,0.00350812534748494,"15","KLF7"
1.41677993552175e-07,0.858048753833951,0.625,0.429,0.00359677922230907,"15","ARPC5L"
1.62914915809226e-07,1.31643124841885,0.327,0.151,0.00413592096764882,"15","MAP3K3"
1.68306260363887e-07,1.44516546103277,0.25,0.096,0.004272791031858,"15","FAM171A1"
1.94215300843097e-07,1.4091725115213,0.346,0.167,0.00493054384250369,"15","KCTD15"
2.11790869944663e-07,1.30059353298047,0.365,0.179,0.00537673481528517,"15","SVIP"
2.50005252894139e-07,0.915528807887604,0.51,0.289,0.0063468833552235,"15","CERK"
2.58701677308434e-07,0.697230255759644,0.663,0.414,0.00656765948182921,"15","FLOT2"
2.62426516689732e-07,0.576583380438055,0.827,0.639,0.00666222197920224,"15","RAB5C"
2.74987836344484e-07,1.34127210002416,0.317,0.145,0.00698111620127741,"15","PRKD2"
2.82127529078738e-07,1.16329743700584,0.413,0.216,0.00716237158072193,"15","COL18A1"
2.82658105000845e-07,0.87104618796969,0.596,0.377,0.00717584131165646,"15","PON2"
2.94911770541314e-07,0.780633935576103,0.654,0.435,0.00748692511873234,"15","TM2D2"
3.15634844965657e-07,0.53434229337872,0.846,0.693,0.00801302180914314,"15","CFLAR"
3.40462118630277e-07,0.684905779872965,0.712,0.475,0.00864331180566685,"15","TRIOBP"
4.3973459696801e-07,1.1061057246899,0.423,0.222,0.0111635422132269,"15","GADD45B"
4.44183048571374e-07,1.4777580227891,0.317,0.153,0.0112764750540815,"15","EPHB4"
4.79456703757735e-07,0.726819254467048,0.702,0.51,0.0121719673382976,"15","EFCAB14"
6.29794452327103e-07,1.27787708822988,0.317,0.148,0.0159885917612282,"15","HIC1"
6.48903773587591e-07,1.24533054250414,0.337,0.163,0.0164737201000682,"15","STK10"
7.45977054979457e-07,0.809050513000624,0.615,0.423,0.0189381194947635,"15","PXDC1"
7.4857971702996e-07,1.11121713877925,0.356,0.176,0.0190041932762396,"15","KLF13"
7.51674230787605e-07,0.624095282916773,0.74,0.588,0.0190827536970049,"15","CAV2"
7.85106786281561e-07,1.21586837284422,0.346,0.166,0.01993150598333,"15","KITLG"
8.84878589521228e-07,0.545186243961685,0.808,0.673,0.0224644127521754,"15","ACKR3"
8.92312331991395e-07,0.733742681186949,0.692,0.475,0.0226531331722655,"15","CFDP1"
9.391859778376e-07,0.67113475576828,0.692,0.491,0.0238431144193632,"15","ZEB1"
9.97414208045809e-07,0.598308380919408,0.74,0.557,0.0253213544996589,"15","ELOVL5"
1.02473635264061e-06,0.600805119530823,0.798,0.623,0.0260149817844872,"15","VAT1"
1.06237516003973e-06,0.921243450069724,0.538,0.333,0.0269705181879286,"15","CMTM3"
1.08296685836686e-06,0.894356011545792,0.529,0.321,0.0274932796333596,"15","RAPGEF2"
1.24552191853049e-06,0.601930083949437,0.817,0.637,0.0316200649457336,"15","RDX"
1.32393978008595e-06,0.648292725667612,0.75,0.518,0.0336108591970419,"15","ROCK2"
1.72849212339824e-06,0.846594952017952,0.519,0.31,0.043881229536711,"15","MAP1LC3A"
1.99227797530608e-06,0.824988607310128,0.548,0.346,0.0505779609590954,"15","TTYH3"
2.17911051065821e-06,1.06152973772841,0.404,0.225,0.05532107853408,"15","GIT1"
2.42885642733285e-06,0.964616246269434,0.423,0.231,0.061661378120699,"15","RFTN1"
2.46842147150059e-06,0.606106813503211,0.76,0.58,0.0626658158969856,"15","MAP2K1"
2.72087196690533e-06,0.66170920431194,0.769,0.612,0.0690747766238256,"15","AKAP12"
2.75501080687373e-06,0.581548503610796,0.74,0.577,0.0699414593541035,"15","MPZL1"
2.95193734282986e-06,1.08100818404253,0.365,0.193,0.0749408333224217,"15","CD40"
3.01445263207611e-06,0.67636408615963,0.644,0.45,0.0765279089705162,"15","DNAJB6"
3.08429711211943e-06,0.965274806422025,0.394,0.209,0.0783010507853759,"15","SH2B3"
3.21861127235651e-06,1.24416565837606,0.298,0.141,0.0817108843713146,"15","TSHZ1"
3.23448351351024e-06,1.2019091586634,0.26,0.113,0.0821138329574844,"15","CYTH1"
3.2939536261071e-06,0.564848514435653,0.75,0.56,0.0836236007059808,"15","STOM"
3.4617816706751e-06,0.971822306101679,0.481,0.301,0.0878842512734287,"15","SLC41A1"
3.51982762482809e-06,0.907985353063377,0.462,0.27,0.0893578639115107,"15","BST2"
3.66164899187777e-06,1.08928755555366,0.346,0.173,0.0929582829568008,"15","FHL3"
3.67564296584666e-06,0.799876934042094,0.567,0.364,0.0933135479739493,"15","ASAP1"
3.94056394442971e-06,1.08713199287494,0.442,0.259,0.100039096857237,"15","CDC34"
3.95249050848627e-06,1.36237102715629,0.279,0.128,0.100341876538941,"15","CLIC2"
4.06882251584778e-06,0.687395364484942,0.615,0.419,0.103295197209828,"15","PHACTR2"
4.08026460976245e-06,0.852507386354174,0.567,0.372,0.103585677648039,"15","STARD3NL"
4.16495159127811e-06,1.03393365163673,0.433,0.248,0.105735626047777,"15","SMURF2"
4.20906938509054e-06,0.963733249627355,0.26,0.111,0.106855644479294,"15","HLA-DRB1"
4.42058156942664e-06,1.06894604996057,0.365,0.194,0.112225304303034,"15","AC026462.1"
4.58739830700947e-06,1.2622975355537,0.26,0.116,0.116460280820049,"15","FBLIM1"
4.99362116725602e-06,0.640547438093784,0.606,0.384,0.126773060573128,"15","PLK2"
5.11751444905151e-06,1.07733324431788,0.327,0.164,0.129918339318071,"15","ADARB1"
5.27143453269056e-06,0.942261171812046,0.51,0.329,0.133825908481415,"15","ZC3H7B"
5.48418040331539e-06,0.919532783501618,0.51,0.333,0.139226887898968,"15","FRMD8"
5.54686402494983e-06,0.548953177102523,0.779,0.576,0.140818237001401,"15","RAP1B"
5.60357581979984e-06,1.03562504654862,0.462,0.293,0.142257979337259,"15","RB1"
5.67354534778954e-06,0.929080910533166,0.529,0.345,0.144034295744333,"15","TP53INP2"
5.96337386387017e-06,0.873215439776111,0.538,0.333,0.151392172282072,"15","PIM1"
6.65249345323511e-06,1.18441770632082,0.337,0.178,0.16888685129728,"15","ZSWIM4"
6.82168325654811e-06,0.812631319008113,0.51,0.328,0.173182072833987,"15","RAB35"
7.21846409630769e-06,0.924945633671286,0.452,0.268,0.183255148012963,"15","CBLB"
7.68685127329292e-06,0.829862456305566,0.519,0.342,0.195146093275087,"15","TES"
9.10284664938055e-06,0.899657548991656,0.462,0.274,0.231093967887824,"15","LUZP1"
9.34502356578209e-06,0.620873023576883,0.596,0.388,0.23724211326451,"15","IFNGR1"
9.95617243845788e-06,0.921894720302915,0.356,0.189,0.25275734969513,"15","SLC2A6"
1.13563753353192e-05,1.20206490874345,0.327,0.163,0.288304300637748,"15","TECPR1"
1.2324066683012e-05,0.658552435374915,0.654,0.482,0.312871080881624,"15","PRKAR2A"
1.25824780558445e-05,1.08813620538745,0.375,0.211,0.319431370403725,"15","RGL2"
1.26034172448426e-05,1.1795038636376,0.317,0.163,0.31996295359482,"15","RFWD2"
1.27323565949005e-05,1.07488617288452,0.298,0.147,0.32323633687474,"15","TNFRSF21"
1.2984574504e-05,0.994363188543241,0.404,0.232,0.329639392933048,"15","SLC35G2"
1.29919461149632e-05,0.758206466958172,0.567,0.386,0.32982653602057,"15","AKAP13"
1.43163079573017e-05,1.08678835688091,0.317,0.163,0.363448110112019,"15","CBL"
1.55291071461329e-05,0.577642566492742,0.712,0.515,0.394237443118875,"15","CCDC50"
1.79820285630518e-05,0.624991605541391,0.615,0.402,0.456509759130196,"15","DLC1"
1.83337727622603e-05,0.689806819430206,0.606,0.452,0.465439489115503,"15","AP1S2"
1.94753307784272e-05,1.06575512027078,0.298,0.146,0.494420222471932,"15","KCNK6"
1.96974093282623e-05,0.982273435844015,0.385,0.223,0.500058130616595,"15","MARK4"
2.03417771816593e-05,0.653848570413793,0.606,0.418,0.516416697310785,"15","CD46"
2.06339272067144e-05,1.0274286334354,0.298,0.148,0.523833509996858,"15","ATF3"
2.11844444908054e-05,0.957548415630413,0.452,0.289,0.537809492288078,"15","PIP5K1C"
2.14935471222383e-05,1.3952317881587,0.269,0.135,0.545656680792265,"15","APOLD1"
2.21705667407882e-05,0.654049196404634,0.615,0.433,0.562844177848389,"15","DBN1"
2.34912152860751e-05,1.31715011922513,0.25,0.118,0.596371482467588,"15","TGIF2"
2.50849944712737e-05,0.583636531908402,0.673,0.528,0.636832754642226,"15","IRF1"
2.55186980685318e-05,0.779234227100344,0.462,0.279,0.647843187865816,"15","PPP1R2"
2.57258774052651e-05,0.961494896036171,0.375,0.216,0.653102849687465,"15","PPP1R3B"
2.5775485558954e-05,1.1030109827049,0.356,0.208,0.654362251885165,"15","ODF2L"
2.66765641211183e-05,0.843828013517446,0.442,0.267,0.677237933342831,"15","DSCR3"
2.7069618473445e-05,0.951672609759219,0.577,0.431,0.687216404185347,"15","PRCP"
2.75392369896202e-05,0.925466853895482,0.471,0.306,0.699138609455488,"15","CYB561"
3.09818331715988e-05,1.10886265329346,0.337,0.187,0.786535798727379,"15","FAM222B"
3.17270792121885e-05,0.954222084656804,0.356,0.197,0.80545535995983,"15","OSTF1"
3.32809963106959e-05,1.02929260443583,0.356,0.198,0.844904653339636,"15","HSD17B11"
3.35423925400917e-05,0.664664785348719,0.587,0.406,0.851540719415308,"15","ID1"
3.41327960375503e-05,0.537304367771359,0.721,0.568,0.866529293005289,"15","ITGAV"
3.4143908345762e-05,0.517611749933181,0.692,0.515,0.86681140117386,"15","PPP2CB"
3.69778497256891e-05,0.976881068855819,0.288,0.145,0.93875667098607,"15","PLCG1"
3.76520438442e-05,0.643470155808633,0.587,0.41,0.955872437072707,"15","GOLPH3"
3.87874282881205e-05,0.611727929195185,0.635,0.487,0.984696441950516,"15","ATF6"
4.06023098475513e-05,1.01845294421633,0.308,0.159,1,"15","FOXO1"
4.07229290584871e-05,0.652484451223438,0.558,0.357,1,"15","BAZ1A"
4.30204135267731e-05,0.632978599798313,0.606,0.438,1,"15","STK25"
4.30764686134946e-05,0.850905418688442,0.442,0.281,1,"15","MARCH5"
4.53267034546838e-05,1.31091716119242,0.25,0.123,1,"15","DENND6A"
4.62953484457682e-05,0.578985051748186,0.673,0.504,1,"15","AKT3"
4.98351402365022e-05,0.893168890963138,0.452,0.296,1,"15","PGM2"
5.03013381799907e-05,0.77209133138531,0.49,0.319,1,"15","ITSN2"
5.20066205863184e-05,0.907674301405229,0.365,0.208,1,"15","TRIB1"
5.37127759324857e-05,1.31177902403988,0.25,0.124,1,"15","GLCE"
5.8106357446775e-05,0.828704786261335,0.404,0.239,1,"15","RGL1"
5.86661991604906e-05,0.664659666647932,0.567,0.387,1,"15","IL4R"
6.02658825286951e-05,0.566048706508195,0.644,0.445,1,"15","CDH13"
6.1353310421997e-05,0.59735241360231,0.635,0.447,1,"15","KLF10"
6.15180739352203e-05,0.911560036473511,0.356,0.199,1,"15","ORAI1"
6.92157999221214e-05,0.861856635376516,0.385,0.226,1,"15","CEBPG"
7.07897372823377e-05,0.861510123638262,0.413,0.25,1,"15","ORAI2"
7.35326093842369e-05,0.706803029243092,0.519,0.349,1,"15","NKIRAS2"
8.00686221291874e-05,1.19041450596789,0.288,0.157,1,"15","HERC1"
8.3933375033981e-05,0.892176604422227,0.385,0.227,1,"15","ZNF267"
8.45186137988055e-05,0.51466951579568,0.625,0.408,1,"15","FILIP1L"
8.62076789254745e-05,0.898849995551009,0.346,0.194,1,"15","MFHAS1"
8.7714261431991e-05,0.849061427912464,0.433,0.272,1,"15","ACOT7"
8.7802956506734e-05,0.775319448228345,0.51,0.354,1,"15","SNX12"
8.91112834660036e-05,0.733162403139278,0.49,0.311,1,"15","STAT5A"
8.97279682207434e-05,0.856035575644103,0.423,0.267,1,"15","SVIL"
9.01268588158802e-05,0.562539761131234,0.663,0.495,1,"15","ADAM9"
9.32207360300919e-05,0.774718219114952,0.423,0.258,1,"15","TBX3"
9.59263993042718e-05,0.756117010924956,0.51,0.35,1,"15","GSDMD"
0.000100698496897287,0.642534241360869,0.519,0.341,1,"15","MLXIP"
0.000107823314987796,0.755357472379462,0.452,0.282,1,"15","CCND3"
0.000111829672866219,0.520053118284455,0.683,0.55,1,"15","TNFRSF10B"
0.000122890615567217,0.696664887652122,0.481,0.314,1,"15","HIPK3"
0.000127052483904628,0.9521031027265,0.365,0.22,1,"15","AFDN"
0.0001288249361598,0.725995519108261,0.529,0.371,1,"15","FEM1B"
0.000142052855858869,0.579087788989919,0.663,0.53,1,"15","EIF4EBP1"
0.000148223338729351,0.972013268498676,0.288,0.154,1,"15","PPIAP31"
0.000148243352598903,0.93429479947185,0.346,0.211,1,"15","LIPA"
0.000157622697317393,0.685902717735097,0.5,0.348,1,"15","CREM"
0.000157832790150715,0.643199745555567,0.529,0.381,1,"15","TGFBR2"
0.000173012982423319,1.01226344630572,0.337,0.199,1,"15","SLC9A1"
0.000175570780497341,0.692610050916884,0.49,0.328,1,"15","LASP1"
0.000201804950911058,0.55371648484299,0.635,0.474,1,"15","RHOG"
0.000203633817485859,0.589359869138863,0.558,0.375,1,"15","MYO1D"
0.000203694086553333,0.817860594628019,0.346,0.201,1,"15","TJP1"
0.000205807243918624,0.975492429534388,0.288,0.157,1,"15","NAGA"
0.000224586706467141,0.928809687393914,0.337,0.196,1,"15","MOB2"
0.000227965905211886,0.906911279896858,0.337,0.195,1,"15","TSPAN9"
0.00022907479189258,0.631777256657304,0.625,0.523,1,"15","IVNS1ABP"
0.000249994895514141,0.875965842003063,0.337,0.201,1,"15","RNF44"
0.000255979378329839,0.726841738437492,0.365,0.217,1,"15","LRCH1"
0.000257527019938936,0.891183459557592,0.317,0.181,1,"15","STYX"
0.000262440518187751,0.676572008323199,0.462,0.301,1,"15","DDAH2"
0.000276668159509622,0.603390700264657,0.529,0.366,1,"15","HRH1"
0.000277906982738566,0.951686247303678,0.327,0.193,1,"15","SMG5"
0.000279758183104147,0.631934501403899,0.51,0.357,1,"15","ELMSAN1"
0.000281496048948578,0.699819574509918,0.51,0.356,1,"15","NAP1L1P3"
0.000293510786995348,1.02877795173113,0.279,0.152,1,"15","TNFRSF10A"
0.00029358747036505,0.892130849047265,0.433,0.291,1,"15","KIF13A"
0.000308223750882887,0.505513706327462,0.615,0.448,1,"15","PTBP3"
0.000320220131997523,0.628878288671574,0.442,0.281,1,"15","NID1"
0.000323636680363789,1.01680729343064,0.279,0.154,1,"15","CEP68"
0.000325222028726781,0.800021325039686,0.365,0.224,1,"15","AKAP17A"
0.000332769008922793,0.967780513765591,0.269,0.146,1,"15","CDK2AP1"
0.000340792562509064,0.898808936202655,0.337,0.201,1,"15","CDS2"
0.000342011853086971,0.626635292124949,0.51,0.356,1,"15","STX12"
0.000350599701782957,0.941710029105844,0.25,0.131,1,"15","RCC2"
0.000357131601959314,0.88063911004878,0.308,0.177,1,"15","SLMAP"
0.00036184837253002,0.902867723693995,0.317,0.185,1,"15","RAP2B"
0.000379340771433393,0.546543993994204,0.577,0.429,1,"15","CREG1"
0.000389641679488187,0.870293715437758,0.308,0.178,1,"15","CSNK1G1"
0.00039407515278987,0.669855136137262,0.538,0.428,1,"15","RAP1A"
0.00039629389998136,0.505694428554334,0.692,0.573,1,"15","LAPTM4B"
0.000397725226359596,0.568071751253785,0.567,0.395,1,"15","INF2"
0.000436445813412417,0.661062535876456,0.49,0.343,1,"15","BCL10"
0.00044477307726262,0.585462988753431,0.615,0.453,1,"15","HDGFL3"
0.000453471526592889,0.657601876861041,0.5,0.346,1,"15","JOSD1"
0.000455814349315075,0.737040910241597,0.442,0.31,1,"15","AP1B1"
0.000462685222198045,1.02755700691979,0.279,0.157,1,"15","RHBDF2"
0.000467528506378644,0.801801530224465,0.365,0.234,1,"15","AK1"
0.000507400953020557,1.01791519124316,0.279,0.159,1,"15","RMND5A"
0.00052698852082789,0.647248943465327,0.375,0.228,1,"15","IQSEC1"
0.00053517621476806,0.658182214069289,0.471,0.315,1,"15","KLHL36"
0.000552623119606697,0.6714820854246,0.423,0.27,1,"15","JMJD1C"
0.000567008705485379,0.797207521157838,0.404,0.272,1,"15","WWC3"
0.000591838930190244,0.544380023720883,0.49,0.325,1,"15","CDKN1B"
0.000594593106085744,0.782322712020897,0.394,0.246,1,"15","MAPKAPK5-AS1"
0.000618530014229282,0.889077860845905,0.308,0.182,1,"15","AFAP1"
0.000623205816606237,0.688445503442126,0.404,0.255,1,"15","POGK"
0.000629431744522139,0.92768957320932,0.25,0.135,1,"15","CRYL1"
0.000648075338860449,0.599010129333397,0.538,0.389,1,"15","ARHGAP21"
0.000658459561089749,0.639503535108632,0.442,0.297,1,"15","TGFB1"
0.000670037296176136,0.755444490121045,0.462,0.333,1,"15","TMSB4XP8"
0.000673458919997748,0.755262166792645,0.317,0.187,1,"15","CDC42EP2"
0.000677134194529061,0.651871095650938,0.462,0.318,1,"15","TPRG1L"
0.000718639479597075,0.808724454975711,0.298,0.171,1,"15","SERINC2"
0.000759124632931896,0.710414127455811,0.442,0.304,1,"15","KLHDC3"
0.000763705777810276,0.753873227767538,0.327,0.191,1,"15","DROSHA"
0.000765981013434254,0.757104668488304,0.346,0.214,1,"15","AGPAT5"
0.000771745357068877,0.623332996700071,0.385,0.241,1,"15","MICAL2"
0.00079155225592873,0.795184264282668,0.308,0.18,1,"15","CHST3"
0.000830030249415452,0.742710937583816,0.356,0.219,1,"15","DUSP22"
0.000834535334078746,0.572768850124644,0.5,0.343,1,"15","CYB5A"
0.000908808393358939,0.62695992619444,0.51,0.352,1,"15","EPN2"
0.000913842335729495,0.537481323650986,0.529,0.386,1,"15","ADAM15"
0.000950481533341846,0.808164399623347,0.288,0.163,1,"15","FAM174B"
0.000952149349096095,0.594196712591908,0.577,0.438,1,"15","FURIN"
0.000963311896408185,0.816652014396687,0.385,0.252,1,"15","BIRC6"
0.000987347734666103,0.81831312490624,0.394,0.271,1,"15","IDH2"
0.000989492880115608,0.914622761219675,0.327,0.206,1,"15","HOXD8"
0.000999970229961378,0.597541587070911,0.462,0.307,1,"15","PTK2"
0.0010360125201873,0.925688969254627,0.337,0.219,1,"15","JCAD"
0.00107056447932333,0.714000140171809,0.327,0.198,1,"15","PRKAG2"
0.00107379807193266,0.927333484372395,0.279,0.164,1,"15","FZR1"
0.00112333061048759,0.524605276489486,0.404,0.257,1,"15","PPP1R15B"
0.0011533593953906,0.708652745719062,0.308,0.18,1,"15","ZNF264"
0.00120196299328699,0.62561251001566,0.452,0.324,1,"15","RAB29"
0.00121194510663858,0.662814355276063,0.413,0.274,1,"15","CBFB"
0.00124031698117714,0.514449340521311,0.519,0.365,1,"15","FYTTD1"
0.00128057561671832,0.641363202486579,0.375,0.243,1,"15","PIK3R1"
0.00128187839974863,0.668460920686759,0.49,0.344,1,"15","SNHG7"
0.0012981461704016,0.664532685544358,0.423,0.29,1,"15","TP53"
0.00129996961153337,0.962112865543528,0.317,0.199,1,"15","LMBR1L"
0.00131180661990485,0.622924769793116,0.462,0.32,1,"15","NR2F2"
0.00133369681072398,0.507422390433127,0.587,0.472,1,"15","CARS"
0.00133741873631161,0.673669980502035,0.5,0.362,1,"15","RAB12"
0.00133962934652555,0.733566408388008,0.385,0.256,1,"15","SMG7"
0.00140451704105261,0.770890280861587,0.365,0.241,1,"15","STAT5B"
0.00142341557716478,0.544999846551768,0.481,0.329,1,"15","ERC1"
0.00151857010708343,0.512314085874512,0.606,0.506,1,"15","CCNY"
0.0015280412167646,0.714031856408858,0.433,0.3,1,"15","RRAGC"
0.00153793268814936,0.806618438218569,0.413,0.295,1,"15","COMMD2"
0.00160271858522006,0.530005097297183,0.558,0.429,1,"15","MEF2A"
0.00160359506369621,0.587224776345514,0.462,0.325,1,"15","RANBP2"
0.00169328076859743,0.72235850236914,0.365,0.24,1,"15","NFKBIE"
0.00172629545148383,0.634119668978822,0.327,0.198,1,"15","ZFYVE16"
0.00173012408310136,0.800271425168488,0.288,0.179,1,"15","SIPA1"
0.00174980503883212,0.540231757426982,0.519,0.38,1,"15","SHOC2"
0.00175733938526558,0.873042522242954,0.25,0.144,1,"15","RAB3IL1"
0.00179838602034114,0.811009528821031,0.298,0.182,1,"15","ELF4"
0.00186955455761782,0.594386873649145,0.423,0.293,1,"15","CTTNBP2NL"
0.00195113512584618,0.774554146106406,0.356,0.231,1,"15","LIMCH1"
0.00195191987910311,0.620197137846202,0.423,0.304,1,"15","CNDP2"
0.00195346631936507,0.659707504124925,0.385,0.261,1,"15","SMARCD1"
0.00197431289149447,0.846404708501125,0.317,0.199,1,"15","NABP1"
0.00201515209578782,0.543051284503275,0.49,0.357,1,"15","AP2A2"
0.00202013113247585,0.58240085602273,0.481,0.345,1,"15","DCTN5"
0.00204604639993004,0.585870109830206,0.51,0.392,1,"15","EIF2B2"
0.00212006934574289,1.02650709323804,0.25,0.147,1,"15","HOXD9"
0.00212856818063897,0.519942504386404,0.577,0.466,1,"15","SREBF2"
0.002313031628822,0.528867982850259,0.519,0.364,1,"15","PDS5A"
0.00234386637789094,0.597455156455241,0.423,0.285,1,"15","SAMD4A"
0.00235959813032059,0.508482032517575,0.577,0.419,1,"15","C6orf106"
0.00246334887099072,0.558557421289298,0.49,0.351,1,"15","CSNK1G2"
0.00248856234353955,0.936468276284906,0.269,0.165,1,"15","SIAH1"
0.00254737024229568,0.769302490865175,0.288,0.178,1,"15","CDC42SE2"
0.00259234112015373,0.594896528729464,0.5,0.38,1,"15","TFPI"
0.00263030268133413,0.673595656781956,0.279,0.167,1,"15","FADS2"
0.00263724863295306,0.561141350048481,0.51,0.387,1,"15","TGFBR1"
0.00272851981217182,0.602591289389279,0.413,0.283,1,"15","KBTBD2"
0.00280377615272053,0.535160136638071,0.529,0.402,1,"15","PARVB"
0.00284412137685137,0.566162572459622,0.49,0.368,1,"15","KPNA3"
0.00295178143046959,0.691734413253128,0.413,0.286,1,"15","MBNL2"
0.00295888438593328,0.531448488181985,0.49,0.362,1,"15","PSMD10"
0.00295905043675229,0.508840529897058,0.51,0.366,1,"15","CD320"
0.00296036964758264,0.69904440640707,0.298,0.181,1,"15","TPST2"
0.00305183364156657,0.558871126105808,0.413,0.279,1,"15","BANP"
0.00315938416942152,0.689674712946956,0.337,0.225,1,"15","FADS3"
0.00320963448457186,0.700028634716052,0.337,0.215,1,"15","ARNTL2"
0.00326796096309517,0.686851596719116,0.375,0.249,1,"15","KLHL5"
0.00326942602115394,0.576451152347025,0.365,0.245,1,"15","CTDSPL2"
0.00331886389434667,0.763634505102567,0.288,0.186,1,"15","INTS5"
0.00345664089769403,0.635312770843501,0.288,0.175,1,"15","RAP1GDS1"
0.00367505143915958,0.653208433745616,0.356,0.242,1,"15","TLNRD1"
0.00369899248973034,0.519282413818421,0.462,0.335,1,"15","PTPRE"
0.00390735065127059,0.769754597575479,0.279,0.174,1,"15","RELT"
0.00397117054064662,0.572199559266708,0.452,0.325,1,"15","KAT6A"
0.00397982486363989,0.509842573171023,0.481,0.345,1,"15","LYPLA2"
0.00400727730625511,0.781319584792106,0.279,0.176,1,"15","CMTM7"
0.00412652221569869,0.636817638374884,0.308,0.196,1,"15","WWP1"
0.00420869166657089,0.789952751731325,0.317,0.213,1,"15","HSPB8"
0.004251947389038,0.571491963263393,0.423,0.306,1,"15","KANK1"
0.00428206090035986,0.586296355651152,0.356,0.234,1,"15","ZNF330"
0.00444520247109543,0.731217696618434,0.25,0.15,1,"15","ATXN1L"
0.00454627032789262,0.842455339650526,0.279,0.176,1,"15","WTIP"
0.00455856288316015,0.69790411251539,0.308,0.203,1,"15","BMP6"
0.00460813044241522,0.808866331955227,0.269,0.17,1,"15","JAM2"
0.0047043016486809,0.564734566536366,0.433,0.312,1,"15","ICAM1"
0.0051838340955092,0.514396689444009,0.375,0.258,1,"15","DNAJC2"
0.00548777421628948,0.579971138419739,0.423,0.31,1,"15","ABRACL"
0.00550445609206904,0.522713533400602,0.433,0.298,1,"15","CCNDBP1"
0.00558472404803829,0.713296573009322,0.394,0.293,1,"15","WWC2"
0.00560271181582347,0.609409453971471,0.404,0.289,1,"15","STX6"
0.00562035267938802,0.525586471712361,0.462,0.35,1,"15","DIMT1"
0.00575433917294065,0.644543244996428,0.337,0.221,1,"15","PSAT1"
0.00582779616790449,0.819891422921738,0.26,0.165,1,"15","EOGT"
0.00590807653583856,0.691570188704239,0.327,0.221,1,"15","NLRP1"
0.00592599097080915,0.591300145561426,0.404,0.288,1,"15","KRAS"
0.00618959639888984,0.518369623943629,0.356,0.234,1,"15","SOS2"
0.00624028116785416,0.605685259677732,0.365,0.26,1,"15","ANKRD40"
0.00656517256521325,0.767832461719097,0.298,0.192,1,"15","FAM160B1"
0.00671106970507123,0.518939353057013,0.442,0.322,1,"15","TCF12"
0.00673072061974687,0.595740059940068,0.327,0.218,1,"15","TAOK2"
0.00695202324471229,0.62480469057698,0.385,0.28,1,"15","PARP12"
0.00700431705471445,0.667932301546432,0.26,0.159,1,"15","METTL6"
0.00710558863265948,0.708925897353225,0.288,0.19,1,"15","KLF3"
0.00745247164463868,0.671059158660416,0.269,0.17,1,"15","APC"
0.00776077711853674,0.775294098220833,0.308,0.21,1,"15","DPY19L1"
0.00799200234453627,0.747889081639213,0.288,0.191,1,"15","XXYLT1"
0.00799694162293412,0.683866836361792,0.327,0.224,1,"15","TDG"
0.00800999286887708,0.633614921910461,0.298,0.195,1,"15","NEDD4L"
0.00801993098805663,0.512055897670907,0.433,0.32,1,"15","KIF1B"
0.00816279107388365,0.580429432836226,0.346,0.24,1,"15","HPRT1"
0.00856704064247682,0.599343488403481,0.308,0.202,1,"15","C11orf84"
0.0085818533410141,0.770468180869542,0.327,0.227,1,"15","FGD5"
0.00868155726125341,0.587778039768614,0.327,0.22,1,"15","ZCCHC2"
0.00894136480905256,0.526608009725989,0.404,0.283,1,"15","RRP7A"
0.0090684613362138,0.62286060481967,0.404,0.305,1,"15","TSPAN6"
0.00910225546004901,0.771830229538938,0.25,0.159,1,"15","INPP5K"
0.00955327217893208,0.643794608075407,0.26,0.163,1,"15","RNF2"
0.00961716146854822,0.586300414838257,0.404,0.303,1,"15","CDR2L"
0.00991560078801463,0.629628459266821,0.317,0.216,1,"15","ZNF521"
0,9.83125389712338,0.9,0.002,0,"16","CDH19"
0,8.3113970473164,0.8,0.006,0,"16","S100B"
0,8.12486914168255,0.7,0.004,0,"16","ADGRG6"
0,11.2918590173378,0.6,0,0,"16","GFRA3"
0,8.84630731280997,0.6,0.003,0,"16","CEACAM1"
0,10.0691885985166,0.5,0,0,"16","ABCB5"
0,9.98426450281033,0.5,0.001,0,"16","PMP2"
0,12.0489021100414,0.4,0,0,"16","FRMD5"
4.86830920159726e-314,9.35178401225118,0.4,0.001,1.2359176570095e-309,"16","AC141557.1"
3.97005985360905e-307,10.9595993030289,0.25,0,1.00787909503573e-302,"16","FOXD3"
1.38806742928716e-300,9.5239584560993,0.35,0.001,3.5238867827313e-296,"16","PTPRZ1"
1.00025024099152e-294,10.5671770707525,0.3,0,2.53933528680517e-290,"16","SOX2"
3.06677870367753e-263,8.94503552723658,0.5,0.003,7.78563109502613e-259,"16","ERBB3"
1.05837048090672e-257,9.21087241306275,0.35,0.001,2.68688513987789e-253,"16","FOXD3-AS1"
1.72822013354257e-230,9.27827628635554,0.25,0,4.38743245302453e-226,"16","ENTHD1"
8.38488490155929e-203,7.23389955999142,0.9,0.015,2.12867072995886e-198,"16","PLP1"
7.66983321299258e-196,7.68126386163373,0.85,0.014,1.94714055778243e-191,"16","NGFR"
1.7052437893534e-184,8.77139253144349,0.25,0.001,4.32910240803149e-180,"16","GRIK2"
8.18816154865775e-175,7.9737434447303,0.55,0.006,2.07872857235774e-170,"16","ASPA"
1.5319515922304e-174,7.43164222392669,0.55,0.006,3.88916550719531e-170,"16","LINC02367"
1.8889930021163e-150,7.87160143580396,0.35,0.003,4.79558653447264e-146,"16","CHL1"
1.27945560816438e-134,6.67522781100971,0.55,0.008,3.24815395244691e-130,"16","NLGN4X"
1.62599814867537e-133,7.23920354084821,0.35,0.003,4.12792150004217e-129,"16","DLX1"
8.26479345130934e-116,6.11207232014058,0.95,0.032,2.0981831134839e-111,"16","HLA-DRA"
1.11231892499773e-112,7.01804910295107,0.35,0.004,2.82384405489174e-108,"16","HLA-DRB5"
3.07829767428015e-89,5.56530629152446,0.95,0.042,7.81487430569501e-85,"16","ANK3"
5.41816436727164e-84,6.64175366571722,0.35,0.005,1.37550938791925e-79,"16","COL9A3"
2.14141725706564e-82,6.40173108177623,0.45,0.009,5.43641599051254e-78,"16","SHC4"
2.03266004607691e-80,7.19745509087163,0.25,0.003,5.16031405897544e-76,"16","NRXN3"
5.46139552320666e-71,5.92408462304059,0.65,0.024,1.38648448147647e-66,"16","SEMA3B"
3.9608937155597e-64,5.40954376672731,0.5,0.015,1.00555208756914e-59,"16","EDNRB"
1.50728073468866e-61,6.49231495831504,0.25,0.004,3.8265336011541e-57,"16","MYOT"
1.06463526308127e-49,5.04284289593683,1,0.096,2.70278954238443e-45,"16","CD74"
1.56759923029243e-49,6.00629092330417,0.35,0.01,3.9796641659434e-45,"16","DBNDD1"
3.92831226559766e-47,4.88582520041992,0.9,0.078,9.97280634867278e-43,"16","ITGA6"
5.34318885672337e-47,5.48297177085071,0.55,0.027,1.35647535505636e-42,"16","CADM4"
1.80820132366496e-44,5.68320120213626,0.55,0.028,4.59048070038824e-40,"16","BTC"
7.62432196015206e-43,4.57992930730507,1,0.11,1.9355866160238e-38,"16","HLA-DRB1"
1.60712144019142e-40,5.11584465177182,0.5,0.026,4.07999920021395e-36,"16","MERTK"
4.86478184416378e-38,4.79871015871824,0.7,0.055,1.23502216677786e-33,"16","NOV"
9.84425022875088e-36,5.92628952192029,0.35,0.014,2.49915980557299e-31,"16","COL9A2"
4.65945870808376e-35,4.68162428559046,0.65,0.051,1.18289678222122e-30,"16","CNKSR3"
6.98021980923426e-35,5.61466941385122,0.3,0.01,1.7720684029703e-30,"16","TRPV3"
1.39104445757419e-34,4.92136222436485,0.4,0.019,3.53144456444359e-30,"16","OLFML2A"
2.11680978391302e-32,4.29299778685848,0.7,0.064,5.37394499841998e-28,"16","MDGA1"
3.76690587214422e-32,4.34106529872342,0.75,0.077,9.56304393761253e-28,"16","NES"
8.93007687746692e-29,4.19635187965104,0.65,0.062,2.26707861688253e-24,"16","RUNX2"
1.3533040594636e-28,4.12415380346827,0.6,0.052,3.43563301576024e-24,"16","BCL2"
2.73469173657892e-28,4.76111544134192,0.35,0.018,6.94256191165289e-24,"16","MIA"
5.67841852727597e-26,3.38917562979527,0.9,0.139,1.44158011151955e-21,"16","VWA1"
6.82131992428079e-26,4.97056965176559,0.3,0.014,1.73172848917716e-21,"16","GFRA1"
7.24810857860656e-26,4.63467349494653,0.25,0.01,1.84007732485085e-21,"16","HOXB7"
9.54858477946665e-25,5.42149905717276,0.25,0.01,2.4240992179632e-20,"16","HLA-DQA1"
2.3685783045074e-24,3.90703670660535,0.7,0.087,6.01310974165293e-20,"16","GPAT3"
2.18635490960915e-23,3.77492650426178,0.6,0.063,5.55049920902475e-19,"16","TSPAN11"
4.99839142158815e-23,4.374694192327,0.3,0.016,1.26894163019858e-18,"16","ADAM23"
1.90306501655623e-22,3.60142736500627,0.9,0.184,4.83131115753131e-18,"16","GAP43"
2.10154055546456e-22,3.86353780840256,0.4,0.029,5.33518100815787e-18,"16","PCDH1"
3.98179036709509e-22,3.42915211731261,0.9,0.174,1.01085712049443e-17,"16","GPM6B"
4.31436370045403e-22,4.64769806785669,0.3,0.017,1.09528751263427e-17,"16","BMP8B"
8.72382659465899e-21,3.56394252687696,0.65,0.085,2.21471785758608e-16,"16","TFAP2A"
1.26799165471523e-20,4.88104791320101,0.25,0.013,3.21905041382555e-16,"16","NRCAM"
2.85627086555375e-20,3.15873432076183,0.95,0.221,7.25121484638131e-16,"16","GAS7"
1.68598859419592e-19,4.91225231365282,0.35,0.026,4.28021924408518e-15,"16","HSPA12A"
1.49627865878686e-18,3.83543562114746,0.45,0.045,3.7986026310622e-14,"16","SOX6"
3.48106664849287e-18,3.71952066120521,0.6,0.084,8.83738390052885e-14,"16","KHDRBS3"
5.34826445563408e-18,4.28481054342779,0.25,0.014,1.35776389735182e-13,"16","MTMR9LP"
2.39000122360191e-17,4.5946581565,0.3,0.022,6.06749610635816e-13,"16","RNF150"
2.43077837039134e-17,2.98564446906601,0.8,0.154,6.17101704891249e-13,"16","TRAF1"
6.99093764519824e-17,4.29349556216301,0.35,0.03,1.77478933998648e-12,"16","RAB38"
1.03646805972962e-16,2.78264452976437,1,0.389,2.63128146323558e-12,"16","ITGB8"
4.71465131845502e-16,3.30251008691475,0.6,0.092,1.19690853021618e-11,"16","KAT2B"
2.01629252830853e-15,3.51922153771834,0.45,0.053,5.11876184161686e-11,"16","SEL1L3"
4.84822619601244e-15,3.36971606326693,0.7,0.147,1.23081918438168e-10,"16","ENDOD1"
5.22949607021495e-15,3.41722533313646,0.65,0.117,1.32761216734547e-10,"16","SESN3"
7.01255691236963e-15,3.3301482007461,0.75,0.176,1.78027782334328e-10,"16","TMEM59L"
1.67187139147682e-14,3.30042377090887,0.6,0.104,4.24437990154221e-10,"16","CAPS"
1.72571377372376e-14,4.26361491089206,0.25,0.018,4.38106955735252e-10,"16","FIGN"
1.3161042792985e-13,3.34826156009348,0.3,0.027,3.3411939338551e-09,"16","TCIM"
1.61406022502725e-13,4.2310762348185,0.35,0.039,4.09761469327668e-09,"16","TMOD2"
4.06186764375779e-13,2.9402790018165,0.7,0.155,1.03118633872079e-08,"16","MEGF9"
4.77213148349248e-13,3.77073471307262,0.35,0.039,1.21150101971424e-08,"16","GNG2"
2.06148077000348e-12,3.53265361491255,0.5,0.084,5.23348123080784e-08,"16","ITGA3"
2.84881537072801e-12,4.25487680597521,0.25,0.022,7.23228758166721e-08,"16","PLEKHG1"
3.05752227448902e-12,4.38525759845394,0.25,0.022,7.76213179824528e-08,"16","NKILA"
4.80174891511632e-12,2.77907000047625,0.8,0.276,1.21901999708058e-07,"16","DAG1"
5.52668818191659e-12,3.10869694965198,0.65,0.149,1.40306032874316e-07,"16","ATF3"
6.10587832591123e-12,1.87673724994064,1,0.633,1.55009933059908e-07,"16","PMEPA1"
6.39208771328781e-12,1.97246422701201,1,0.44,1.62275930777238e-07,"16","MAP1B"
8.96198287280232e-12,3.74377574938956,0.35,0.043,2.27517859191833e-07,"16","TSPAN15"
2.0478069450854e-11,4.17728828685275,0.25,0.023,5.19876749148832e-07,"16","MMP15"
2.84498281845563e-11,1.96380527972981,1,0.545,7.2225578812133e-07,"16","CRYAB"
2.97846469933207e-11,2.72196952027559,0.75,0.229,7.56142833219433e-07,"16","RGS16"
3.45368671079955e-11,2.4801485891837,0.65,0.148,8.76787445270682e-07,"16","MCAM"
3.47596082830319e-11,4.08433042854792,0.35,0.047,8.8244217548133e-07,"16","TENM3"
6.55584802420338e-11,2.36623890610472,0.85,0.335,1.66433313790451e-06,"16","MAF"
1.09130647161243e-10,1.72913237530009,1,0.639,2.77049973948249e-06,"16","RDX"
1.1456708009394e-10,3.84175518700154,0.35,0.048,2.90851446234486e-06,"16","KIAA1549L"
1.20746610215861e-10,4.0263450031123,0.25,0.025,3.06539419355006e-06,"16","ENPP4"
1.24287649407045e-10,4.03934210777745,0.3,0.035,3.15529055549666e-06,"16","NPTX1"
3.11311561904355e-10,2.37694230879975,0.8,0.288,7.90326662206586e-06,"16","PEPD"
7.86049009127962e-10,3.37191671084274,0.35,0.052,1.99554261947316e-05,"16","FGL2"
8.9283672164205e-10,1.7343382620906,0.95,0.518,2.26664458523267e-05,"16","COL8A1"
1.09404806530331e-09,1.70652350413799,0.95,0.529,2.77745982338551e-05,"16","CRLF1"
1.48233054221746e-09,2.08645331622967,0.8,0.269,3.76319254752746e-05,"16","CTSC"
1.92438513587874e-09,1.71049307602258,0.95,0.569,4.88543654445535e-05,"16","TIMP3"
1.09891725994943e-08,1.01029599235828,1,0.871,0.000278982124783361,"16","PMP22"
1.23779410618046e-08,2.70831721214007,0.6,0.176,0.000314238789736035,"16","EHBP1"
1.82660441243341e-08,2.34090926750132,0.7,0.237,0.000463720062184469,"16","MARCKSL1"
3.43739253757137e-08,2.80588462712001,0.35,0.061,0.000872650843513243,"16","KCNN4"
3.69025090232282e-08,2.44689210754967,0.5,0.12,0.000936843996572695,"16","MMP19"
4.36321822113649e-08,2.3374216061896,0.55,0.149,0.00110769020979992,"16","PKNOX2"
4.65793631773096e-08,2.408740567121,0.25,0.032,0.00118251029298236,"16","IL1A"
4.94366620336396e-08,2.43648037348755,0.6,0.174,0.00125504853904801,"16","DDR1"
5.00019881338809e-08,1.42825350484415,0.95,0.663,0.00126940047275483,"16","BIRC3"
6.63380885629267e-08,2.00394271193771,0.85,0.411,0.00168412505434702,"16","GPC1"
6.88422026112563e-08,3.42929241582507,0.3,0.048,0.00174769699769196,"16","PLLP"
7.79977610765725e-08,2.93538650055279,0.4,0.083,0.00198012916045095,"16","HDAC9"
9.47363476537788e-08,3.53124338804858,0.35,0.067,0.00240507165788648,"16","LINC00511"
1.16709652420244e-07,3.07281114069913,0.3,0.049,0.00296290794599275,"16","ZNF608"
1.36437491585842e-07,2.07311309596883,0.7,0.262,0.00346373859888978,"16","PLEKHA5"
2.25546262817127e-07,3.73561762903644,0.25,0.036,0.0057259429741384,"16","TMTC2"
3.34218551380302e-07,1.79852244856449,0.85,0.424,0.00848480636389174,"16","CDC42EP1"
4.09519903558233e-07,3.24681214782977,0.3,0.053,0.0103964817916328,"16","HLA-DMA"
4.54674541504877e-07,2.77748934464764,0.4,0.091,0.0115428225851843,"16","KIF13B"
6.62231173524429e-07,1.10859598511198,0.95,0.729,0.0168120628022647,"16","KLF9"
7.78428450001119e-07,1.14191494124674,0.95,0.693,0.0197619630601784,"16","CTNNA1"
8.94580091830772e-07,1.34924144139543,0.9,0.544,0.0227107047913078,"16","S100A16"
9.35065712276548e-07,2.01266247102838,0.65,0.224,0.0237385132375647,"16","GADD45B"
9.38535202119069e-07,2.58766486545697,0.45,0.118,0.0238265931761968,"16","ITPK1"
1.00781954693447e-06,1.43232882991119,0.85,0.396,0.0255855148380253,"16","CYSTM1"
1.13468212844534e-06,0.754217161015544,0.95,0.914,0.0288061751948419,"16","CTSD"
1.27311013908107e-06,2.69523713429302,0.4,0.096,0.0323204471008511,"16","MATN2"
1.27975698905422e-06,1.62837201812721,0.8,0.48,0.0324891906811194,"16","COL7A1"
1.29804122704625e-06,1.14215148844561,0.95,0.684,0.0329533726310232,"16","PDLIM4"
1.33754447111549e-06,3.3648160436061,0.25,0.041,0.0339562414882089,"16","TMEM132B"
1.47081183992726e-06,1.16322249966941,0.9,0.618,0.0373395001802335,"16","OAF"
1.59418707022032e-06,2.64976090511923,0.3,0.054,0.0404716271516833,"16","GDNF"
2.37776383229009e-06,3.28180578646296,0.25,0.042,0.0603642904103486,"16","CD83"
2.57408009003751e-06,2.63783824906393,0.3,0.057,0.0653481712457822,"16","SORT1"
2.79407854959326e-06,2.69869333709982,0.35,0.078,0.070933272138524,"16","ST6GAL1"
2.962899249647e-06,2.04263001622126,0.7,0.312,0.0752191232507883,"16","FNIP2"
2.97245946653198e-06,2.61106409489322,0.4,0.101,0.0754618284768474,"16","LYST"
3.78101766478947e-06,1.354174716889,0.9,0.573,0.0959886954560103,"16","GSN"
3.94138519093393e-06,1.87257832009421,0.65,0.264,0.10005994584224,"16","CELF2"
4.96811012827403e-06,1.63733413477649,0.75,0.299,0.126125411826493,"16","LGALS3BP"
5.56067781415253e-06,3.02192687600709,0.25,0.044,0.14116892766789,"16","GRASP"
6.00072060180578e-06,1.13848445608967,0.95,0.69,0.152340293918043,"16","SERTAD2"
6.31799476044611e-06,1.87237888853257,0.55,0.183,0.160394932983445,"16","GJC1"
6.5185006609371e-06,1.64094809595662,0.75,0.391,0.16548517627921,"16","C1orf198"
7.08949399610634e-06,1.94325262893192,0.55,0.194,0.179980984079152,"16","RNF34"
8.46170303370129e-06,1.86948443583396,0.7,0.287,0.214817254916575,"16","MBNL2"
8.71374132985642e-06,2.43847552136202,0.3,0.063,0.221215751141065,"16","ZNRF2"
8.89081453991513e-06,1.67421048710654,0.8,0.448,0.225711108724826,"16","SH3PXD2A"
9.12853076100242e-06,3.13474031695436,0.25,0.046,0.231746010429568,"16","FAM83H"
9.34135364294526e-06,2.22445039562773,0.45,0.135,0.237148944933451,"16","PPT2"
9.36207374025013e-06,2.38129765819431,0.4,0.107,0.23767496604373,"16","ACAP3"
9.69516675675097e-06,0.767567379385746,1,0.827,0.246131198453637,"16","APP"
9.75583907204024e-06,2.21957131005944,0.4,0.107,0.247671486521886,"16","TEX2"
9.92981284820126e-06,2.30456726966661,0.55,0.207,0.252088158777285,"16","TNS3"
1.2250467580819e-05,3.36780265026335,0.25,0.047,0.311002620474252,"16","PRDM16"
1.22788558411653e-05,1.65660022949208,0.85,0.538,0.311723313239663,"16","RHOBTB3"
1.2754448925864e-05,2.1003813439149,0.5,0.159,0.323797194880909,"16","TLE1"
1.7679963723004e-05,2.46864424148564,0.35,0.088,0.448841239035901,"16","PRKX"
1.83497677793658e-05,1.27209019707268,0.85,0.607,0.465845554614759,"16","CDK16"
2.12358138617819e-05,1.56151813153294,0.8,0.402,0.539113606509056,"16","SPRY2"
2.15420270184188e-05,2.15167272485767,0.35,0.084,0.546887439916598,"16","ADCY9"
2.15956823808655e-05,2.55993749521719,0.4,0.116,0.548249588603032,"16","ADGRG1"
2.26875994047675e-05,2.54122288775309,0.3,0.067,0.575970086088832,"16","SYNM"
2.30255455454302e-05,2.75301157890422,0.25,0.048,0.584549524761835,"16","GFRA2"
2.38840525468985e-05,2.24876221197087,0.45,0.141,0.606344442008112,"16","ID4"
2.39682471318524e-05,2.35045607206467,0.45,0.149,0.608481889936336,"16","SLC20A2"
2.47569928611529e-05,1.27938429353165,0.85,0.522,0.628505777766089,"16","ATOX1"
2.48139761647342e-05,2.53982910246813,0.35,0.088,0.629952412894106,"16","SEMA4D"
2.52427049013652e-05,0.543228794590044,1,0.958,0.640836549330958,"16","NFKBIA"
2.5251305066114e-05,0.830345611527913,0.95,0.836,0.641054881713435,"16","PDPN"
2.87098991311713e-05,0.744331712429482,0.95,0.825,0.728858209243046,"16","CNN3"
3.50879998627378e-05,3.16787031185651,0.3,0.073,0.890779052515325,"16","SERINC5"
3.60765328164442e-05,1.20119618144932,0.9,0.529,0.915874938611069,"16","IRF1"
4.04030492559085e-05,1.91551793053609,0.55,0.208,1,"16","ME2"
4.12395302388779e-05,1.34303484665582,0.8,0.451,1,"16","B4GALT5"
4.2039780754693e-05,1.68489306922045,0.5,0.164,1,"16","CMPK2"
4.56928704566198e-05,1.62893956386487,0.65,0.278,1,"16","ALCAM"
4.84604389931086e-05,2.31123022587343,0.4,0.124,1,"16","DUSP10"
5.26932061736897e-05,0.91933200288794,0.9,0.677,1,"16","CD9"
5.81686039550441e-05,1.81049850957729,0.6,0.276,1,"16","AMOTL1"
6.11607019657879e-05,3.02480423494889,0.25,0.053,1,"16","A2M"
7.18618718023192e-05,1.3388731847803,0.8,0.46,1,"16","WARS"
8.12879330376498e-05,1.37621889493876,0.7,0.302,1,"16","ATP1B1"
9.28571353628913e-05,1.03475391696368,0.9,0.641,1,"16","NUB1"
9.57788191591369e-05,1.01872086822972,0.9,0.625,1,"16","TACC1"
9.70391690394291e-05,1.76409053950017,0.65,0.323,1,"16","HLA-DPB1"
0.000103417448590497,2.33365156283293,0.35,0.101,1,"16","DIP2B"
0.000104296955982925,0.62316549904117,1,0.866,1,"16","H1F0"
0.000105408332851013,1.77426998898249,0.5,0.177,1,"16","ST3GAL4"
0.000117468484786728,1.18854878573681,0.75,0.409,1,"16","ISG20"
0.000118532445154008,1.04412844443961,0.85,0.564,1,"16","SLC44A1"
0.000125278080137745,1.60477819428021,0.55,0.217,1,"16","SRSF8"
0.000127669247275419,1.62877585545445,0.65,0.321,1,"16","NR2F2"
0.000128409620558275,2.48630516529745,0.35,0.107,1,"16","INPP5F"
0.000133591543341405,1.44563985186401,0.65,0.314,1,"16","HES1"
0.00015350349601744,2.36751198301494,0.25,0.055,1,"16","HIVEP3"
0.000156879410509908,1.81467484026248,0.6,0.285,1,"16","GULP1"
0.000170154278998877,1.7492350519305,0.6,0.266,1,"16","SLC1A4"
0.000173766251997522,1.40817745869592,0.7,0.454,1,"16","AP1S2"
0.000179859971415106,1.15581555497028,0.8,0.453,1,"16","BACE2"
0.000180199237337972,2.67642923674321,0.25,0.059,1,"16","MAP3K1"
0.000183475124847621,1.47957663887556,0.8,0.503,1,"16","DKK3"
0.000186695091974072,1.30282464037035,0.7,0.372,1,"16","SMIM29"
0.000203632667354897,2.38275358100953,0.4,0.133,1,"16","NTM"
0.000221978642233904,1.44715432292641,0.65,0.304,1,"16","IPO8"
0.000230448497270888,1.66946795977454,0.55,0.228,1,"16","FMNL3"
0.000235127117894113,1.95891249468756,0.45,0.161,1,"16","TOM1L2"
0.000253224338981624,2.03202065832052,0.4,0.138,1,"16","FAM53B"
0.000264305460803186,1.41508983103439,0.65,0.316,1,"16","KLHL21"
0.000281274311879907,2.32041072737203,0.3,0.084,1,"16","GZF1"
0.000282704999330029,1.55925699974063,0.7,0.418,1,"16","COL4A3BP"
0.000289785066530343,2.11246702639881,0.35,0.106,1,"16","MAP3K11"
0.000291856995175093,2.03762499320307,0.25,0.059,1,"16","TMEM176A"
0.000300030614225997,1.74556587349225,0.55,0.244,1,"16","PIK3R1"
0.000302305688377549,1.24303645254668,0.85,0.57,1,"16","ITGAV"
0.000311234583507847,0.987320827703733,0.85,0.465,1,"16","SP110"
0.000320844597506693,0.698251409255219,0.95,0.781,1,"16","QKI"
0.0003213910145021,0.716219807278771,0.95,0.796,1,"16","NRP2"
0.000321559530547733,0.941693807841452,0.9,0.648,1,"16","IFIH1"
0.00034577737183531,2.24222489693534,0.25,0.061,1,"16","TMEM140"
0.000364660145351053,1.67532359425014,0.5,0.216,1,"16","PLCD3"
0.000373679145175604,1.33087438304776,0.65,0.31,1,"16","FAM129A"
0.000373969519039077,0.619867430244826,1,0.821,1,"16","PPP1R15A"
0.000375422818330524,0.736950801899612,0.9,0.727,1,"16","SPTBN1"
0.000383438619650205,1.09204155109434,0.8,0.494,1,"16","CYLD"
0.000384291417488345,2.05279508257418,0.4,0.144,1,"16","SATB1"
0.000402926373638682,0.632427459343306,1,0.731,1,"16","ANP32A"
0.000408611679618279,2.60544698004462,0.25,0.064,1,"16","FABP5P7"
0.000413771164604056,1.40142638220657,0.6,0.288,1,"16","DDX54"
0.0004692251601107,1.62924042515424,0.45,0.168,1,"16","SLC22A23"
0.000469772842939403,2.30039288743411,0.4,0.153,1,"16","RASAL2"
0.000485186799538619,2.64561550242343,0.4,0.152,1,"16","HLA-DPA1"
0.000490294073533804,1.40618595010834,0.6,0.285,1,"16","PPM1K"
0.000498823649762634,1.2466526789905,0.75,0.513,1,"16","DCBLD2"
0.000501351065691498,0.791476162212432,0.9,0.714,1,"16","CXXC5"
0.000502248639703163,2.08194237622695,0.3,0.086,1,"16","LINC02001"
0.00051009822715874,0.889320740104046,0.9,0.688,1,"16","ANTXR1"
0.000523256118300017,2.20003316423843,0.3,0.085,1,"16","IFFO2"
0.000543714338710082,2.40063793267646,0.25,0.064,1,"16","ARHGEF11"
0.000549443302910872,0.917046032664106,1,0.601,1,"16","SCD"
0.000613509744321454,0.84124554349591,0.95,0.669,1,"16","CTTN"
0.000719498433986726,1.36672988394278,0.6,0.324,1,"16","CREB1"
0.000724486847564517,1.29074616771552,0.65,0.378,1,"16","SGCE"
0.000770353515842375,1.11229473466115,0.7,0.34,1,"16","MAP4K5"
0.000797487287121155,2.26329701667242,0.35,0.122,1,"16","MEF2C"
0.000842878636953681,1.5829527545281,0.45,0.171,1,"16","OTUD1"
0.000842883123412216,1.60789186512802,0.45,0.179,1,"16","ARL6IP6"
0.000856025839181148,0.635076651035304,0.95,0.816,1,"16","CLIC4"
0.000877127957070157,0.728910750197335,0.9,0.706,1,"16","RHOB"
0.000891597145730107,1.27689959934091,0.75,0.503,1,"16","JARID2"
0.000925192490230066,1.18781517813342,0.6,0.284,1,"16","RRP7A"
0.000937016893248025,1.68670814269063,0.6,0.322,1,"16","PDGFA"
0.000950158727993952,0.971354102035826,0.9,0.583,1,"16","SLFN5"
0.000997851974355858,1.2553185432173,0.65,0.392,1,"16","RETREG3"
0.00101800170235917,1.40410242961673,0.6,0.311,1,"16","ATF7IP"
0.00102586055402018,1.29910139323337,0.7,0.425,1,"16","SAMHD1"
0.00109289871338938,1.59225543320961,0.35,0.114,1,"16","LPCAT2"
0.0011187465748893,1.96138971630336,0.35,0.126,1,"16","CDC42SE1"
0.00111987115070382,2.03784577742086,0.35,0.127,1,"16","SMARCB1"
0.00113949858712172,0.793501854311752,0.9,0.552,1,"16","HOOK3"
0.00129174375031409,2.26911916583096,0.25,0.069,1,"16","PSMB8-AS1"
0.0013974428081723,1.23660726803588,0.65,0.383,1,"16","STARD13"
0.00141951846425795,0.938054096877336,0.75,0.519,1,"16","GBP2"
0.00147583344982316,0.627910999500245,0.9,0.772,1,"16","EIF3G"
0.00148193117340641,2.27061677285098,0.3,0.099,1,"16","TANC1"
0.00150417290623277,2.2215964240923,0.3,0.1,1,"16","IKZF4"
0.00151488278260128,2.1295934342026,0.35,0.131,1,"16","PA2G4P4"
0.0015731710964264,1.70125524947822,0.45,0.2,1,"16","ZFYVE16"
0.00158565561488443,1.73263320240961,0.5,0.257,1,"16","IGF2BP2"
0.0016081741061351,0.919030683355413,0.85,0.589,1,"16","PTEN"
0.00167370437691765,1.26498095865212,0.5,0.221,1,"16","ZCCHC2"
0.0016771350353949,2.06390509822753,0.3,0.099,1,"16","CLMN"
0.00168064086683219,0.904691312575366,0.85,0.557,1,"16","HELZ2"
0.00171821705036801,1.32785545505988,0.6,0.321,1,"16","SCRN1"
0.0017441258056447,1.68380113969973,0.45,0.203,1,"16","AC023512.1"
0.00176461901711982,0.920072122319712,0.9,0.629,1,"16","PRNP"
0.00176476005381528,1.8344101293392,0.45,0.21,1,"16","RBMS2"
0.00182576720645017,2.05345915319802,0.4,0.173,1,"16","SDC3"
0.0018486479209124,2.04876683139474,0.25,0.07,1,"16","PARM1"
0.00185253739851971,0.951154085695693,0.85,0.568,1,"16","MYL9"
0.00187258662771556,1.6390123129118,0.45,0.193,1,"16","SGTB"
0.00187556226346367,1.12729482091783,0.75,0.439,1,"16","FURIN"
0.00198219156792646,1.90239998349891,0.3,0.101,1,"16","PTPRJ"
0.00199440188641714,2.08310189152431,0.25,0.073,1,"16","SUZ12P1"
0.00199831376687049,2.27051931197566,0.3,0.104,1,"16","SPIRE1"
0.00200320758330935,0.737517100116138,0.8,0.684,1,"16","SAMD4B"
0.00204900605914101,2.04316458599634,0.3,0.102,1,"16","BICRAL"
0.00212571187074596,0.928094177096742,0.75,0.445,1,"16","FBLN2"
0.00214302709152928,0.633886843248188,0.85,0.74,1,"16","NFE2L2"
0.00215010210415759,2.25866071014323,0.3,0.102,1,"16","BORCS8"
0.00225405198469414,1.9858825301936,0.3,0.102,1,"16","PDP1"
0.00225556769090295,1.05955256111444,0.7,0.402,1,"16","CHPF"
0.00226860021283477,1.91133265905168,0.35,0.132,1,"16","TSPAN5"
0.00234108961114308,0.649924471578173,0.9,0.716,1,"16","RHOC"
0.00235441568745375,1.43552440214826,0.5,0.238,1,"16","SOAT1"
0.00237793807955768,0.748832286793088,0.85,0.64,1,"16","SPAG9"
0.00239562296920618,1.57613163447527,0.4,0.161,1,"16","SPPL2B"
0.00240275388302104,1.12413651946785,0.75,0.537,1,"16","ATP2B4"
0.00242485656983128,1.55381373945643,0.45,0.195,1,"16","C12orf49"
0.00246136599159555,1.19068319256793,0.75,0.524,1,"16","RTRAF"
0.00246628149709549,1.23924080998939,0.6,0.354,1,"16","HMGN3"
0.0024764104198751,1.64047917631885,0.4,0.156,1,"16","TRNT1"
0.00249622877704008,1.82587912475268,0.45,0.216,1,"16","PPP2R1B"
0.00250813117771031,1.24723360565553,0.5,0.225,1,"16","IFIT2"
0.00251157784623985,1.57567273324315,0.4,0.164,1,"16","EZH1"
0.00254484615389362,1.89771088893614,0.35,0.135,1,"16","PLA2R1"
0.00256855430967715,1.61217900140467,0.35,0.126,1,"16","N4BP2L1"
0.00257346231663472,0.527845931723596,1,0.869,1,"16","SCARB2"
0.00265688474609891,1.64033158929739,0.55,0.282,1,"16","PRPS1"
0.00274527795617987,1.19395679187707,0.55,0.269,1,"16","PHC3"
0.00277222238972799,1.68283946151477,0.3,0.1,1,"16","BBC3"
0.00278560031761803,0.631148249206346,0.9,0.761,1,"16","ATP6V1F"
0.00279739201785443,1.85470499046085,0.3,0.103,1,"16","POLI"
0.00290673901140648,1.20742137631425,0.55,0.275,1,"16","ADAMTS4"
0.00291716349570612,1.72372002207635,0.45,0.212,1,"16","CD2AP"
0.00295960682044629,0.737875561869256,0.9,0.574,1,"16","IFIT1"
0.00296159516217596,1.09349307587546,0.7,0.394,1,"16","BICD2"
0.00298462515218448,1.76351082374757,0.35,0.139,1,"16","PLA2G16"
0.00309277225653362,1.05216672507597,0.7,0.461,1,"16","KLC1"
0.0031287856092778,1.32914749578463,0.5,0.252,1,"16","PTPN18"
0.00313621781007902,1.50679274369844,0.5,0.248,1,"16","EMC10"
0.00317060264574714,1.64799713272305,0.4,0.171,1,"16","APC"
0.00320798777454534,2.20981822890124,0.25,0.077,1,"16","CDC42EP3"
0.00320912338956634,1.07201441676368,0.65,0.388,1,"16","NAV2"
0.00324175210873885,0.543029666118563,0.95,0.793,1,"16","HNRNPA3"
0.00324830212314808,1.71900109914419,0.25,0.075,1,"16","PRKG1"
0.00337993337585459,1.24039432710432,0.5,0.239,1,"16","TPST1"
0.00343383353528608,1.78060892872479,0.25,0.077,1,"16","C11orf71"
0.00345230263635807,1.46933193627547,0.55,0.293,1,"16","GBF1"
0.00349494909340979,0.941454067398726,0.8,0.553,1,"16","TMEM87A"
0.00349845702238858,2.02268013610108,0.25,0.079,1,"16","MIER2"
0.00357444999214865,1.13239204956057,0.65,0.389,1,"16","TXNRD1"
0.00359415883137315,1.33613109488857,0.55,0.286,1,"16","PHF2"
0.00360345099871731,1.0630074448559,0.65,0.399,1,"16","SPHK1"
0.00364213378987214,1.50226849550625,0.45,0.207,1,"16","EPB41L3"
0.00365686137228793,0.500878994692407,1,0.852,1,"16","G3BP1"
0.00369579264389351,1.86823298768664,0.35,0.146,1,"16","PLCG1"
0.0037528786317899,1.17601156326224,0.7,0.462,1,"16","DNAJC21"
0.00380736407120707,0.99165244212768,0.75,0.562,1,"16","CNP"
0.00389628536165586,1.50508521130823,0.4,0.173,1,"16","ZFYVE1"
0.00400687558339529,1.49462942144013,0.4,0.171,1,"16","NEK1"
0.00402229487324824,1.26139208977162,0.65,0.457,1,"16","SMPD1"
0.00410012570038495,1.4685706823074,0.4,0.17,1,"16","SAP30L"
0.00412135881468675,1.338846230257,0.55,0.32,1,"16","NFATC2IP"
0.00413794549625087,1.00020241461978,0.7,0.433,1,"16","ZCCHC17"
0.00429072319346367,0.54707197026265,0.95,0.741,1,"16","SBDS"
0.00429873604458946,0.982486700381052,0.7,0.409,1,"16","PPA2"
0.00436614742677135,0.865129969294125,0.75,0.566,1,"16","VEZF1"
0.00440634756458413,1.44090480995407,0.55,0.332,1,"16","NRBF2"
0.0044291589849853,0.871505681355094,0.75,0.542,1,"16","APMAP"
0.00450221595187115,1.3024810176892,0.5,0.272,1,"16","SNHG16"
0.00450835611107626,1.37229636955388,0.45,0.215,1,"16","SLIT2"
0.0045741836705627,1.5977916303696,0.35,0.136,1,"16","MX2"
0.00463045198522717,1.26455532119329,0.6,0.372,1,"16","SPRED1"
0.00465769000311704,0.584020403981086,0.95,0.758,1,"16","PLAUR"
0.00470647818622897,1.36333279024726,0.45,0.211,1,"16","AUTS2"
0.00478187797404753,1.35063282979112,0.45,0.202,1,"16","CDS2"
0.00484917731746046,0.6813871979045,0.8,0.599,1,"16","RASA3"
0.00492455176529132,0.924244540167866,0.7,0.48,1,"16","ACTR1A"
0.00493847124863182,1.8913055456601,0.25,0.081,1,"16","CCDC184"
0.00503982411565046,1.66753856500283,0.25,0.079,1,"16","TMEM176B"
0.00524032561004786,1.91923590857863,0.35,0.148,1,"16","CSRP2"
0.00525339825520825,1.8073950778086,0.3,0.11,1,"16","TRIM2"
0.00543419724291981,1.7042688411543,0.25,0.081,1,"16","MTMR10"
0.00554081371853316,0.592703657819121,0.95,0.672,1,"16","NINJ1"
0.00570354289964766,1.50987572190632,0.35,0.143,1,"16","GALC"
0.00573155732895554,0.783498301191216,0.8,0.573,1,"16","PAK2"
0.00586422926912903,1.49955061398226,0.25,0.079,1,"16","PLEKHF1"
0.00589382144005492,1.30210155302952,0.5,0.267,1,"16","GPATCH8"
0.00593329931810439,1.91273045752454,0.3,0.119,1,"16","BCL7A"
0.00600861415273575,1.4151813044348,0.55,0.332,1,"16","CADM1"
0.00634033951150035,0.571716782930492,0.85,0.763,1,"16","IFI44L"
0.00635068482560394,1.56241556599409,0.4,0.182,1,"16","NCOA6"
0.00637413724799398,0.918792644386725,0.65,0.428,1,"16","DEGS1"
0.00642389252750196,1.37931972584144,0.45,0.223,1,"16","NR2F6"
0.00643646325786759,0.885881869849253,0.75,0.485,1,"16","BPTF"
0.00655776135296283,1.74793701367248,0.35,0.148,1,"16","EDC3"
0.0066089677105327,1.29966036782327,0.5,0.266,1,"16","AC027309.2"
0.0066479809907608,1.11899643708814,0.55,0.296,1,"16","VPS13C"
0.00671842113152314,2.12329830010988,0.25,0.085,1,"16","ALPK1"
0.00684139654638336,1.4939656434369,0.3,0.112,1,"16","HYOU1"
0.00684167385530973,0.630751392076988,0.9,0.706,1,"16","KLF6"
0.00689071420752904,1.38598224205735,0.45,0.235,1,"16","GRWD1"
0.00690766643768817,1.60452453476497,0.25,0.083,1,"16","FUT4"
0.00695376349258755,1.56470115120992,0.3,0.113,1,"16","P4HTM"
0.00697502089246093,1.01152634172418,0.7,0.479,1,"16","NSFL1C"
0.00710665805023638,1.36590655056971,0.5,0.265,1,"16","POLK"
0.00710776610563446,1.19018964301716,0.55,0.333,1,"16","PLEKHM2"
0.00740318365454919,1.36012219139414,0.45,0.226,1,"16","DICER1"
0.00747704905528567,0.928570571794512,0.6,0.313,1,"16","ATAD1"
0.0075020123005272,0.866832338537606,0.75,0.512,1,"16","CLSTN1"
0.00755226107482288,1.31046483781139,0.35,0.14,1,"16","SLC35A1"
0.00761266375172141,0.851767032651252,0.7,0.521,1,"16","CNOT7"
0.00773545591398161,0.958307928197662,0.65,0.429,1,"16","RAP1A"
0.0077605804770692,1.1855658640063,0.6,0.4,1,"16","LAMB1"
0.00777238089733218,1.28698894733297,0.4,0.178,1,"16","ZNF766"
0.00795813092635318,1.66298164974404,0.35,0.153,1,"16","MUL1"
0.00812197394720384,0.934866358639004,0.65,0.411,1,"16","ARL14EP"
0.00825392125355186,1.78382620710074,0.3,0.118,1,"16","ZNF362"
0.0083166349821398,1.09832437400051,0.55,0.313,1,"16","MAP1LC3A"
0.00839999379624309,1.07232450284091,0.55,0.304,1,"16","TMEM50B"
0.00840647304389178,0.689744246452434,0.8,0.592,1,"16","VPS35"
0.00843658875697788,1.23885894938762,0.5,0.281,1,"16","BRD3"
0.00856805126354787,1.94468209373706,0.25,0.089,1,"16","SYNE2"
0.00871930569716513,1.3919792350748,0.45,0.224,1,"16","PPID"
0.0088443438414286,1.41125932938328,0.55,0.323,1,"16","ARFRP1"
0.00888363437818863,0.619560793829407,0.9,0.652,1,"16","ANGPTL2"
0.00895877623293812,1.21188128142146,0.5,0.268,1,"16","SLC9A3R2"
0.0089858575017129,0.566442341469603,0.9,0.726,1,"16","IFIT3"
0.00905496412714432,0.64876522562146,0.85,0.646,1,"16","KDSR"
0.00907373326056189,0.608913156436662,0.9,0.731,1,"16","ZMIZ1"
0.00911167457869913,2.21169749523728,0.25,0.092,1,"16","PIK3IP1"
0.00924593093146751,1.46047361074203,0.5,0.301,1,"16","MXD4"
0.00932481517401135,1.06281461766324,0.65,0.453,1,"16","TAB2"
0.00933782738348413,1.1601622167635,0.6,0.359,1,"16","RUFY1"
0.00938755923083137,1.95323496199214,0.3,0.126,1,"16","PLEKHM3"
0.00940217594335925,0.997959754985188,0.55,0.299,1,"16","HOMER3"
0.00944293164405374,1.4817205783995,0.45,0.248,1,"16","DEDD"
0.00945427182479512,1.52853349740073,0.35,0.156,1,"16","TNFRSF9"
0.00952421908898663,0.986122829812175,0.6,0.358,1,"16","ELMSAN1"
0.00953050713342892,1.30719253969073,0.4,0.189,1,"16","FAM222B"
0.00953938347772999,1.34521621665546,0.4,0.187,1,"16","SRGAP2C"
0.00970488383026094,0.519987766605653,0.9,0.778,1,"16","WBP2"
0.00973755851136039,1.37216216295544,0.5,0.311,1,"16","LMBRD1"
