"ID","Description","GeneRatio","BgRatio","RichFactor","FoldEnrichment","zScore","pvalue","p.adjust","qvalue","geneID","Count"
"GO:0001503","ossification","10/19","455/18860",0.021978021978022,21.8160786581839,14.2731839747524,4.60570725613235e-12,7.61323409438677e-09,3.00582999873901e-09,"TRAF6/MMP13/COL1A1/PTEN/SMAD5/SMAD2/HIF1A/BMP7/RUNX2/PPARG",10
"GO:0061448","connective tissue development","8/19","307/18860",0.0260586319218241,25.8666209497686,13.949641472476,2.91149563170388e-10,2.40635113960326e-07,9.50066995608635e-08,"MMP13/COL1A1/SMAD5/HMGA2/HIF1A/BMP7/RUNX2/PPARG",8
"GO:0001837","epithelial to mesenchymal transition","7/19","195/18860",0.0358974358974359,35.6329284750337,15.4374896868805,5.14415307807429e-10,2.83442834601893e-07,1.1190789152302e-07,"PDCD4/COL1A1/PTEN/HMGA2/SMAD2/HIF1A/BMP7",7
"GO:0060485","mesenchyme development","8/19","347/18860",0.0230547550432277,22.8848779008039,13.0663600354663,7.67627134898538e-10,3.17221913496821e-07,1.25244427272919e-07,"PDCD4/ADAMTS5/COL1A1/PTEN/HMGA2/SMAD2/HIF1A/BMP7",8
"GO:0051216","cartilage development","7/19","216/18860",0.0324074074074074,32.1686159844055,14.6304944129501,1.05141443880153e-09,3.47597613467784e-07,1.3723725306462e-07,"MMP13/COL1A1/SMAD5/HMGA2/HIF1A/BMP7/RUNX2",7
"GO:0048762","mesenchymal cell differentiation","7/19","278/18860",0.0251798561151079,24.9943203332071,12.7987860297661,6.0724011993132e-09,1.67294653041079e-06,6.60506797118277e-07,"PDCD4/COL1A1/PTEN/HMGA2/SMAD2/HIF1A/BMP7",7
"GO:0030509","BMP signaling pathway","6/19","179/18860",0.0335195530726257,33.2725668920906,13.7766657246018,1.64579554723445e-08,3.88642862796934e-06,1.53442592373738e-06,"PDCD4/SMAD5/SMAD2/BMP7/RUNX2/PPARG",6
"GO:0071772","response to BMP","6/19","192/18860",0.03125,31.0197368421053,13.2767798804077,2.50161800656582e-08,4.59463840539255e-06,1.81403878838691e-06,"PDCD4/SMAD5/SMAD2/BMP7/RUNX2/PPARG",6
"GO:0071773","cellular response to BMP stimulus","6/19","192/18860",0.03125,31.0197368421053,13.2767798804077,2.50161800656582e-08,4.59463840539255e-06,1.81403878838691e-06,"PDCD4/SMAD5/SMAD2/BMP7/RUNX2/PPARG",6
"GO:0060395","SMAD protein signal transduction","5/19","100/18860",0.05,49.6315789473684,15.4841050542514,4.15299383305397e-08,6.86489880603821e-06,2.7103749226247e-06,"SMAD5/SMAD2/BMP7/RUNX2/PPARG",5
"GO:0141091","transforming growth factor beta receptor superfamily signaling pathway","7/19","411/18860",0.0170316301703163,16.9061339480087,10.3534070016199,8.91456492333514e-08,1.33961598347936e-05,5.28902416504094e-06,"PDCD4/DKK3/SMAD5/SMAD2/BMP7/RUNX2/PPARG",7
"GO:0002246","wound healing involved in inflammatory response","3/19","10/18860",0.3,297.789473684211,29.8110293633353,1.03553570652279e-07,1.42645043573515e-05,5.63186086003625e-06,"TLR4/HIF1A/PPARG",3
"GO:0007178","cell surface receptor protein serine/threonine kinase signaling pathway","7/19","446/18860",0.015695067264574,15.5794194005192,9.89504435326639,1.55490915149553e-07,1.9771267903247e-05,7.80602165123263e-06,"PDCD4/DKK3/SMAD5/SMAD2/BMP7/RUNX2/PPARG",7
"GO:0001649","osteoblast differentiation","6/19","265/18860",0.0226415094339623,22.4746772591857,11.179841517563,1.69241885621397e-07,1.99826312094407e-05,7.88947135979446e-06,"COL1A1/PTEN/SMAD5/BMP7/RUNX2/PPARG",6
"GO:0045667","regulation of osteoblast differentiation","5/19","161/18860",0.031055900621118,30.8270676691729,12.0697552245391,4.49679374957595e-07,4.95546671203269e-05,1.95649973665761e-05,"PTEN/SMAD5/BMP7/RUNX2/PPARG",5
"GO:0034393","positive regulation of smooth muscle cell apoptotic process","3/19","19/18860",0.157894736842105,156.731301939058,21.5667595331706,8.31418106927497e-07,8.2454217164274e-05,3.25542806647243e-05,"PDCD4/FOXO1/PPARG",3
"GO:0031214","biomineral tissue development","5/19","183/18860",0.0273224043715847,27.1210813920046,11.2757981747423,8.47986504411771e-07,8.2454217164274e-05,3.25542806647243e-05,"MMP13/COL1A1/HIF1A/BMP7/RUNX2",5
"GO:0009306","protein secretion","6/19","388/18860",0.0154639175257732,15.3499728703201,9.06972540992155,1.57755170755462e-06,0.000143523428752834,5.66654095117376e-05,"NLRP3/TLR4/FOXO1/SMAD2/HIF1A/PPARG",6
"GO:0035592","establishment of protein localization to extracellular region","6/19","391/18860",0.0153452685421995,15.2321981424149,9.03072932304147,1.64969458336591e-06,0.000143523428752834,5.66654095117376e-05,"NLRP3/TLR4/FOXO1/SMAD2/HIF1A/PPARG",6
"GO:0071692","protein localization to extracellular region","6/19","398/18860",0.0150753768844221,14.9642951600106,8.94139618488547,1.8285895423612e-06,0.000151132925676153,5.96697640138918e-05,"NLRP3/TLR4/FOXO1/SMAD2/HIF1A/PPARG",6
"GO:0010660","regulation of muscle cell apoptotic process","4/19","92/18860",0.0434782608695652,43.1578947368421,12.8720579819276,1.94298163427397e-06,0.000152940411497851,6.03833891353314e-05,"PDCD4/FOXO1/BMP7/PPARG",4
"GO:0010657","muscle cell apoptotic process","4/19","99/18860",0.0404040404040404,40.1063264221159,12.3885586880465,2.60599041799747e-06,0.000195804643679537,7.73068927827001e-05,"PDCD4/FOXO1/BMP7/PPARG",4
"GO:0048705","skeletal system morphogenesis","5/19","232/18860",0.021551724137931,21.3929219600726,9.9248623244545,2.72530872520531e-06,0.000195866753163669,7.73314146282515e-05,"MMP13/COL1A1/SMAD2/BMP7/RUNX2",5
"GO:0090594","inflammatory response to wounding","3/19","30/18860",0.1,99.2631578947368,17.1044983031957,3.45923998639398e-06,0.000238255154062885,9.40670522615906e-05,"TLR4/HIF1A/PPARG",3
"GO:0001958","endochondral ossification","3/19","31/18860",0.0967741935483871,96.0611205432937,16.8210965822402,3.82743564369142e-06,0.000243336581500843,9.60732833639142e-05,"MMP13/COL1A1/RUNX2",3
"GO:0036075","replacement ossification","3/19","31/18860",0.0967741935483871,96.0611205432937,16.8210965822402,3.82743564369142e-06,0.000243336581500843,9.60732833639142e-05,"MMP13/COL1A1/RUNX2",3
"GO:0045444","fat cell differentiation","5/19","259/18860",0.0193050193050193,19.1627717943507,9.34647864238442,4.6681484327153e-06,0.000285794420714014,0.000112836336385321,"SOCS1/FOXO1/HMGA2/BMP7/PPARG",5
"GO:0048863","stem cell differentiation","5/19","265/18860",0.0188679245283019,18.7288977159881,9.22976696476546,5.21957403973214e-06,0.000306290565654331,0.000120928551409358,"SMAD5/HMGA2/HIF1A/BMP7/RUNX2",5
"GO:0030099","myeloid cell differentiation","6/19","481/18860",0.0124740124740125,12.3820986978882,8.03004728163348,5.45647696712933e-06,0.000306290565654331,0.000120928551409358,"TRAF6/SOCS1/TLR4/SMAD5/HIF1A/PPARG",6
"GO:0010661","positive regulation of muscle cell apoptotic process","3/19","35/18860",0.0857142857142857,85.0827067669173,15.8109283145034,5.55881244381727e-06,0.000306290565654331,0.000120928551409358,"PDCD4/FOXO1/PPARG",3
"GO:1904893","negative regulation of receptor signaling pathway via STAT","3/19","36/18860",0.0833333333333333,82.719298245614,15.584902073757,6.06030001589343e-06,0.00032315083633135,0.000127585263492493,"SOCS1/HMGA2/PPARG",3
"GO:0003007","heart morphogenesis","5/19","278/18860",0.0179856115107914,17.8530859522908,8.98958745441553,6.58998779155735e-06,0.000340414056857634,0.000134401066801498,"PDCD4/ADAMTS5/SMAD2/HIF1A/BMP7",5
"GO:0010717","regulation of epithelial to mesenchymal transition","4/19","128/18860",0.03125,31.0197368421053,10.8219107282734,7.24986496961501e-06,0.00034240076556496,0.000135185452065002,"COL1A1/PTEN/SMAD2/BMP7",4
"GO:0030278","regulation of ossification","4/19","128/18860",0.03125,31.0197368421053,10.8219107282734,7.24986496961501e-06,0.00034240076556496,0.000135185452065002,"SMAD2/HIF1A/BMP7/RUNX2",4
"GO:0030282","bone mineralization","4/19","128/18860",0.03125,31.0197368421053,10.8219107282734,7.24986496961501e-06,0.00034240076556496,0.000135185452065002,"MMP13/HIF1A/BMP7/RUNX2",4
"GO:0034391","regulation of smooth muscle cell apoptotic process","3/19","39/18860",0.0769230769230769,76.3562753036437,14.9594124432363,7.7422148392179e-06,0.000349569808453235,0.000138015908072089,"PDCD4/FOXO1/PPARG",3
"GO:0010721","negative regulation of cell development","5/19","288/18860",0.0173611111111111,17.2331871345029,8.81566051630294,7.8246115624741e-06,0.000349569808453235,0.000138015908072089,"SOCS1/TLR4/PTEN/HMGA2/BMP7",5
"GO:0034390","smooth muscle cell apoptotic process","3/19","40/18860",0.075,74.4473684210526,14.7666024187326,8.3646356529585e-06,0.000357683372915032,0.000141219276726411,"PDCD4/FOXO1/PPARG",3
"GO:0042476","odontogenesis","4/19","133/18860",0.0300751879699248,29.8535813217254,10.6041435175129,8.43899064953795e-06,0.000357683372915032,0.000141219276726411,"TRAF6/COL1A1/BMP7/RUNX2",4
"GO:0003203","endocardial cushion morphogenesis","3/19","41/18860",0.0731707317073171,72.6315789473684,14.5808330531864,9.01925844962374e-06,0.000371652546045314,0.000146734535962107,"ADAMTS5/SMAD2/BMP7",3
"GO:0048706","embryonic skeletal system development","4/19","136/18860",0.0294117647058824,29.1950464396285,10.4791753645019,9.21824221890978e-06,0.000371652546045314,0.000146734535962107,"COL1A1/SMAD2/BMP7/RUNX2",4
"GO:1904706","negative regulation of vascular associated smooth muscle cell proliferation","3/19","43/18860",0.0697674418604651,69.2533659730722,14.2287669144837,1.04282411666247e-05,0.000410425777343585,0.000162042845195672,"PDCD4/PTEN/PPARG",3
"GO:0071560","cellular response to transforming growth factor beta stimulus","5/19","311/18860",0.0160771704180064,15.9587070570316,8.44691564507778,1.13552428344588e-05,0.000436516660589775,0.000172343954892642,"COL1A1/DKK3/SMAD5/SMAD2/PPARG",5
"GO:0038061","non-canonical NF-kappaB signal transduction","4/19","146/18860",0.0273972602739726,27.1953857245854,10.0902533090522,1.22030145517288e-05,0.000458445069409266,0.000181001651245738,"TRAF6/PDCD4/NLRP3/BMP7",4
"GO:0071559","response to transforming growth factor beta","5/19","318/18860",0.0157232704402516,15.6074147633234,8.34243417094396,1.26456995338209e-05,0.000464518696209023,0.000183399618970035,"COL1A1/DKK3/SMAD5/SMAD2/PPARG",5
"GO:0030198","extracellular matrix organization","5/19","331/18860",0.0151057401812689,14.9944347273016,8.15694479389039,1.53448836265611e-05,0.000532915894919163,0.000210403957620837,"ADAMTS5/MMP13/ADAMTS4/COL1A1/PPARG",5
"GO:0046879","hormone secretion","5/19","331/18860",0.0151057401812689,14.9944347273016,8.15694479389039,1.53448836265611e-05,0.000532915894919163,0.000210403957620837,"FOXO1/HMGA2/SMAD2/HIF1A/PPARG",5
"GO:0043062","extracellular structure organization","5/19","332/18860",0.0150602409638554,14.9492707672796,8.14311243232791,1.55697888879776e-05,0.000532915894919163,0.000210403957620837,"ADAMTS5/MMP13/ADAMTS4/COL1A1/PPARG",5
"GO:0045229","external encapsulating structure organization","5/19","333/18860",0.015015015015015,14.9043780622728,8.12934003671503,1.57972648826612e-05,0.000532915894919163,0.000210403957620837,"ADAMTS5/MMP13/ADAMTS4/COL1A1/PPARG",5
"GO:0009914","hormone transport","5/19","343/18860",0.0145772594752187,14.4698480896118,7.99481834890274,1.82180730217611e-05,0.000602289494099422,0.000237793795231408,"FOXO1/HMGA2/SMAD2/HIF1A/PPARG",5
"GO:0003197","endocardial cushion development","3/19","53/18860",0.0566037735849057,56.1866931479643,12.7760528563962,1.96695441287991e-05,0.000637524636174605,0.000251705208665746,"ADAMTS5/SMAD2/BMP7",3
"GO:0070482","response to oxygen levels","5/19","357/18860",0.0140056022408964,13.9024030664898,7.81569844540202,2.20838602136956e-05,0.000702011941023822,0.000277165856933021,"COL1A1/FOXO1/HIF1A/BMP7/PPARG",5
"GO:0048660","regulation of smooth muscle cell proliferation","4/19","172/18860",0.0232558139534884,23.0844553243574,9.23961040534943,2.32648619512947e-05,0.000725600317084719,0.000286478935646528,"PDCD4/TLR4/PTEN/PPARG",4
"GO:0048659","smooth muscle cell proliferation","4/19","176/18860",0.0227272727272727,22.5598086124402,9.12536956512268,2.54611050811144e-05,0.000779392716649668,0.000307717059459862,"PDCD4/TLR4/PTEN/PPARG",4
"GO:0072132","mesenchyme morphogenesis","3/19","59/18860",0.0508474576271186,50.4727921498662,12.0860979294985,2.71919929405227e-05,0.000817242987830618,0.000322660968863618,"ADAMTS5/SMAD2/BMP7",3
"GO:0043409","negative regulation of MAPK cascade","4/19","183/18860",0.0218579234972678,21.6968651136037,8.9343036901333,2.96663154368017e-05,0.000856862678872687,0.00033830347432169,"PDCD4/TLR4/FOXO1/PPARG",4
"GO:0071453","cellular response to oxygen levels","4/19","183/18860",0.0218579234972678,21.6968651136037,8.9343036901333,2.96663154368017e-05,0.000856862678872687,0.00033830347432169,"FOXO1/HIF1A/BMP7/PPARG",4
"GO:0060350","endochondral bone morphogenesis","3/19","61/18860",0.0491803278688525,48.8179465056083,11.8788013962379,3.00653571534276e-05,0.000856862678872687,0.00033830347432169,"MMP13/COL1A1/RUNX2",3
"GO:0090287","regulation of cellular response to growth factor stimulus","5/19","385/18860",0.012987012987013,12.8913192071087,7.48604329524362,3.17196031118148e-05,0.00088868650752254,0.00035086804512623,"DKK3/SMAD2/HIF1A/RUNX2/PPARG",5
"GO:0010718","positive regulation of epithelial to mesenchymal transition","3/19","63/18860",0.0476190476190476,47.2681704260652,11.6813352062317,3.31316021238393e-05,0.000912775638511774,0.000360378830118954,"COL1A1/SMAD2/BMP7",3
"GO:2001054","negative regulation of mesenchymal cell apoptotic process","2/19","10/18860",0.2,198.526315789474,19.8405378968961,4.30615714360049e-05,0.00116689799317567,0.000460710514069423,"HIF1A/BMP7",2
"GO:0048662","negative regulation of smooth muscle cell proliferation","3/19","71/18860",0.0422535211267606,41.9421793921423,10.9757057128659,4.74432272027994e-05,0.00126489765429399,0.000499402391608414,"PDCD4/PTEN/PPARG",3
"GO:0022617","extracellular matrix disassembly","3/19","72/18860",0.0416666666666667,41.359649122807,10.8957595441553,4.94744730563713e-05,0.00129770833222853,0.000512356586736515,"ADAMTS5/MMP13/ADAMTS4",3
"GO:0010616","negative regulation of cardiac muscle adaptation","2/19","11/18860",0.181818181818182,180.478468899522,18.9081351254892,5.25991882996439e-05,0.00129770833222853,0.000512356586736515,"FOXO1/PPARG",2
"GO:0035666","TRIF-dependent toll-like receptor signaling pathway","2/19","11/18860",0.181818181818182,180.478468899522,18.9081351254892,5.25991882996439e-05,0.00129770833222853,0.000512356586736515,"TRAF6/TLR4",2
"GO:1903243","negative regulation of cardiac muscle hypertrophy in response to stress","2/19","11/18860",0.181818181818182,180.478468899522,18.9081351254892,5.25991882996439e-05,0.00129770833222853,0.000512356586736515,"FOXO1/PPARG",2
"GO:1905461","positive regulation of vascular associated smooth muscle cell apoptotic process","2/19","11/18860",0.181818181818182,180.478468899522,18.9081351254892,5.25991882996439e-05,0.00129770833222853,0.000512356586736515,"PDCD4/PPARG",2
"GO:0001707","mesoderm formation","3/19","77/18860",0.038961038961039,38.673957621326,10.5193349581079,6.04888905329303e-05,0.00145791720064324,0.000575609682172007,"HMGA2/SMAD2/BMP7",3
"GO:0060348","bone development","4/19","220/18860",0.0181818181818182,18.0478468899522,8.07685113771977,6.0856797848992e-05,0.00145791720064324,0.000575609682172007,"MMP13/COL1A1/SMAD5/RUNX2",4
"GO:1903706","regulation of hemopoiesis","5/19","443/18860",0.0112866817155756,11.2035166924082,6.90122924931108,6.191073471482e-05,0.00145885017245641,0.000575978034783948,"TRAF6/NLRP3/SOCS1/TLR4/HIF1A",5
"GO:0009880","embryonic pattern specification","3/19","78/18860",0.0384615384615385,38.1781376518219,10.4483610192659,6.28684145308556e-05,0.00145885017245641,0.000575978034783948,"SMAD5/SMAD2/BMP7",3
"GO:0030522","intracellular receptor signaling pathway","5/19","447/18860",0.0111856823266219,11.1032615094784,6.86494773560422,6.46078320067308e-05,0.00145885017245641,0.000575978034783948,"TRAF6/NLRP3/TLR4/HMGA2/PPARG",5
"GO:0045669","positive regulation of osteoblast differentiation","3/19","79/18860",0.0379746835443038,37.6948700866089,10.3787177089915,6.53084771698573e-05,0.00145885017245641,0.000575978034783948,"SMAD5/BMP7/RUNX2",3
"GO:0048332","mesoderm morphogenesis","3/19","79/18860",0.0379746835443038,37.6948700866089,10.3787177089915,6.53084771698573e-05,0.00145885017245641,0.000575978034783948,"HMGA2/SMAD2/BMP7",3
"GO:0051092","positive regulation of NF-kappaB transcription factor activity","3/19","80/18860",0.0375,37.2236842105263,10.310363444047,6.78097853157997e-05,0.00149452766836023,0.000590064096783099,"TRAF6/NLRP3/TLR4",3
"GO:0071222","cellular response to lipopolysaccharide","4/19","229/18860",0.0174672489082969,17.3385428637095,7.89945511962734,7.11103988925739e-05,0.00154665117591348,0.00061064331458997,"TRAF6/PDCD4/NLRP3/TLR4",4
"GO:2001053","regulation of mesenchymal cell apoptotic process","2/19","13/18860",0.153846153846154,152.712550607287,17.3762568135719,7.45056087765105e-05,0.0015845947312436,0.000625624054109612,"HIF1A/BMP7",2
"GO:0043434","response to peptide hormone","5/19","461/18860",0.0108459869848156,10.7660691859801,6.74151190176733,7.47721651766488e-05,0.0015845947312436,0.000625624054109612,"COL1A1/SOCS1/FOXO1/BMP7/PPARG",5
"GO:0002720","positive regulation of cytokine production involved in immune response","3/19","88/18860",0.0340909090909091,33.8397129186603,9.80549609712249,9.01092711023792e-05,0.00188545095104092,0.000744407036422054,"TRAF6/NLRP3/TLR4",3
"GO:0071219","cellular response to molecule of bacterial origin","4/19","247/18860",0.0161943319838057,16.0750053270829,7.57324345480058,9.53279370106525e-05,0.00196971349848261,0.000777675275613218,"TRAF6/PDCD4/NLRP3/TLR4",4
"GO:0042475","odontogenesis of dentin-containing tooth","3/19","91/18860",0.032967032967033,32.7241179872759,9.63327240823071,9.95665979371059e-05,0.00199506235786367,0.000787683422087735,"TRAF6/BMP7/RUNX2",3
"GO:0014745","negative regulation of muscle adaptation","2/19","15/18860",0.133333333333333,132.350877192982,16.1608683357464,0.000100175544889706,0.00199506235786367,0.000787683422087735,"FOXO1/PPARG",2
"GO:0097152","mesenchymal cell apoptotic process","2/19","15/18860",0.133333333333333,132.350877192982,16.1608683357464,0.000100175544889706,0.00199506235786367,0.000787683422087735,"HIF1A/BMP7",2
"GO:0033002","muscle cell proliferation","4/19","252/18860",0.0158730158730159,15.7560568086884,7.48867350099993,0.000103004863671698,0.00202698856725378,0.000800288414491893,"PDCD4/TLR4/PTEN/PPARG",4
"GO:0001667","ameboidal-type cell migration","4/19","256/18860",0.015625,15.5098684210526,7.4227433974975,0.000109463146745616,0.00205541652780735,0.000811512240736496,"PTEN/SMAD2/HIF1A/BMP7",4
"GO:0048704","embryonic skeletal system morphogenesis","3/19","94/18860",0.0319148936170213,31.6797312430011,9.46921064368751,0.000109650104717869,0.00205541652780735,0.000811512240736496,"SMAD2/BMP7/RUNX2",3
"GO:0002573","myeloid leukocyte differentiation","4/19","257/18860",0.0155642023346304,15.4495187384804,7.40649283649136,0.00011112272364932,0.00205541652780735,0.000811512240736496,"TRAF6/SOCS1/TLR4/PPARG",4
"GO:0007179","transforming growth factor beta receptor signaling pathway","4/19","258/18860",0.0155038759689922,15.3896368829049,7.39033327354847,0.000112800547897445,0.00205541652780735,0.000811512240736496,"DKK3/SMAD5/SMAD2/PPARG",4
"GO:0030072","peptide hormone secretion","4/19","258/18860",0.0155038759689922,15.3896368829049,7.39033327354847,0.000112800547897445,0.00205541652780735,0.000811512240736496,"FOXO1/HMGA2/SMAD2/HIF1A",4
"GO:0071347","cellular response to interleukin-1","3/19","95/18860",0.0315789473684211,31.3462603878116,9.41622558138872,0.000113153601954307,0.00205541652780735,0.000811512240736496,"TRAF6/NLRP3/HIF1A",3
"GO:1904705","regulation of vascular associated smooth muscle cell proliferation","3/19","95/18860",0.0315789473684211,31.3462603878116,9.41622558138872,0.000113153601954307,0.00205541652780735,0.000811512240736496,"PDCD4/PTEN/PPARG",3
"GO:0002756","MyD88-independent toll-like receptor signaling pathway","2/19","16/18860",0.125,124.078947368421,15.6401665245438,0.000114417564476735,0.00205578515304395,0.000811657780040913,"TRAF6/TLR4",2
"GO:0014020","primary neural tube formation","3/19","97/18860",0.0309278350515464,30.6999457406403,9.31267698942509,0.0001203781481692,0.00209320942157548,0.000826433496594261,"TRAF6/HIF1A/BMP7",3
"GO:1990874","vascular associated smooth muscle cell proliferation","3/19","97/18860",0.0309278350515464,30.6999457406403,9.31267698942509,0.0001203781481692,0.00209320942157548,0.000826433496594261,"PDCD4/PTEN/PPARG",3
"GO:0001657","ureteric bud development","3/19","98/18860",0.0306122448979592,30.3866809881848,9.26207229221162,0.000124100543597369,0.00209320942157548,0.000826433496594261,"SMAD5/SMAD2/BMP7",3
"GO:0002534","cytokine production involved in inflammatory response","3/19","98/18860",0.0306122448979592,30.3866809881848,9.26207229221162,0.000124100543597369,0.00209320942157548,0.000826433496594261,"PDCD4/TLR4/HIF1A",3
"GO:1900015","regulation of cytokine production involved in inflammatory response","3/19","98/18860",0.0306122448979592,30.3866809881848,9.26207229221162,0.000124100543597369,0.00209320942157548,0.000826433496594261,"PDCD4/TLR4/HIF1A",3
"GO:0002790","peptide secretion","4/19","266/18860",0.0150375939849624,14.9267906608627,7.26423037102536,0.000126894850161046,0.00209320942157548,0.000826433496594261,"FOXO1/HMGA2/SMAD2/HIF1A",4
"GO:0072163","mesonephric epithelium development","3/19","99/18860",0.0303030303030303,30.0797448165869,9.21222109704394,0.000127897248384225,0.00209320942157548,0.000826433496594261,"SMAD5/SMAD2/BMP7",3
"GO:0072164","mesonephric tubule development","3/19","99/18860",0.0303030303030303,30.0797448165869,9.21222109704394,0.000127897248384225,0.00209320942157548,0.000826433496594261,"SMAD5/SMAD2/BMP7",3
"GO:1904892","regulation of receptor signaling pathway via STAT","3/19","99/18860",0.0303030303030303,30.0797448165869,9.21222109704394,0.000127897248384225,0.00209320942157548,0.000826433496594261,"SOCS1/HMGA2/PPARG",3
"GO:0060349","bone morphogenesis","3/19","100/18860",0.03,29.7789473684211,9.16310459271069,0.000131768931026892,0.00213543179399463,0.000843103583453798,"MMP13/COL1A1/RUNX2",3
"GO:0046883","regulation of hormone secretion","4/19","272/18860",0.0147058823529412,14.5975232198142,7.17318588402098,0.000138275359517159,0.00221911814836762,0.00087614433214756,"FOXO1/HMGA2/HIF1A/PPARG",4
"GO:0071216","cellular response to biotic stimulus","4/19","274/18860",0.0145985401459854,14.490971955436,7.14347798166882,0.000142228460248432,0.0022301295234509,0.000880491804081612,"TRAF6/PDCD4/NLRP3/TLR4",4
"GO:0001823","mesonephros development","3/19","103/18860",0.029126213592233,28.9115993868166,9.01998472707598,0.000143840502797416,0.0022301295234509,0.000880491804081612,"SMAD5/SMAD2/BMP7",3
"GO:0060039","pericardium development","2/19","18/18860",0.111111111111111,110.292397660819,14.7314963470012,0.000145707192094796,0.0022301295234509,0.000880491804081612,"SMAD2/BMP7",2
"GO:1905288","vascular associated smooth muscle cell apoptotic process","2/19","18/18860",0.111111111111111,110.292397660819,14.7314963470012,0.000145707192094796,0.0022301295234509,0.000880491804081612,"PDCD4/PPARG",2
"GO:1905459","regulation of vascular associated smooth muscle cell apoptotic process","2/19","18/18860",0.111111111111111,110.292397660819,14.7314963470012,0.000145707192094796,0.0022301295234509,0.000880491804081612,"PDCD4/PPARG",2
"GO:0001841","neural tube formation","3/19","105/18860",0.0285714285714286,28.3609022556391,8.92792813678719,0.000152275277666941,0.00230927554113261,0.000911739953196559,"TRAF6/HIF1A/BMP7",3
"GO:0032868","response to insulin","4/19","280/18860",0.0142857142857143,14.1804511278196,7.05619528876456,0.000154580759249468,0.0023129117253015,0.000913175578493285,"COL1A1/SOCS1/FOXO1/PPARG",4
"GO:0042593","glucose homeostasis","4/19","281/18860",0.0142348754448399,14.1299868889305,7.04190952558005,0.000156712712180138,0.0023129117253015,0.000913175578493285,"COL1A1/FOXO1/HIF1A/PPARG",4
"GO:0050708","regulation of protein secretion","4/19","281/18860",0.0142348754448399,14.1299868889305,7.04190952558005,0.000156712712180138,0.0023129117253015,0.000913175578493285,"TLR4/FOXO1/HIF1A/PPARG",4
"GO:0033500","carbohydrate homeostasis","4/19","282/18860",0.0141843971631206,14.0798805524449,7.02769668004864,0.000158865931962121,0.00232394146489722,0.000917530301038799,"COL1A1/FOXO1/HIF1A/PPARG",4
"GO:0055093","response to hyperoxia","2/19","19/18860",0.105263157894737,104.487534626039,14.3316773581836,0.000162751400799251,0.00235989531158914,0.000931725470872905,"COL1A1/FOXO1",2
"GO:1901222","regulation of non-canonical NF-kappaB signal transduction","3/19","109/18860",0.0275229357798165,27.3201352003863,8.7513147471289,0.000170097449492547,0.0024449659479233,0.000965312756845573,"PDCD4/NLRP3/BMP7",3
"GO:0003184","pulmonary valve morphogenesis","2/19","20/18860",0.1,99.2631578947368,13.9620574780323,0.000180726276833197,0.00254388662365228,0.00100436826609636,"ADAMTS5/SMAD2",2
"GO:0043506","regulation of JUN kinase activity","2/19","20/18860",0.1,99.2631578947368,13.9620574780323,0.000180726276833197,0.00254388662365228,0.00100436826609636,"TRAF6/PDCD4",2
"GO:0015833","peptide transport","4/19","292/18860",0.0136986301369863,13.5976928622927,6.88944176970839,0.000181596262305486,0.00254388662365228,0.00100436826609636,"FOXO1/HMGA2/SMAD2/HIF1A",4
"GO:0002065","columnar/cuboidal epithelial cell differentiation","3/19","113/18860",0.0265486725663717,26.3530507685142,8.5839605705491,0.000189224538421856,0.00260656801676107,0.00102911591071536,"SMAD2/HIF1A/BMP7",3
"GO:0051091","positive regulation of DNA-binding transcription factor activity","3/19","113/18860",0.0265486725663717,26.3530507685142,8.5839605705491,0.000189224538421856,0.00260656801676107,0.00102911591071536,"TRAF6/NLRP3/TLR4",3
"GO:0002755","MyD88-dependent toll-like receptor signaling pathway","2/19","21/18860",0.0952380952380952,94.5363408521303,13.6190011492947,0.000199630125955277,0.00268283413174043,0.0010592270268915,"TRAF6/TLR4",2
"GO:0010612","regulation of cardiac muscle adaptation","2/19","21/18860",0.0952380952380952,94.5363408521303,13.6190011492947,0.000199630125955277,0.00268283413174043,0.0010592270268915,"FOXO1/PPARG",2
"GO:1903242","regulation of cardiac muscle hypertrophy in response to stress","2/19","21/18860",0.0952380952380952,94.5363408521303,13.6190011492947,0.000199630125955277,0.00268283413174043,0.0010592270268915,"FOXO1/PPARG",2
"GO:0032963","collagen metabolic process","3/19","116/18860",0.0258620689655172,25.6715063520871,8.46403946177798,0.000204451063267417,0.00272546457726645,0.00107605822772325,"MMP13/COL1A1/HIF1A",3
"GO:0045165","cell fate commitment","4/19","304/18860",0.0131578947368421,13.0609418282548,6.7322461809554,0.000211880421587392,0.00280190669507167,0.00110623883270891,"SMAD5/SMAD2/RUNX2/PPARG",4
"GO:0046885","regulation of hormone biosynthetic process","2/19","22/18860",0.0909090909090909,90.2392344497608,13.2994578090622,0.000219461256088754,0.00284693199480513,0.00112401556135841,"DKK3/HIF1A",2
"GO:0002062","chondrocyte differentiation","3/19","119/18860",0.0252100840336134,25.0243255196816,8.3485770572442,0.00022045208429223,0.00284693199480513,0.00112401556135841,"HMGA2/HIF1A/RUNX2",3
"GO:0071900","regulation of protein serine/threonine kinase activity","3/19","119/18860",0.0252100840336134,25.0243255196816,8.3485770572442,0.00022045208429223,0.00284693199480513,0.00112401556135841,"TRAF6/PDCD4/HMGA2",3
"GO:0048562","embryonic organ morphogenesis","4/19","308/18860",0.012987012987013,12.8913192071087,6.68181094757465,0.00022274093902055,0.00285419203256566,0.00112688194363722,"SMAD2/HIF1A/BMP7/RUNX2",4
"GO:0046426","negative regulation of receptor signaling pathway via JAK-STAT","2/19","23/18860",0.0869565217391304,86.3157894736842,13.0008461504965,0.000240217977319214,0.00305446397314354,0.00120595259868755,"SOCS1/HMGA2",2
"GO:0070555","response to interleukin-1","3/19","123/18860",0.024390243902439,24.2105263157895,8.20109177227438,0.000243021079046048,0.00306651789055815,0.00121071168347569,"TRAF6/NLRP3/HIF1A",3
"GO:0001838","embryonic epithelial tube formation","3/19","126/18860",0.0238095238095238,23.6340852130326,8.0950049219472,0.000260895488969645,0.00325502548066103,0.00128513757952675,"TRAF6/HIF1A/BMP7",3
"GO:0003177","pulmonary valve development","2/19","24/18860",0.0833333333333333,82.719298245614,12.7209651970239,0.000261898601892267,0.00325502548066103,0.00128513757952675,"ADAMTS5/SMAD2",2
"GO:0002532","production of molecular mediator involved in inflammatory response","3/19","128/18860",0.0234375,23.2648026315789,8.02630974844601,0.000273272351487562,0.00337103878364881,0.00133094153905961,"PDCD4/TLR4/HIF1A",3
"GO:0060571","morphogenesis of an epithelial fold","2/19","25/18860",0.08,79.4105263157895,12.4579251440298,0.000284501444211246,0.00342606336264815,0.00135266614757338,"HIF1A/BMP7",2
"GO:0097709","connective tissue replacement","2/19","25/18860",0.08,79.4105263157895,12.4579251440298,0.000284501444211246,0.00342606336264815,0.00135266614757338,"HIF1A/PPARG",2
"GO:0002367","cytokine production involved in immune response","3/19","130/18860",0.0230769230769231,22.9068825910931,7.95916529343386,0.000286023438623984,0.00342606336264815,0.00135266614757338,"TRAF6/NLRP3/TLR4",3
"GO:0002718","regulation of cytokine production involved in immune response","3/19","130/18860",0.0230769230769231,22.9068825910931,7.95916529343386,0.000286023438623984,0.00342606336264815,0.00135266614757338,"TRAF6/NLRP3/TLR4",3
"GO:0090092","regulation of transmembrane receptor protein serine/threonine kinase signaling pathway","4/19","331/18860",0.0120845921450151,11.9955477818413,6.40898171185778,0.000293162856212315,0.00348631799510041,0.00137645566718391,"DKK3/SMAD2/BMP7/PPARG",4
"GO:0062197","cellular response to chemical stress","4/19","335/18860",0.0119402985074627,11.8523173605656,6.36428964722074,0.000306873156209976,0.00361109949531997,0.00142572145515228,"NLRP3/FOXO1/HIF1A/BMP7",4
"GO:2000773","negative regulation of cellular senescence","2/19","26/18860",0.0769230769230769,76.3562753036437,12.2100929761326,0.000308024820834916,0.00361109949531997,0.00142572145515228,"PTEN/HMGA2",2
"GO:0042886","amide transport","4/19","338/18860",0.0118343195266272,11.7471192774836,6.33126709146388,0.000317454859289207,0.00369405583249631,0.00145847398105372,"FOXO1/HMGA2/SMAD2/HIF1A",4
"GO:0001704","formation of primary germ layer","3/19","135/18860",0.0222222222222222,22.0584795321637,7.79771104900317,0.000319570468267981,0.00369405583249631,0.00145847398105372,"HMGA2/SMAD2/BMP7",3
"GO:0030325","adrenal gland development","2/19","27/18860",0.0740740740740741,73.5282651072125,11.9760492683978,0.000332467050475178,0.00374908979014564,0.00148020229241271,"DKK3/HMGA2",2
"GO:0036296","response to increased oxygen levels","2/19","27/18860",0.0740740740740741,73.5282651072125,11.9760492683978,0.000332467050475178,0.00374908979014564,0.00148020229241271,"COL1A1/FOXO1",2
"GO:1902894","negative regulation of miRNA transcription","2/19","27/18860",0.0740740740740741,73.5282651072125,11.9760492683978,0.000332467050475178,0.00374908979014564,0.00148020229241271,"HIF1A/PPARG",2
"GO:0022409","positive regulation of cell-cell adhesion","4/19","343/18860",0.0116618075801749,11.5758784716894,6.27714779697007,0.000335671681150365,0.00374908979014564,0.00148020229241271,"TRAF6/NLRP3/SOCS1/BMP7",4
"GO:1902105","regulation of leukocyte differentiation","4/19","343/18860",0.0116618075801749,11.5758784716894,6.27714779697007,0.000335671681150365,0.00374908979014564,0.00148020229241271,"TRAF6/NLRP3/SOCS1/TLR4",4
"GO:0060562","epithelial tube morphogenesis","4/19","344/18860",0.0116279069767442,11.5422276621787,6.26645870184098,0.000339403404087059,0.00376532769769067,0.00148661328529832,"TRAF6/HMGA2/HIF1A/BMP7",4
"GO:0051251","positive regulation of lymphocyte activation","4/19","346/18860",0.0115606936416185,11.4755095832066,6.24521269910808,0.000346956332886113,0.00381136964611082,0.00150479140356526,"TRAF6/NLRP3/SOCS1/TLR4",4
"GO:0072175","epithelial tube formation","3/19","139/18860",0.0215827338129496,21.423703142749,7.67470204459706,0.00034816504329264,0.00381136964611082,0.00150479140356526,"TRAF6/HIF1A/BMP7",3
"GO:0032496","response to lipopolysaccharide","4/19","350/18860",0.0114285714285714,11.3443609022556,6.20324069681015,0.000362424070227681,0.00394136176372603,0.00155611442895542,"TRAF6/PDCD4/NLRP3/TLR4",4
"GO:0007498","mesoderm development","3/19","142/18860",0.0211267605633803,20.9710896960712,7.58578219365423,0.000370661021137031,0.00400459260091185,0.0015810790031301,"HMGA2/SMAD2/BMP7",3
"GO:0071214","cellular response to abiotic stimulus","4/19","355/18860",0.0112676056338028,11.184581171238,6.15172568868701,0.000382448935713774,0.00401863380679494,0.00158662270208098,"NLRP3/COL1A1/TLR4/PTEN",4
"GO:0104004","cellular response to environmental stimulus","4/19","355/18860",0.0112676056338028,11.184581171238,6.15172568868701,0.000382448935713774,0.00401863380679494,0.00158662270208098,"NLRP3/COL1A1/TLR4/PTEN",4
"GO:0002726","positive regulation of T cell cytokine production","2/19","29/18860",0.0689655172413793,68.4573502722323,11.5445163006567,0.00038410135440503,0.00401863380679494,0.00158662270208098,"TRAF6/NLRP3",2
"GO:2000629","negative regulation of miRNA metabolic process","2/19","29/18860",0.0689655172413793,68.4573502722323,11.5445163006567,0.00038410135440503,0.00401863380679494,0.00158662270208098,"HIF1A/PPARG",2
"GO:0050768","negative regulation of neurogenesis","3/19","144/18860",0.0208333333333333,20.6798245614035,7.52800859497705,0.000386167254217748,0.00401863380679494,0.00158662270208098,"PTEN/HMGA2/BMP7",3
"GO:0030111","regulation of Wnt signaling pathway","4/19","356/18860",0.0112359550561798,11.1531638083974,6.14154641058437,0.000386547353466664,0.00401863380679494,0.00158662270208098,"COL1A1/FOXO1/DKK3/HMGA2",4
"GO:0002702","positive regulation of production of molecular mediator of immune response","3/19","146/18860",0.0205479452054795,20.3965392934391,7.4713919790117,0.000402086106810772,0.00414027477312231,0.00163464855563144,"TRAF6/NLRP3/TLR4",3
"GO:0062012","regulation of small molecule metabolic process","4/19","360/18860",0.0111111111111111,11.0292397660819,6.10123223483584,0.000403257252554562,0.00414027477312231,0.00163464855563144,"FOXO1/DKK3/HIF1A/PPARG",4
"GO:0042742","defense response to bacterium","4/19","361/18860",0.0110803324099723,10.9986878553725,6.09125304159028,0.000407514498128093,0.00415815719386258,0.00164170882936594,"TRAF6/ADAMTS5/ADAMTS4/TLR4",4
"GO:0045598","regulation of fat cell differentiation","3/19","148/18860",0.0202702702702703,20.1209103840683,7.41589334686689,0.000418422251329067,0.0042381304669666,0.00167328359252351,"FOXO1/BMP7/PPARG",3
"GO:0021700","developmental maturation","4/19","364/18860",0.010989010989011,10.908039329092,6.06154957190974,0.000420479973734133,0.0042381304669666,0.00167328359252351,"PTEN/HIF1A/RUNX2/PPARG",4
"GO:0046328","regulation of JNK cascade","3/19","150/18860",0.02,19.8526315789474,7.36147552122245,0.00043518033228921,0.00433345234502448,0.00171091823728161,"TRAF6/PDCD4/TLR4",3
"GO:2000377","regulation of reactive oxygen species metabolic process","3/19","150/18860",0.02,19.8526315789474,7.36147552122245,0.00043518033228921,0.00433345234502448,0.00171091823728161,"TLR4/FOXO1/BMP7",3
"GO:0051961","negative regulation of nervous system development","3/19","151/18860",0.0198675496688742,19.7211571976298,7.33466076425496,0.000443719042741544,0.00436587843840341,0.00172372059210374,"PTEN/HMGA2/BMP7",3
"GO:0072073","kidney epithelium development","3/19","151/18860",0.0198675496688742,19.7211571976298,7.33466076425496,0.000443719042741544,0.00436587843840341,0.00172372059210374,"SMAD5/SMAD2/BMP7",3
"GO:0035148","tube formation","3/19","153/18860",0.0196078431372549,19.4633642930857,7.28179816154453,0.000461118676040172,0.00451023178399056,0.00178071366642732,"TRAF6/HIF1A/BMP7",3
"GO:0002237","response to molecule of bacterial origin","4/19","375/18860",0.0106666666666667,10.5880701754386,5.95554165170464,0.000470561683386122,0.00457552036845447,0.00180649067306127,"TRAF6/PDCD4/NLRP3/TLR4",4
"GO:0016331","morphogenesis of embryonic epithelium","3/19","155/18860",0.0193548387096774,19.2122241086587,7.22993070110075,0.000478951735639566,0.00462986677784914,0.00182794752906452,"TRAF6/HIF1A/BMP7",3
"GO:0050767","regulation of neurogenesis","4/19","378/18860",0.0105820105820106,10.5040378724589,5.92739311235915,0.000484930669107988,0.00466040927927619,0.00184000621081366,"PTEN/HMGA2/HIF1A/BMP7",4
"GO:1900227","positive regulation of NLRP3 inflammasome complex assembly","2/19","33/18860",0.0606060606060606,60.1594896331738,10.8012740037846,0.000498322460250161,0.00474630898960752,0.00187392082883221,"NLRP3/TLR4",2
"GO:0002696","positive regulation of leukocyte activation","4/19","381/18860",0.010498687664042,10.4213289128333,5.8995593835138,0.000499611472590265,0.00474630898960752,0.00187392082883221,"TRAF6/NLRP3/SOCS1/TLR4",4
"GO:0050714","positive regulation of protein secretion","3/19","158/18860",0.0189873417721519,18.8474350433045,7.15392665203738,0.000506523939745494,0.0047844804137103,0.00188899153468996,"TLR4/HIF1A/PPARG",3
"GO:0071456","cellular response to hypoxia","3/19","159/18860",0.0188679245283019,18.7288977159881,7.12905618454813,0.00051593629672537,0.00484569715049453,0.00191316090890987,"HIF1A/BMP7/PPARG",3
"GO:0001890","placenta development","3/19","160/18860",0.01875,18.6118421052632,7.10441180510014,0.000525460400834,0.00489365800200119,0.00193209664166634,"HIF1A/BMP7/PPARG",3
"GO:0141087","positive regulation of inflammasome-mediated signaling pathway","2/19","34/18860",0.0588235294117647,58.390092879257,10.6360780321571,0.000529149765322828,0.00489365800200119,0.00193209664166634,"NLRP3/TLR4",2
"GO:0001932","regulation of protein phosphorylation","4/19","387/18860",0.0103359173126615,10.2597579219366,5.8448121329641,0.000529924248250583,0.00489365800200119,0.00193209664166634,"TRAF6/PDCD4/PTEN/HMGA2",4
"GO:0003299","muscle hypertrophy in response to stress","2/19","35/18860",0.0571428571428571,56.7218045112782,10.4779388123746,0.000560882550345799,0.00506633254492681,0.00200027139036178,"FOXO1/PPARG",2
"GO:0014887","cardiac muscle adaptation","2/19","35/18860",0.0571428571428571,56.7218045112782,10.4779388123746,0.000560882550345799,0.00506633254492681,0.00200027139036178,"FOXO1/PPARG",2
"GO:0014898","cardiac muscle hypertrophy in response to stress","2/19","35/18860",0.0571428571428571,56.7218045112782,10.4779388123746,0.000560882550345799,0.00506633254492681,0.00200027139036178,"FOXO1/PPARG",2
"GO:0060351","cartilage development involved in endochondral bone morphogenesis","2/19","35/18860",0.0571428571428571,56.7218045112782,10.4779388123746,0.000560882550345799,0.00506633254492681,0.00200027139036178,"MMP13/COL1A1",2
"GO:0021915","neural tube development","3/19","165/18860",0.0181818181818182,18.0478468899522,6.98446152878599,0.000574776634943329,0.00513570690573688,0.00202766152867632,"TRAF6/HIF1A/BMP7",3
"GO:0097696","cell surface receptor signaling pathway via STAT","3/19","165/18860",0.0181818181818182,18.0478468899522,6.98446152878599,0.000574776634943329,0.00513570690573688,0.00202766152867632,"SOCS1/HMGA2/PPARG",3
"GO:0007584","response to nutrient","3/19","167/18860",0.0179640718562874,17.8317050110306,6.93794734890717,0.000595304793820727,0.00523424906481735,0.00206656759333063,"COL1A1/BMP7/PPARG",3
"GO:0036294","cellular response to decreased oxygen levels","3/19","167/18860",0.0179640718562874,17.8317050110306,6.93794734890717,0.000595304793820727,0.00523424906481735,0.00206656759333063,"HIF1A/BMP7/PPARG",3
"GO:0062013","positive regulation of small molecule metabolic process","3/19","167/18860",0.0179640718562874,17.8317050110306,6.93794734890717,0.000595304793820727,0.00523424906481735,0.00206656759333063,"FOXO1/HIF1A/PPARG",3
"GO:0061351","neural precursor cell proliferation","3/19","168/18860",0.0178571428571429,17.7255639097744,6.91499196407968,0.000605742857489766,0.0052699639040994,0.00208066839910952,"FOXO1/HMGA2/HIF1A",3
"GO:0050867","positive regulation of cell activation","4/19","401/18860",0.00997506234413965,9.90156188476178,5.72161291139603,0.00060574297748269,0.0052699639040994,0.00208066839910952,"TRAF6/NLRP3/SOCS1/TLR4",4
"GO:0032350","regulation of hormone metabolic process","2/19","37/18860",0.0540540540540541,53.6557610241821,10.1809074804948,0.000627057914322209,0.00542684153075713,0.00214260626552643,"DKK3/HIF1A",2
"GO:0001678","intracellular glucose homeostasis","3/19","173/18860",0.0173410404624277,17.2132643748099,6.8031160459351,0.000659694787458109,0.00563636510995475,0.00222532961962107,"COL1A1/FOXO1/HIF1A",3
"GO:0032872","regulation of stress-activated MAPK cascade","2/19","38/18860",0.0526315789473684,52.2437673130194,10.0411653834141,0.000661497175638973,0.00563636510995475,0.00222532961962107,"TLR4/FOXO1",2
"GO:1900017","positive regulation of cytokine production involved in inflammatory response","2/19","38/18860",0.0526315789473684,52.2437673130194,10.0411653834141,0.000661497175638973,0.00563636510995475,0.00222532961962107,"TLR4/HIF1A",2
"GO:0050678","regulation of epithelial cell proliferation","4/19","416/18860",0.00961538461538462,9.54453441295547,5.59617990566883,0.000695256723816058,0.00578828502779563,0.00228531010108147,"HMGA2/HIF1A/RUNX2/PPARG",4
"GO:0003180","aortic valve morphogenesis","2/19","39/18860",0.0512820512820513,50.9041835357625,9.90676969033174,0.000696835281628149,0.00578828502779563,0.00228531010108147,"ADAMTS5/SMAD2",2
"GO:0009595","detection of biotic stimulus","2/19","39/18860",0.0512820512820513,50.9041835357625,9.90676969033174,0.000696835281628149,0.00578828502779563,0.00228531010108147,"NLRP3/TLR4",2
"GO:0043372","positive regulation of CD4-positive, alpha-beta T cell differentiation","2/19","39/18860",0.0512820512820513,50.9041835357625,9.90676969033174,0.000696835281628149,0.00578828502779563,0.00228531010108147,"NLRP3/SOCS1",2
"GO:0071404","cellular response to low-density lipoprotein particle stimulus","2/19","39/18860",0.0512820512820513,50.9041835357625,9.90676969033174,0.000696835281628149,0.00578828502779563,0.00228531010108147,"TLR4/PPARG",2
"GO:0006979","response to oxidative stress","4/19","418/18860",0.00956937799043062,9.49886678418534,5.57993718417789,0.000707865011619914,0.00585050432103859,0.00230987530107551,"COL1A1/FOXO1/HIF1A/BMP7",4
"GO:0050729","positive regulation of inflammatory response","3/19","179/18860",0.0167597765363128,16.6362834460453,6.67489050163176,0.000728383714767244,0.00591105203283498,0.00233378053322997,"PDCD4/NLRP3/TLR4",3
"GO:0010614","negative regulation of cardiac muscle hypertrophy","2/19","40/18860",0.05,49.6315789473684,9.77738490498671,0.000733070578784738,0.00591105203283498,0.00233378053322997,"FOXO1/PPARG",2
"GO:0055094","response to lipoprotein particle","2/19","40/18860",0.05,49.6315789473684,9.77738490498671,0.000733070578784738,0.00591105203283498,0.00233378053322997,"TLR4/PPARG",2
"GO:0070302","regulation of stress-activated protein kinase signaling cascade","2/19","40/18860",0.05,49.6315789473684,9.77738490498671,0.000733070578784738,0.00591105203283498,0.00233378053322997,"TLR4/FOXO1",2
"GO:0070498","interleukin-1-mediated signaling pathway","2/19","40/18860",0.05,49.6315789473684,9.77738490498671,0.000733070578784738,0.00591105203283498,0.00233378053322997,"TRAF6/NLRP3",2
"GO:0017015","regulation of transforming growth factor beta receptor signaling pathway","3/19","181/18860",0.0165745856353591,16.4524571096249,6.63352208162718,0.000752255239971433,0.00603630054210087,0.00238323070404848,"DKK3/SMAD2/PPARG",3
"GO:0002369","T cell cytokine production","2/19","41/18860",0.0487804878048781,48.4210526315789,9.65270432102932,0.000770201415724999,0.00612087952016069,0.0024166238752505,"TRAF6/NLRP3",2
"GO:0002724","regulation of T cell cytokine production","2/19","41/18860",0.0487804878048781,48.4210526315789,9.65270432102932,0.000770201415724999,0.00612087952016069,0.0024166238752505,"TRAF6/NLRP3",2
"GO:0001701","in utero embryonic development","4/19","429/18860",0.00932400932400932,9.25530609741136,5.49251856490251,0.000780140989328396,0.00617020600650641,0.00243609878309547,"TRAF6/SMAD2/HIF1A/BMP7",4
"GO:1903844","regulation of cellular response to transforming growth factor beta stimulus","3/19","184/18860",0.016304347826087,16.1842105263158,6.57269305766191,0.000788991256089288,0.00621048831578854,0.00245200290112962,"DKK3/SMAD2/PPARG",3
"GO:0042325","regulation of phosphorylation","4/19","431/18860",0.00928074245939675,9.21235804127488,5.47696267714622,0.000793824584889359,0.00621891961527066,0.00245533171679423,"TRAF6/PDCD4/PTEN/HMGA2",4
"GO:0030178","negative regulation of Wnt signaling pathway","3/19","185/18860",0.0162162162162162,16.0967283072546,6.55273423296253,0.000801486339680332,0.00624298044244614,0.0024648313269759,"FOXO1/DKK3/HMGA2",3
"GO:0014741","negative regulation of muscle hypertrophy","2/19","42/18860",0.0476190476190476,47.2681704260652,9.53244692023133,0.000808226143184195,0.00624298044244614,0.0024648313269759,"FOXO1/PPARG",2
"GO:1901223","negative regulation of non-canonical NF-kappaB signal transduction","2/19","42/18860",0.0476190476190476,47.2681704260652,9.53244692023133,0.000808226143184195,0.00624298044244614,0.0024648313269759,"NLRP3/BMP7",2
"GO:0001659","temperature homeostasis","3/19","186/18860",0.0161290322580645,16.0101867572156,6.53293062925489,0.000814107159271756,0.00625915876407541,0.00247121879436225,"ADAMTS5/TLR4/FOXO1",3
"GO:0035265","organ growth","3/19","187/18860",0.0160427807486631,15.9245707852519,6.51328018364095,0.000826854230548559,0.00632773168100356,0.00249829250945471,"MMP13/PTEN/SMAD2",3
"GO:0007254","JNK cascade","3/19","188/18860",0.0159574468085106,15.8398656215006,6.49378087155631,0.000839728067566518,0.0063781056067599,0.0025181809636012,"TRAF6/PDCD4/TLR4",3
"GO:0032735","positive regulation of interleukin-12 production","2/19","43/18860",0.0465116279069767,46.1689106487148,9.41635466967686,0.000847143114014319,0.0063781056067599,0.0025181809636012,"TRAF6/TLR4",2
"GO:0048701","embryonic cranial skeleton morphogenesis","2/19","43/18860",0.0465116279069767,46.1689106487148,9.41635466967686,0.000847143114014319,0.0063781056067599,0.0025181809636012,"SMAD2/RUNX2",2
"GO:0007159","leukocyte cell-cell adhesion","4/19","439/18860",0.00911161731207289,9.04447907924709,5.415739188127,0.000850270155264885,0.0063781056067599,0.0025181809636012,"TRAF6/NLRP3/SOCS1/BMP7",4
"GO:0051090","regulation of DNA-binding transcription factor activity","3/19","189/18860",0.0158730158730159,15.7560568086884,6.47443070585795,0.000852729182754953,0.0063781056067599,0.0025181809636012,"TRAF6/NLRP3/TLR4",3
"GO:0009615","response to virus","4/19","445/18860",0.00898876404494382,8.92253104671792,5.37084043156643,0.000894434714729017,0.00665991253804984,0.00262944297359882,"TRAF6/NLRP3/HMGA2/HIF1A",4
"GO:0003176","aortic valve development","2/19","45/18860",0.0444444444444444,44.1169590643275,9.19573452595956,0.000927647207765516,0.00684553943944821,0.00270273152638449,"ADAMTS5/SMAD2",2
"GO:1904407","positive regulation of nitric oxide metabolic process","2/19","45/18860",0.0444444444444444,44.1169590643275,9.19573452595956,0.000927647207765516,0.00684553943944821,0.00270273152638449,"TLR4/HIF1A",2
"GO:0019827","stem cell population maintenance","3/19","195/18860",0.0153846153846154,15.2712550607287,6.36135500287422,0.000933437207275193,0.00685765201611508,0.00270751377080992,"FOXO1/HMGA2/BMP7",3
"GO:0010720","positive regulation of cell development","4/19","451/18860",0.00886917960088692,8.80382775119617,5.32678297418311,0.000940204279480067,0.00687680386717058,0.00271507523650508,"TRAF6/NLRP3/SOCS1/HIF1A",4
"GO:0042060","wound healing","4/19","453/18860",0.00883002207505519,8.76495875450215,5.31227934215271,0.000955823095499095,0.00695632287880095,0.0027464706497638,"TLR4/PTEN/HIF1A/PPARG",4
"GO:0048771","tissue remodeling","3/19","197/18860",0.0152284263959391,15.1162169382848,6.32477186335038,0.000961381075389183,0.00695632287880095,0.0027464706497638,"TRAF6/HIF1A/PPARG",3
"GO:0048732","gland development","4/19","454/18860",0.00881057268722467,8.74565267795038,5.30506112802107,0.000963701112671154,0.00695632287880095,0.0027464706497638,"DKK3/HMGA2/HIF1A/BMP7",4
"GO:0030279","negative regulation of ossification","2/19","46/18860",0.0434782608695652,43.1578947368421,9.09078563621281,0.000969231046953984,0.00696582139397798,0.00275022081973213,"SMAD2/HIF1A",2
"GO:1902107","positive regulation of leukocyte differentiation","3/19","199/18860",0.0150753768844221,14.9642951600106,6.28871998514229,0.000989852211111147,0.00705269700416692,0.0027845207390604,"TRAF6/NLRP3/SOCS1",3
"GO:1903708","positive regulation of hemopoiesis","3/19","199/18860",0.0150753768844221,14.9642951600106,6.28871998514229,0.000989852211111147,0.00705269700416692,0.0027845207390604,"TRAF6/NLRP3/SOCS1",3
"GO:0051223","regulation of protein transport","4/19","458/18860",0.00873362445414847,8.66927143185475,5.27640946129636,0.000995674099399917,0.00706373084252388,0.00278887707986424,"TLR4/FOXO1/HIF1A/PPARG",4
"GO:0098727","maintenance of cell number","3/19","200/18860",0.015,14.8894736842105,6.27088914259121,0.00100428674412142,0.00708786269100828,0.00279840473042642,"FOXO1/HMGA2/BMP7",3
"GO:0071402","cellular response to lipoprotein particle stimulus","2/19","47/18860",0.0425531914893617,42.2396416573348,8.9891564708014,0.00101170056204366,0.00708786269100828,0.00279840473042642,"TLR4/PPARG",2
"GO:0050727","regulation of inflammatory response","4/19","460/18860",0.00869565217391304,8.63157894736842,5.26221467703259,0.00101193925897033,0.00708786269100828,0.00279840473042642,"PDCD4/NLRP3/TLR4/PPARG",4
"GO:0002700","regulation of production of molecular mediator of immune response","3/19","202/18860",0.0148514851485149,14.7420531526837,6.23560964763864,0.00103355620608189,0.00720872746267241,0.00284612412956149,"TRAF6/NLRP3/TLR4",3
"GO:0007369","gastrulation","3/19","203/18860",0.0147783251231527,14.6694322011926,6.21815787670406,0.00104839211651848,0.00726668522695603,0.0028690068078535,"HMGA2/SMAD2/BMP7",3
"GO:0061383","trabecula morphogenesis","2/19","48/18860",0.0416666666666667,41.359649122807,8.89067370401018,0.00105505411643645,0.00726668522695603,0.0028690068078535,"COL1A1/BMP7",2
"GO:0120163","negative regulation of cold-induced thermogenesis","2/19","48/18860",0.0416666666666667,41.359649122807,8.89067370401018,0.00105505411643645,0.00726668522695603,0.0028690068078535,"ADAMTS5/TLR4",2
"GO:0051960","regulation of nervous system development","4/19","466/18860",0.00858369098712446,8.52044273774565,5.22014338266515,0.00106186391910856,0.00728324090575291,0.0028755432620542,"PTEN/HMGA2/HIF1A/BMP7",4
"GO:0000302","response to reactive oxygen species","3/19","205/18860",0.0146341463414634,14.5263157894737,6.18362269095176,0.00107846873812775,0.00736656538894701,0.00290844113805658,"COL1A1/HIF1A/BMP7",3
"GO:0046631","alpha-beta T cell activation","3/19","206/18860",0.0145631067961165,14.4557996934083,6.16653631465559,0.00109371042128421,0.00738669306922236,0.00291638787717252,"NLRP3/SOCS1/TLR4",3
"GO:1900225","regulation of NLRP3 inflammasome complex assembly","2/19","49/18860",0.0408163265306122,40.515574650913,8.79517643978415,0.00109929007563745,0.00738669306922236,0.00291638787717252,"NLRP3/TLR4",2
"GO:1905314","semi-lunar valve development","2/19","49/18860",0.0408163265306122,40.515574650913,8.79517643978415,0.00109929007563745,0.00738669306922236,0.00291638787717252,"ADAMTS5/SMAD2",2
"GO:2000516","positive regulation of CD4-positive, alpha-beta T cell activation","2/19","49/18860",0.0408163265306122,40.515574650913,8.79517643978415,0.00109929007563745,0.00738669306922236,0.00291638787717252,"NLRP3/SOCS1",2
"GO:0048568","embryonic organ development","4/19","472/18860",0.00847457627118644,8.4121320249777,5.17882283296827,0.00111350777987308,0.00745193668068907,0.00294214712772772,"SMAD2/HIF1A/BMP7/RUNX2",4
"GO:0009749","response to glucose","3/19","209/18860",0.0143540669856459,14.248300176278,6.115984803392,0.00114025475894716,0.00760016579249862,0.003000670418282,"COL1A1/SMAD2/HIF1A",3
"GO:0060759","regulation of response to cytokine stimulus","3/19","210/18860",0.0142857142857143,14.1804511278196,6.09936552041393,0.00115604423583301,0.00767446233667455,0.00303000391552088,"TLR4/HIF1A/PPARG",3
"GO:0090276","regulation of peptide hormone secretion","3/19","211/18860",0.014218009478673,14.1132451983038,6.08285957970372,0.00117197185843073,0.00774907792794397,0.00305946337779811,"FOXO1/HMGA2/HIF1A",3
"GO:0030073","insulin secretion","3/19","213/18860",0.0140845070422535,13.9807264640474,6.05018243786566,0.00120424344232471,0.0079307347018436,0.00313118445896968,"FOXO1/SMAD2/HIF1A",3
"GO:0002791","regulation of peptide secretion","3/19","215/18860",0.013953488372093,13.8506731946144,6.01794301826421,0.00123707329816384,0.0080438206865502,0.00317583266511359,"FOXO1/HMGA2/HIF1A",3
"GO:0009746","response to hexose","3/19","215/18860",0.013953488372093,13.8506731946144,6.01794301826421,0.00123707329816384,0.0080438206865502,0.00317583266511359,"COL1A1/SMAD2/HIF1A",3
"GO:0051403","stress-activated MAPK cascade","2/19","52/18860",0.0384615384615385,38.1781376518219,8.52515238741749,0.00123727606864224,0.0080438206865502,0.00317583266511359,"TLR4/FOXO1",2
"GO:0007389","pattern specification process","4/19","486/18860",0.00823045267489712,8.16980723413472,5.08519854478537,0.00124087977923188,0.0080438206865502,0.00317583266511359,"SMAD5/SMAD2/HIF1A/BMP7",4
"GO:0016055","Wnt signaling pathway","4/19","487/18860",0.0082135523613963,8.1530314492597,5.07865525620178,0.00125035376050401,0.00807357330512943,0.00318757948812701,"COL1A1/FOXO1/DKK3/HMGA2",4
"GO:0090087","regulation of peptide transport","3/19","217/18860",0.0138248847926267,13.7230172204705,5.98613129503205,0.00127046518859737,0.00817151345039477,0.00322624786782867,"FOXO1/HMGA2/HIF1A",3
"GO:0048546","digestive tract morphogenesis","2/19","53/18860",0.0377358490566038,37.4577954319762,8.44019989053811,0.00128502534411335,0.00823312749542393,0.00325057410587629,"SMAD2/HIF1A",2
"GO:0002753","cytoplasmic pattern recognition receptor signaling pathway","3/19","219/18860",0.0136986301369863,13.5976928622927,5.95473756232875,0.00130442285147504,0.00829311912880094,0.00327425978912764,"TRAF6/NLRP3/TLR4",3
"GO:0032869","cellular response to insulin stimulus","3/19","219/18860",0.0136986301369863,13.5976928622927,5.95473756232875,0.00130442285147504,0.00829311912880094,0.00327425978912764,"SOCS1/FOXO1/PPARG",3
"GO:0141085","regulation of inflammasome-mediated signaling pathway","2/19","54/18860",0.037037037037037,36.7641325536062,8.35757948822505,0.00133364888338824,0.00841552984748611,0.00332258955356538,"NLRP3/TLR4",2
"GO:0050673","epithelial cell proliferation","4/19","496/18860",0.00806451612903226,8.00509337860781,5.02059606075899,0.00133793013216511,0.00841552984748611,0.00332258955356538,"HMGA2/HIF1A/RUNX2/PPARG",4
"GO:0048469","cell maturation","3/19","221/18860",0.0135746606334842,13.4746368182901,5.92375242130484,0.00133894999993276,0.00841552984748611,0.00332258955356538,"HIF1A/RUNX2/PPARG",3
"GO:0034284","response to monosaccharide","3/19","222/18860",0.0135135135135135,13.4139402560455,5.90841021641282,0.00135642828487247,0.00846104133922334,0.00334055823881203,"COL1A1/SMAD2/HIF1A",3
"GO:0050679","positive regulation of epithelial cell proliferation","3/19","222/18860",0.0135135135135135,13.4139402560455,5.90841021641282,0.00135642828487247,0.00846104133922334,0.00334055823881203,"HMGA2/HIF1A/RUNX2",3
"GO:0042088","T-helper 1 type immune response","2/19","55/18860",0.0363636363636364,36.0956937799043,8.27718503501102,0.00138314506454432,0.00849940071260877,0.00335570315013687,"TRAF6/TLR4",2
"GO:0044546","NLRP3 inflammasome complex assembly","2/19","55/18860",0.0363636363636364,36.0956937799043,8.27718503501102,0.00138314506454432,0.00849940071260877,0.00335570315013687,"NLRP3/TLR4",2
"GO:1900016","negative regulation of cytokine production involved in inflammatory response","2/19","55/18860",0.0363636363636364,36.0956937799043,8.27718503501102,0.00138314506454432,0.00849940071260877,0.00335570315013687,"PDCD4/TLR4",2
"GO:2000648","positive regulation of stem cell proliferation","2/19","55/18860",0.0363636363636364,36.0956937799043,8.27718503501102,0.00138314506454432,0.00849940071260877,0.00335570315013687,"HMGA2/RUNX2",2
"GO:0031098","stress-activated protein kinase signaling cascade","2/19","56/18860",0.0357142857142857,35.4511278195489,8.19891704026166,0.00143351226774661,0.0086798380167954,0.00342694276461499,"TLR4/FOXO1",2
"GO:0071902","positive regulation of protein serine/threonine kinase activity","2/19","56/18860",0.0357142857142857,35.4511278195489,8.19891704026166,0.00143351226774661,0.0086798380167954,0.00342694276461499,"TRAF6/HMGA2",2
"GO:1902895","positive regulation of miRNA transcription","2/19","56/18860",0.0357142857142857,35.4511278195489,8.19891704026166,0.00143351226774661,0.0086798380167954,0.00342694276461499,"HIF1A/PPARG",2
"GO:2000772","regulation of cellular senescence","2/19","56/18860",0.0357142857142857,35.4511278195489,8.19891704026166,0.00143351226774661,0.0086798380167954,0.00342694276461499,"PTEN/HMGA2",2
"GO:0045637","regulation of myeloid cell differentiation","3/19","227/18860",0.013215859030837,13.1184790169256,5.83315890865324,0.00144598512123196,0.00872340658903805,0.00344414435329932,"TRAF6/TLR4/HIF1A",3
"GO:0014888","striated muscle adaptation","2/19","57/18860",0.0350877192982456,34.8291782086796,8.12268214085606,0.00148474887524544,0.00889235467674169,0.00351084783620202,"FOXO1/PPARG",2
"GO:0046638","positive regulation of alpha-beta T cell differentiation","2/19","57/18860",0.0350877192982456,34.8291782086796,8.12268214085606,0.00148474887524544,0.00889235467674169,0.00351084783620202,"NLRP3/SOCS1",2
"GO:0045859","regulation of protein kinase activity","3/19","234/18860",0.0128205128205128,12.7260458839406,5.73170558862963,0.00157751009010504,0.00941380570015753,0.0037167252740457,"TRAF6/PDCD4/HMGA2",3
"GO:0001755","neural crest cell migration","2/19","59/18860",0.0338983050847458,33.6485280999108,7.97596599509036,0.00158982384254736,0.0094531611932762,0.00373226346981962,"HIF1A/BMP7",2
"GO:0002440","production of molecular mediator of immune response","3/19","236/18860",0.0127118644067797,12.6181980374665,5.70351319866697,0.00161642426464677,0.00957687924538033,0.0037811093909866,"TRAF6/NLRP3/TLR4",3
"GO:0072593","reactive oxygen species metabolic process","3/19","237/18860",0.0126582278481013,12.5649566955363,5.68954475789301,0.00163610615673583,0.00965886956101544,0.00381348051570005,"TLR4/FOXO1/BMP7",3
"GO:0009299","mRNA transcription","2/19","61/18860",0.0327868852459016,32.5452976704055,7.83639519041252,0.00169835706607485,0.00992008561915806,0.00391661291041997,"TRAF6/PPARG",2
"GO:0090497","mesenchymal cell migration","2/19","61/18860",0.0327868852459016,32.5452976704055,7.83639519041252,0.00169835706607485,0.00992008561915806,0.00391661291041997,"HIF1A/BMP7",2
"GO:1904645","response to amyloid-beta","2/19","61/18860",0.0327868852459016,32.5452976704055,7.83639519041252,0.00169835706607485,0.00992008561915806,0.00391661291041997,"MMP13/TLR4",2
"GO:0001706","endoderm formation","2/19","62/18860",0.032258064516129,32.0203735144312,7.76910875452207,0.00175391650164228,0.0101727157095252,0.00401635542388998,"HMGA2/SMAD2",2
"GO:0043405","regulation of MAP kinase activity","2/19","62/18860",0.032258064516129,32.0203735144312,7.76910875452207,0.00175391650164228,0.0101727157095252,0.00401635542388998,"TRAF6/PDCD4",2
"GO:0003179","heart valve morphogenesis","2/19","63/18860",0.0317460317460317,31.5121136173768,7.70340006386796,0.00181033567867567,0.010463233835143,0.00413105675663937,"ADAMTS5/SMAD2",2
"GO:0009743","response to carbohydrate","3/19","247/18860",0.0121457489878543,12.0562539953122,5.55433987503693,0.00184127114168584,0.0106049519066435,0.00418700938142389,"COL1A1/SMAD2/HIF1A",3
"GO:0031663","lipopolysaccharide-mediated signaling pathway","2/19","64/18860",0.03125,31.0197368421053,7.63920748027893,0.00186761299396044,0.0106088119553836,0.00418853339213411,"TRAF6/TLR4",2
"GO:0032615","interleukin-12 production","2/19","64/18860",0.03125,31.0197368421053,7.63920748027893,0.00186761299396044,0.0106088119553836,0.00418853339213411,"TRAF6/TLR4",2
"GO:0032655","regulation of interleukin-12 production","2/19","64/18860",0.03125,31.0197368421053,7.63920748027893,0.00186761299396044,0.0106088119553836,0.00418853339213411,"TRAF6/TLR4",2
"GO:0043370","regulation of CD4-positive, alpha-beta T cell differentiation","2/19","64/18860",0.03125,31.0197368421053,7.63920748027893,0.00186761299396044,0.0106088119553836,0.00418853339213411,"NLRP3/SOCS1",2
"GO:0002011","morphogenesis of an epithelial sheet","2/19","65/18860",0.0307692307692308,30.5425101214575,7.57647269201454,0.00192574684634958,0.0108274133912104,0.00427484083328586,"PTEN/BMP7",2
"GO:0042446","hormone biosynthetic process","2/19","65/18860",0.0307692307692308,30.5425101214575,7.57647269201454,0.00192574684634958,0.0108274133912104,0.00427484083328586,"DKK3/HIF1A",2
"GO:2000630","positive regulation of miRNA metabolic process","2/19","65/18860",0.0307692307692308,30.5425101214575,7.57647269201454,0.00192574684634958,0.0108274133912104,0.00427484083328586,"HIF1A/PPARG",2
"GO:0032731","positive regulation of interleukin-1 beta production","2/19","66/18860",0.0303030303030303,30.0797448165869,7.51514048629819,0.00198473563676144,0.0110463569278339,0.00436128334145699,"NLRP3/TLR4",2
"GO:0140632","canonical inflammasome complex assembly","2/19","66/18860",0.0303030303030303,30.0797448165869,7.51514048629819,0.00198473563676144,0.0110463569278339,0.00436128334145699,"NLRP3/TLR4",2
"GO:1901224","positive regulation of non-canonical NF-kappaB signal transduction","2/19","66/18860",0.0303030303030303,30.0797448165869,7.51514048629819,0.00198473563676144,0.0110463569278339,0.00436128334145699,"PDCD4/NLRP3",2
"GO:0043549","regulation of kinase activity","3/19","256/18860",0.01171875,11.6324013157895,5.43916625403793,0.00203913619152782,0.0113110473979714,0.00446578749115948,"TRAF6/PDCD4/HMGA2",3
"GO:0010812","negative regulation of cell-substrate adhesion","2/19","69/18860",0.0289855072463768,28.7719298245614,7.3390494546639,0.0021668156762508,0.0119391543761419,0.00471377445359823,"COL1A1/PTEN",2
"GO:0080164","regulation of nitric oxide metabolic process","2/19","69/18860",0.0289855072463768,28.7719298245614,7.3390494546639,0.0021668156762508,0.0119391543761419,0.00471377445359823,"TLR4/HIF1A",2
"GO:0010001","glial cell differentiation","3/19","263/18860",0.0114068441064639,11.3227936762057,5.35350030496851,0.00220188914467498,0.0120520621064495,0.00475835228197452,"TLR4/PTEN/HMGA2",3
"GO:0051222","positive regulation of protein transport","3/19","263/18860",0.0114068441064639,11.3227936762057,5.35350030496851,0.00220188914467498,0.0120520621064495,0.00475835228197452,"TLR4/HIF1A/PPARG",3
"GO:0002703","regulation of leukocyte mediated immunity","3/19","264/18860",0.0113636363636364,11.2799043062201,5.34152693305802,0.00222578146140888,0.0121026866964108,0.00477833970247058,"TRAF6/NLRP3/TLR4",3
"GO:0034599","cellular response to oxidative stress","3/19","264/18860",0.0113636363636364,11.2799043062201,5.34152693305802,0.00222578146140888,0.0121026866964108,0.00477833970247058,"FOXO1/HIF1A/BMP7",3
"GO:0045668","negative regulation of osteoblast differentiation","2/19","71/18860",0.028169014084507,27.9614529280949,7.22777774225787,0.00229244783560067,0.0123755857030963,0.00488608471736856,"PTEN/PPARG",2
"GO:0060612","adipose tissue development","2/19","71/18860",0.028169014084507,27.9614529280949,7.22777774225787,0.00229244783560067,0.0123755857030963,0.00488608471736856,"HMGA2/PPARG",2
"GO:0050870","positive regulation of T cell activation","3/19","267/18860",0.0112359550561798,11.1531638083974,5.30599021825783,0.00229843001261377,0.0123755857030963,0.00488608471736856,"TRAF6/NLRP3/SOCS1",3
"GO:0010632","regulation of epithelial cell migration","2/19","72/18860",0.0277777777777778,27.5730994152047,7.17385081049649,0.00235653278881622,0.0124850919869013,0.00492931959873838,"PTEN/HIF1A",2
"GO:0034142","toll-like receptor 4 signaling pathway","2/19","72/18860",0.0277777777777778,27.5730994152047,7.17385081049649,0.00235653278881622,0.0124850919869013,0.00492931959873838,"TRAF6/TLR4",2
"GO:0045600","positive regulation of fat cell differentiation","2/19","72/18860",0.0277777777777778,27.5730994152047,7.17385081049649,0.00235653278881622,0.0124850919869013,0.00492931959873838,"BMP7/PPARG",2
"GO:0060760","positive regulation of response to cytokine stimulus","2/19","72/18860",0.0277777777777778,27.5730994152047,7.17385081049649,0.00235653278881622,0.0124850919869013,0.00492931959873838,"TLR4/HIF1A",2
"GO:0141084","inflammasome-mediated signaling pathway","2/19","72/18860",0.0277777777777778,27.5730994152047,7.17385081049649,0.00235653278881622,0.0124850919869013,0.00492931959873838,"NLRP3/TLR4",2
"GO:0030225","macrophage differentiation","2/19","73/18860",0.0273972602739726,27.1953857245854,7.12101115516411,0.00242146154412771,0.0127069077220416,0.00501689609810922,"SOCS1/TLR4",2
"GO:0032722","positive regulation of chemokine production","2/19","73/18860",0.0273972602739726,27.1953857245854,7.12101115516411,0.00242146154412771,0.0127069077220416,0.00501689609810922,"TLR4/HIF1A",2
"GO:1904888","cranial skeletal system development","2/19","73/18860",0.0273972602739726,27.1953857245854,7.12101115516411,0.00242146154412771,0.0127069077220416,0.00501689609810922,"SMAD2/RUNX2",2
"GO:0002711","positive regulation of T cell mediated immunity","2/19","74/18860",0.027027027027027,26.827880512091,7.06922208175347,0.00248723251889703,0.0129697014313464,0.00512065137544798,"TRAF6/NLRP3",2
"GO:0010611","regulation of cardiac muscle hypertrophy","2/19","74/18860",0.027027027027027,26.827880512091,7.06922208175347,0.00248723251889703,0.0129697014313464,0.00512065137544798,"FOXO1/PPARG",2
"GO:0002699","positive regulation of immune effector process","3/19","276/18860",0.0108695652173913,10.7894736842105,5.20269589911723,0.00252521157520873,0.0131263356409435,0.00518249313680705,"TRAF6/NLRP3/TLR4",3
"GO:0045670","regulation of osteoclast differentiation","2/19","75/18860",0.0266666666666667,26.4701754385965,7.01844861065021,0.0025538441325316,0.0131511038974291,0.00519227205171206,"TRAF6/TLR4",2
"GO:1902893","regulation of miRNA transcription","2/19","75/18860",0.0266666666666667,26.4701754385965,7.01844861065021,0.0025538441325316,0.0131511038974291,0.00519227205171206,"HIF1A/PPARG",2
"GO:2000036","regulation of stem cell population maintenance","2/19","75/18860",0.0266666666666667,26.4701754385965,7.01844861065021,0.0025538441325316,0.0131511038974291,0.00519227205171206,"HMGA2/BMP7",2
"GO:0060828","regulation of canonical Wnt signaling pathway","3/19","278/18860",0.0107913669064748,10.7118515713745,5.18038887906499,0.00257742718687306,0.0132313265214322,0.00522394526270447,"COL1A1/FOXO1/DKK3",3
"GO:0046635","positive regulation of alpha-beta T cell activation","2/19","76/18860",0.0263157894736842,26.1218836565097,6.9686573753631,0.00262129480648223,0.0133323086618927,0.00526381467212625,"NLRP3/SOCS1",2
"GO:0061614","miRNA transcription","2/19","76/18860",0.0263157894736842,26.1218836565097,6.9686573753631,0.00262129480648223,0.0133323086618927,0.00526381467212625,"HIF1A/PPARG",2
"GO:0071260","cellular response to mechanical stimulus","2/19","76/18860",0.0263157894736842,26.1218836565097,6.9686573753631,0.00262129480648223,0.0133323086618927,0.00526381467212625,"COL1A1/TLR4",2
"GO:0014743","regulation of muscle hypertrophy","2/19","77/18860",0.025974025974026,25.7826384142174,6.91981652804248,0.00268958296424087,0.013595965259603,0.00536791063199531,"FOXO1/PPARG",2
"GO:0032732","positive regulation of interleukin-1 production","2/19","77/18860",0.025974025974026,25.7826384142174,6.91981652804248,0.00268958296424087,0.013595965259603,0.00536791063199531,"NLRP3/TLR4",2
"GO:0003170","heart valve development","2/19","78/18860",0.0256410256410256,25.4520917678812,6.87189565167806,0.0027587070313385,0.0137768662320319,0.0054393333103192,"ADAMTS5/SMAD2",2
"GO:0006879","intracellular iron ion homeostasis","2/19","78/18860",0.0256410256410256,25.4520917678812,6.87189565167806,0.0027587070313385,0.0137768662320319,0.0054393333103192,"SMAD5/HIF1A",2
"GO:0035019","somatic stem cell population maintenance","2/19","78/18860",0.0256410256410256,25.4520917678812,6.87189565167806,0.0027587070313385,0.0137768662320319,0.0054393333103192,"HMGA2/BMP7",2
"GO:0071496","cellular response to external stimulus","2/19","78/18860",0.0256410256410256,25.4520917678812,6.87189565167806,0.0027587070313385,0.0137768662320319,0.0054393333103192,"COL1A1/TLR4",2
"GO:0071695","anatomical structure maturation","3/19","287/18860",0.0104529616724739,10.3759398496241,5.08275162008936,0.00282071077430744,0.0140413932871525,0.0055437729410861,"HIF1A/RUNX2/PPARG",3
"GO:0046425","regulation of receptor signaling pathway via JAK-STAT","2/19","79/18860",0.0253164556962025,25.1299133910726,6.82486567842484,0.00282866543534288,0.0140413932871525,0.0055437729410861,"SOCS1/HMGA2",2
"GO:1903039","positive regulation of leukocyte cell-cell adhesion","3/19","289/18860",0.0103806228373702,10.3041340375159,5.06164159823178,0.00287663884287072,0.0142367784648662,0.00562091422180853,"TRAF6/NLRP3/SOCS1",3
"GO:0140895","cell surface toll-like receptor signaling pathway","2/19","80/18860",0.025,24.8157894736842,6.77869881355797,0.0028994566058564,0.0143068709536735,0.005648587888864,"TRAF6/TLR4",2
"GO:1900076","regulation of cellular response to insulin stimulus","2/19","81/18860",0.0246913580246914,24.5094217024042,6.73336846460369,0.00297107897451388,0.0146166474549745,0.0057708927449831,"SOCS1/PPARG",2
"GO:0014032","neural crest cell development","2/19","82/18860",0.024390243902439,24.2105263157895,6.68884917523489,0.00304353097498041,0.0148844872829663,0.00587664031294878,"HIF1A/BMP7",2
"GO:0046637","regulation of alpha-beta T cell differentiation","2/19","82/18860",0.024390243902439,24.2105263157895,6.68884917523489,0.00304353097498041,0.0148844872829663,0.00587664031294878,"NLRP3/SOCS1",2
"GO:0030500","regulation of bone mineralization","2/19","83/18860",0.0240963855421687,23.9188332276474,6.64511656355724,0.00311681104294917,0.0151979016342035,0.00600038145203691,"HIF1A/BMP7",2
"GO:0003151","outflow tract morphogenesis","2/19","84/18860",0.0238095238095238,23.6340852130326,6.60214726444531,0.00319091761613926,0.0153778041384204,0.0060714099186937,"HIF1A/BMP7",2
"GO:0045913","positive regulation of carbohydrate metabolic process","2/19","84/18860",0.0238095238095238,23.6340852130326,6.60214726444531,0.00319091761613926,0.0153778041384204,0.0060714099186937,"FOXO1/HIF1A",2
"GO:0060390","regulation of SMAD protein signal transduction","2/19","84/18860",0.0238095238095238,23.6340852130326,6.60214726444531,0.00319091761613926,0.0153778041384204,0.0060714099186937,"BMP7/PPARG",2
"GO:2000027","regulation of animal organ morphogenesis","2/19","84/18860",0.0238095238095238,23.6340852130326,6.60214726444531,0.00319091761613926,0.0153778041384204,0.0060714099186937,"BMP7/RUNX2",2
"GO:0051338","regulation of transferase activity","3/19","304/18860",0.00986842105263158,9.79570637119114,4.90963819156606,0.00331811536386288,0.0159443159780969,0.0062950781076958,"TRAF6/PDCD4/HMGA2",3
"GO:2000514","regulation of CD4-positive, alpha-beta T cell activation","2/19","86/18860",0.0232558139534884,23.0844553243574,6.51840990717138,0.00334160403917631,0.0160106419616187,0.00632126469653489,"NLRP3/SOCS1",2
"GO:0002224","toll-like receptor signaling pathway","2/19","88/18860",0.0227272727272727,22.5598086124402,6.43746855301726,0.00349557778628007,0.0166039944848303,0.0065555300287164,"TRAF6/TLR4",2
"GO:0048864","stem cell development","2/19","88/18860",0.0227272727272727,22.5598086124402,6.43746855301726,0.00349557778628007,0.0166039944848303,0.0065555300287164,"HIF1A/BMP7",2
"GO:0062208","positive regulation of pattern recognition receptor signaling pathway","2/19","88/18860",0.0227272727272727,22.5598086124402,6.43746855301726,0.00349557778628007,0.0166039944848303,0.0065555300287164,"NLRP3/TLR4",2
"GO:1903532","positive regulation of secretion by cell","3/19","310/18860",0.00967741935483871,9.60611205432937,4.85176818503789,0.00350575339343794,0.0166046142101803,0.00655577470647421,"TLR4/HIF1A/PPARG",3
"GO:0002752","cell surface pattern recognition receptor signaling pathway","2/19","89/18860",0.0224719101123595,22.3063276167948,6.39799733853106,0.00357379352211817,0.0167350727820435,0.00660728189567099,"TRAF6/TLR4",2
"GO:0046209","nitric oxide metabolic process","2/19","89/18860",0.0224719101123595,22.3063276167948,6.39799733853106,0.00357379352211817,0.0167350727820435,0.00660728189567099,"TLR4/HIF1A",2
"GO:0098586","cellular response to virus","2/19","89/18860",0.0224719101123595,22.3063276167948,6.39799733853106,0.00357379352211817,0.0167350727820435,0.00660728189567099,"NLRP3/HIF1A",2
"GO:2000628","regulation of miRNA metabolic process","2/19","89/18860",0.0224719101123595,22.3063276167948,6.39799733853106,0.00357379352211817,0.0167350727820435,0.00660728189567099,"HIF1A/PPARG",2
"GO:0007492","endoderm development","2/19","90/18860",0.0222222222222222,22.0584795321637,6.35916780627988,0.00365282643191485,0.017008794625226,0.00671535177994723,"HMGA2/SMAD2",2
"GO:0048708","astrocyte differentiation","2/19","90/18860",0.0222222222222222,22.0584795321637,6.35916780627988,0.00365282643191485,0.017008794625226,0.00671535177994723,"TLR4/HMGA2",2
"GO:0001892","embryonic placenta development","2/19","91/18860",0.021978021978022,21.8160786581839,6.32096237524624,0.00373267496750985,0.0171874584393971,0.00678589119140713,"HIF1A/BMP7",2
"GO:0032481","positive regulation of type I interferon production","2/19","91/18860",0.021978021978022,21.8160786581839,6.32096237524624,0.00373267496750985,0.0171874584393971,0.00678589119140713,"TRAF6/TLR4",2
"GO:2001057","reactive nitrogen species metabolic process","2/19","91/18860",0.021978021978022,21.8160786581839,6.32096237524624,0.00373267496750985,0.0171874584393971,0.00678589119140713,"TLR4/HIF1A",2
"GO:0001666","response to hypoxia","3/19","317/18860",0.00946372239747634,9.39398970612651,4.78621518369754,0.00373278740456355,0.0171874584393971,0.00678589119140713,"HIF1A/BMP7/PPARG",3
"GO:0033273","response to vitamin","2/19","92/18860",0.0217391304347826,21.5789473684211,6.28336413350022,0.00381333758275157,0.0175016715954249,0.0069099477117607,"COL1A1/BMP7",2
"GO:0010562","positive regulation of phosphorus metabolic process","3/19","320/18860",0.009375,9.30592105263158,4.75874111602181,0.0038327919646363,0.0175016715954249,0.0069099477117607,"TRAF6/HMGA2/HIF1A",3
"GO:0045937","positive regulation of phosphate metabolic process","3/19","320/18860",0.009375,9.30592105263158,4.75874111602181,0.0038327919646363,0.0175016715954249,0.0069099477117607,"TRAF6/HMGA2/HIF1A",3
"GO:0071230","cellular response to amino acid stimulus","2/19","93/18860",0.021505376344086,21.3469156762875,6.24635680577904,0.0038948127334948,0.0177358827781457,0.0070024181376447,"COL1A1/SOCS1",2
"GO:0001822","kidney development","3/19","323/18860",0.00928792569659443,9.21948834935636,4.7316267278652,0.00393443169886119,0.017867075819279,0.00705421530738559,"SMAD5/SMAD2/BMP7",3
"GO:0002221","pattern recognition receptor signaling pathway","3/19","325/18860",0.00923076923076923,9.16275303643725,4.71374623359406,0.00400310419923574,0.0181291266885936,0.00715767729928237,"TRAF6/NLRP3/TLR4",3
"GO:0007162","negative regulation of cell adhesion","3/19","326/18860",0.00920245398773006,9.134646432031,4.70486382484625,0.00403771519972063,0.0182359104511973,0.00719983728451766,"COL1A1/SOCS1/PTEN",3
"GO:0014033","neural crest cell differentiation","2/19","95/18860",0.0210526315789474,20.8975069252078,6.17405279334689,0.00406019447492433,0.0182377757256791,0.0072005737255523,"HIF1A/BMP7",2
"GO:0072091","regulation of stem cell proliferation","2/19","95/18860",0.0210526315789474,20.8975069252078,6.17405279334689,0.00406019447492433,0.0182377757256791,0.0072005737255523,"HMGA2/RUNX2",2
"GO:2000177","regulation of neural precursor cell proliferation","2/19","96/18860",0.0208333333333333,20.6798245614035,6.13872647549793,0.00414409798733306,0.0185642113091099,0.0073294558612081,"FOXO1/HIF1A",2
"GO:0030217","T cell differentiation","3/19","330/18860",0.00909090909090909,9.02392344497608,4.66971303250046,0.00417799816169014,0.0186151777931909,0.0073495782671241,"NLRP3/SOCS1/RUNX2",3
"GO:0036293","response to decreased oxygen levels","3/19","330/18860",0.00909090909090909,9.02392344497608,4.66971303250046,0.00417799816169014,0.0186151777931909,0.0073495782671241,"HIF1A/BMP7/PPARG",3
"GO:0051047","positive regulation of secretion","3/19","331/18860",0.00906344410876133,8.99666083638098,4.66101862982516,0.00421353019192318,0.0187230252883038,0.00739215823144417,"TLR4/HIF1A/PPARG",3
"GO:0060070","canonical Wnt signaling pathway","3/19","333/18860",0.00900900900900901,8.94262683736368,4.64373983909882,0.00428514995198185,0.01899022217326,0.00749765195492802,"COL1A1/FOXO1/DKK3",3
"GO:0072001","renal system development","3/19","334/18860",0.00898203592814371,8.91585250551528,4.63515490836437,0.00432123829159018,0.0190480183893295,0.00752047085132887,"SMAD5/SMAD2/BMP7",3
"GO:1904951","positive regulation of establishment of protein localization","3/19","334/18860",0.00898203592814371,8.91585250551528,4.63515490836437,0.00432123829159018,0.0190480183893295,0.00752047085132887,"TLR4/HIF1A/PPARG",3
"GO:0043502","regulation of muscle adaptation","2/19","99/18860",0.0202020202020202,20.0531632110579,6.03588350604138,0.00440064066362424,0.0193464335557736,0.00763829006564118,"FOXO1/PPARG",2
"GO:0002758","innate immune response-activating signaling pathway","3/19","342/18860",0.0087719298245614,8.7072945521699,4.56774789320718,0.00461666778726949,0.0202423126057201,0.00799199784477756,"TRAF6/NLRP3/TLR4",3
"GO:0010631","epithelial cell migration","2/19","102/18860",0.0196078431372549,19.4633642930857,5.93747528310816,0.00466439939421393,0.0202901373648306,0.00801087984601838,"PTEN/HIF1A",2
"GO:0046330","positive regulation of JNK cascade","2/19","102/18860",0.0196078431372549,19.4633642930857,5.93747528310816,0.00466439939421393,0.0202901373648306,0.00801087984601838,"TRAF6/TLR4",2
"GO:0071229","cellular response to acid chemical","2/19","102/18860",0.0196078431372549,19.4633642930857,5.93747528310816,0.00466439939421393,0.0202901373648306,0.00801087984601838,"COL1A1/SOCS1",2
"GO:0071375","cellular response to peptide hormone stimulus","3/19","345/18860",0.00869565217391304,8.63157894736842,4.5430367144896,0.00473055470805093,0.0205175513728827,0.00810066663558268,"SOCS1/FOXO1/PPARG",3
"GO:0032755","positive regulation of interleukin-6 production","2/19","103/18860",0.0194174757281553,19.274399591211,5.90560228831112,0.00475391541186574,0.0205175513728827,0.00810066663558268,"TRAF6/TLR4",2
"GO:0071346","cellular response to type II interferon","2/19","103/18860",0.0194174757281553,19.274399591211,5.90560228831112,0.00475391541186574,0.0205175513728827,0.00810066663558268,"TLR4/PPARG",2
"GO:0032602","chemokine production","2/19","104/18860",0.0192307692307692,19.0890688259109,5.87417559675597,0.0048442271112323,0.0207987205580961,0.00821167685294333,"TLR4/HIF1A",2
"GO:0032642","regulation of chemokine production","2/19","104/18860",0.0192307692307692,19.0890688259109,5.87417559675597,0.0048442271112323,0.0207987205580961,0.00821167685294333,"TLR4/HIF1A",2
"GO:0003300","cardiac muscle hypertrophy","2/19","105/18860",0.019047619047619,18.9072681704261,5.8431846237377,0.00493533297207822,0.0210260448526941,0.00830142822216087,"FOXO1/PPARG",2
"GO:0070167","regulation of biomineral tissue development","2/19","105/18860",0.019047619047619,18.9072681704261,5.8431846237377,0.00493533297207822,0.0210260448526941,0.00830142822216087,"HIF1A/BMP7",2
"GO:0090132","epithelium migration","2/19","105/18860",0.019047619047619,18.9072681704261,5.8431846237377,0.00493533297207822,0.0210260448526941,0.00830142822216087,"PTEN/HIF1A",2
"GO:0042063","gliogenesis","3/19","357/18860",0.00840336134453781,8.34144183989385,4.44711696568306,0.00520321582230103,0.0219281190327742,0.00865758194053555,"TLR4/PTEN/HMGA2",3
"GO:0002220","innate immune response activating cell surface receptor signaling pathway","2/19","108/18860",0.0185185185185185,18.3820662768031,5.75272532184677,0.00521340035080476,0.0219281190327742,0.00865758194053555,"TRAF6/TLR4",2
"GO:0002709","regulation of T cell mediated immunity","2/19","108/18860",0.0185185185185185,18.3820662768031,5.75272532184677,0.00521340035080476,0.0219281190327742,0.00865758194053555,"TRAF6/NLRP3",2
"GO:0010586","miRNA metabolic process","2/19","108/18860",0.0185185185185185,18.3820662768031,5.75272532184677,0.00521340035080476,0.0219281190327742,0.00865758194053555,"HIF1A/PPARG",2
"GO:0014897","striated muscle hypertrophy","2/19","108/18860",0.0185185185185185,18.3820662768031,5.75272532184677,0.00521340035080476,0.0219281190327742,0.00865758194053555,"FOXO1/PPARG",2
"GO:0014896","muscle hypertrophy","2/19","110/18860",0.0181818181818182,18.0478468899522,5.69441872472453,0.00540272162864322,0.022575633998814,0.00891323149569503,"FOXO1/PPARG",2
"GO:0090130","tissue migration","2/19","110/18860",0.0181818181818182,18.0478468899522,5.69441872472453,0.00540272162864322,0.022575633998814,0.00891323149569503,"PTEN/HIF1A",2
"GO:0002218","activation of innate immune response","3/19","362/18860",0.00828729281767956,8.22622855481245,4.40846855314769,0.00540831885271044,0.022575633998814,0.00891323149569503,"TRAF6/NLRP3/TLR4",3
"GO:0043367","CD4-positive, alpha-beta T cell differentiation","2/19","111/18860",0.018018018018018,17.8852536747274,5.66583835996613,0.00549856064407519,0.0227228018616407,0.00897133578770162,"NLRP3/SOCS1",2
"GO:0045639","positive regulation of myeloid cell differentiation","2/19","111/18860",0.018018018018018,17.8852536747274,5.66583835996613,0.00549856064407519,0.0227228018616407,0.00897133578770162,"TRAF6/HIF1A",2
"GO:0090100","positive regulation of transmembrane receptor protein serine/threonine kinase signaling pathway","2/19","111/18860",0.018018018018018,17.8852536747274,5.66583835996613,0.00549856064407519,0.0227228018616407,0.00897133578770162,"SMAD2/BMP7",2
"GO:0090398","cellular senescence","2/19","111/18860",0.018018018018018,17.8852536747274,5.66583835996613,0.00549856064407519,0.0227228018616407,0.00897133578770162,"PTEN/HMGA2",2
"GO:0045765","regulation of angiogenesis","3/19","365/18860",0.00821917808219178,8.15861571737563,4.38563485693446,0.00553370683207728,0.0228110159437001,0.00900616415773177,"HMGA2/HIF1A/PPARG",3
"GO:0032355","response to estradiol","2/19","113/18860",0.0176991150442478,17.5687005123428,5.60978137115616,0.00569258789581336,0.0234075815715908,0.00924169807647102,"COL1A1/BMP7",2
"GO:0001933","negative regulation of protein phosphorylation","2/19","114/18860",0.0175438596491228,17.4145891043398,5.58228867251133,0.00579077312514904,0.0237522282279686,0.00937777024315634,"PDCD4/PTEN",2
"GO:1901342","regulation of vasculature development","3/19","375/18860",0.008,7.94105263157895,4.31137103688872,0.00596437010754961,0.0243857371012521,0.00962788996260473,"HMGA2/HIF1A/PPARG",3
"GO:0032611","interleukin-1 beta production","2/19","116/18860",0.0172413793103448,17.1143375680581,5.52833650000932,0.00598947928802684,0.0243857371012521,0.00962788996260473,"NLRP3/TLR4",2
"GO:0032651","regulation of interleukin-1 beta production","2/19","116/18860",0.0172413793103448,17.1143375680581,5.52833650000932,0.00598947928802684,0.0243857371012521,0.00962788996260473,"NLRP3/TLR4",2
"GO:0030316","osteoclast differentiation","2/19","117/18860",0.0170940170940171,16.9680611785875,5.50186236811053,0.0060899972263492,0.0247340673591037,0.00976541647571836,"TRAF6/TLR4",2
"GO:0044344","cellular response to fibroblast growth factor stimulus","2/19","120/18860",0.0166666666666667,16.5438596491228,5.42436433595707,0.00639619253854862,0.0258506265677772,0.0102062524099862,"COL1A1/RUNX2",2
"GO:1902106","negative regulation of leukocyte differentiation","2/19","120/18860",0.0166666666666667,16.5438596491228,5.42436433595707,0.00639619253854862,0.0258506265677772,0.0102062524099862,"SOCS1/TLR4",2
"GO:0030510","regulation of BMP signaling pathway","2/19","124/18860",0.0161290322580645,16.0101867572156,5.32528254796427,0.00681522751372956,0.0274101486136131,0.0108219773556469,"SMAD2/PPARG",2
"GO:0046634","regulation of alpha-beta T cell activation","2/19","124/18860",0.0161290322580645,16.0101867572156,5.32528254796427,0.00681522751372956,0.0274101486136131,0.0108219773556469,"NLRP3/SOCS1",2
"GO:0045582","positive regulation of T cell differentiation","2/19","125/18860",0.016,15.8821052631579,5.30123047323841,0.0069219003862593,0.0277716051905015,0.0109646863553418,"NLRP3/SOCS1",2
"GO:0042326","negative regulation of phosphorylation","2/19","126/18860",0.0158730158730159,15.7560568086884,5.27745439546574,0.0070293359491188,0.0280664065794526,0.0110810787908814,"PDCD4/PTEN",2
"GO:0043500","muscle adaptation","2/19","126/18860",0.0158730158730159,15.7560568086884,5.27745439546574,0.0070293359491188,0.0280664065794526,0.0110810787908814,"FOXO1/PPARG",2
"GO:1903707","negative regulation of hemopoiesis","2/19","127/18860",0.015748031496063,15.6319933692499,5.25394891222575,0.00713753272511335,0.0284297387821985,0.0112245283185042,"SOCS1/TLR4",2
"GO:1903037","regulation of leukocyte cell-cell adhesion","3/19","401/18860",0.00748129675810474,7.42617141357134,4.13051841988265,0.00717709199291186,0.0285185890968348,0.0112596078836168,"TRAF6/NLRP3/SOCS1",3
"GO:0002460","adaptive immune response based on somatic recombination of immune receptors built from immunoglobulin superfamily domains","3/19","402/18860",0.00746268656716418,7.4076983503535,4.1238885552953,0.00722645780541629,0.0285881783103452,0.01128708284931,"TRAF6/NLRP3/TLR4",3
"GO:0045860","positive regulation of protein kinase activity","2/19","128/18860",0.015625,15.5098684210526,5.23070876861865,0.00724648923898042,0.0285881783103452,0.01128708284931,"TRAF6/HMGA2",2
"GO:0071774","response to fibroblast growth factor","2/19","128/18860",0.015625,15.5098684210526,5.23070876861865,0.00724648923898042,0.0285881783103452,0.01128708284931,"COL1A1/RUNX2",2
"GO:0050863","regulation of T cell activation","3/19","404/18860",0.00742574257425743,7.37102657634184,4.11069698491563,0.00732580112168906,0.0287465844934796,0.0113496242149567,"TRAF6/NLRP3/SOCS1",3
"GO:0030326","embryonic limb morphogenesis","2/19","129/18860",0.0155038759689922,15.3896368829049,5.20772885211886,0.00735620401738769,0.0287465844934796,0.0113496242149567,"BMP7/RUNX2",2
"GO:0034341","response to type II interferon","2/19","129/18860",0.0155038759689922,15.3896368829049,5.20772885211886,0.00735620401738769,0.0287465844934796,0.0113496242149567,"TLR4/PPARG",2
"GO:0035113","embryonic appendage morphogenesis","2/19","129/18860",0.0155038759689922,15.3896368829049,5.20772885211886,0.00735620401738769,0.0287465844934796,0.0113496242149567,"BMP7/RUNX2",2
"GO:0001818","negative regulation of cytokine production","3/19","405/18860",0.00740740740740741,7.35282651072125,4.10413500256149,0.00737577906769983,0.0287551009408203,0.011352986648396,"PDCD4/NLRP3/TLR4",3
"GO:2001233","regulation of apoptotic signaling pathway","3/19","406/18860",0.00738916256157635,7.33471610059632,4.09759537303136,0.00742596149861849,0.0288826220169797,0.01140333406599,"TLR4/HIF1A/PPARG",3
"GO:0043200","response to amino acid","2/19","130/18860",0.0153846153846154,15.2712550607287,5.18500418764634,0.00746667558893087,0.0289728045739501,0.0114389396222811,"COL1A1/SOCS1",2
"GO:0072089","stem cell proliferation","2/19","131/18860",0.0152671755725191,15.1546805946163,5.16252993284504,0.00757790248413171,0.0293355335041445,0.0115821509679814,"HMGA2/RUNX2",2
"GO:0002761","regulation of myeloid leukocyte differentiation","2/19","132/18860",0.0151515151515152,15.0398724082935,5.14030137355818,0.00768988323543582,0.0296302493896863,0.0116985096453692,"TRAF6/TLR4",2
"GO:0002824","positive regulation of adaptive immune response based on somatic recombination of immune receptors built from immunoglobulin superfamily domains","2/19","132/18860",0.0151515151515152,15.0398724082935,5.14030137355818,0.00768988323543582,0.0296302493896863,0.0116985096453692,"TRAF6/NLRP3",2
"GO:0003206","cardiac chamber morphogenesis","2/19","134/18860",0.0149253731343284,14.815396700707,5.09656310005044,0.00791610044574362,0.0304309628763121,0.0120146444953759,"HIF1A/BMP7",2
"GO:0007259","cell surface receptor signaling pathway via JAK-STAT","2/19","135/18860",0.0148148148148148,14.7056530214425,5.07504456035742,0.00803033397923949,0.0307984734749022,0.01215974372238,"SOCS1/HMGA2",2
"GO:0030900","forebrain development","3/19","419/18860",0.00715990453460621,7.10714734329858,4.01455425486362,0.00809703909415858,0.0308105413065323,0.0121645083007292,"PTEN/HMGA2/HIF1A",3
"GO:0021782","glial cell development","2/19","136/18860",0.0147058823529412,14.5975232198142,5.05375405741651,0.0081453155178189,0.0308105413065323,0.0121645083007292,"TLR4/PTEN",2
"GO:0032479","regulation of type I interferon production","2/19","136/18860",0.0147058823529412,14.5975232198142,5.05375405741651,0.0081453155178189,0.0308105413065323,0.0121645083007292,"TRAF6/TLR4",2
"GO:0032606","type I interferon production","2/19","136/18860",0.0147058823529412,14.5975232198142,5.05375405741651,0.0081453155178189,0.0308105413065323,0.0121645083007292,"TRAF6/TLR4",2
"GO:0032612","interleukin-1 production","2/19","136/18860",0.0147058823529412,14.5975232198142,5.05375405741651,0.0081453155178189,0.0308105413065323,0.0121645083007292,"NLRP3/TLR4",2
"GO:0032652","regulation of interleukin-1 production","2/19","136/18860",0.0147058823529412,14.5975232198142,5.05375405741651,0.0081453155178189,0.0308105413065323,0.0121645083007292,"NLRP3/TLR4",2
"GO:0002697","regulation of immune effector process","3/19","421/18860",0.00712589073634204,7.07338417302163,4.00209390853471,0.00820338204464163,0.0309593390862845,0.0122232561107373,"TRAF6/NLRP3/TLR4",3
"GO:0002708","positive regulation of lymphocyte mediated immunity","2/19","137/18860",0.0145985401459854,14.490971955436,5.0326874564424,0.00826104360351595,0.0309648641193013,0.012225437484616,"TRAF6/NLRP3",2
"GO:0008286","insulin receptor signaling pathway","2/19","137/18860",0.0145985401459854,14.490971955436,5.0326874564424,0.00826104360351595,0.0309648641193013,0.012225437484616,"SOCS1/FOXO1",2
"GO:0033674","positive regulation of kinase activity","2/19","137/18860",0.0145985401459854,14.490971955436,5.0326874564424,0.00826104360351595,0.0309648641193013,0.012225437484616,"TRAF6/HMGA2",2
"GO:0002821","positive regulation of adaptive immune response","2/19","138/18860",0.0144927536231884,14.3859649122807,5.01184072733173,0.00837751678027625,0.0311191803096554,0.0122863640538646,"TRAF6/NLRP3",2
"GO:0007368","determination of left/right symmetry","2/19","138/18860",0.0144927536231884,14.3859649122807,5.01184072733173,0.00837751678027625,0.0311191803096554,0.0122863640538646,"SMAD2/HIF1A",2
"GO:0035270","endocrine system development","2/19","138/18860",0.0144927536231884,14.3859649122807,5.01184072733173,0.00837751678027625,0.0311191803096554,0.0122863640538646,"DKK3/HMGA2",2
"GO:0035710","CD4-positive, alpha-beta T cell activation","2/19","138/18860",0.0144927536231884,14.3859649122807,5.01184072733173,0.00837751678027625,0.0311191803096554,0.0122863640538646,"NLRP3/SOCS1",2
"GO:0039531","regulation of cytoplasmic pattern recognition receptor signaling pathway","2/19","139/18860",0.0143884892086331,14.2824687618326,4.99120994127478,0.00849473359395484,0.0314838444636936,0.0124303394577579,"NLRP3/TLR4",2
"GO:0002456","T cell mediated immunity","2/19","141/18860",0.0141843971631206,14.0798805524449,4.95058097014744,0.00873139232502174,0.03214474724557,0.0126912747427347,"TRAF6/NLRP3",2
"GO:0045621","positive regulation of lymphocyte differentiation","2/19","141/18860",0.0141843971631206,14.0798805524449,4.95058097014744,0.00873139232502174,0.03214474724557,0.0126912747427347,"NLRP3/SOCS1",2
"GO:0048565","digestive tract development","2/19","141/18860",0.0141843971631206,14.0798805524449,4.95058097014744,0.00873139232502174,0.03214474724557,0.0126912747427347,"SMAD2/HIF1A",2
"GO:0045089","positive regulation of innate immune response","3/19","432/18860",0.00694444444444444,6.89327485380117,3.93498991822734,0.0088031720266667,0.0323369852446224,0.0127671734655751,"TRAF6/NLRP3/TLR4",3
"GO:0046632","alpha-beta T cell differentiation","2/19","143/18860",0.013986013986014,13.882959146117,4.91077101788957,0.008971008201667,0.0328076914985742,0.012953016034079,"NLRP3/SOCS1",2
"GO:0048593","camera-type eye morphogenesis","2/19","143/18860",0.013986013986014,13.882959146117,4.91077101788957,0.008971008201667,0.0328076914985742,0.012953016034079,"HIF1A/BMP7",2
"GO:0001101","response to acid chemical","2/19","144/18860",0.0138888888888889,13.7865497076023,4.89116433932615,0.00909192145444798,0.033176481598681,0.0130986204293197,"COL1A1/SOCS1",2
"GO:0060972","left/right pattern formation","2/19","145/18860",0.0137931034482759,13.6914700544465,4.87175198441165,0.00921356965925992,0.0335463230104772,0.0132446398997012,"SMAD2/HIF1A",2
"GO:0030098","lymphocyte differentiation","3/19","441/18860",0.00680272108843537,6.75259577515217,3.88181009144296,0.00931279725513857,0.0338330854126243,0.0133578584110721,"NLRP3/SOCS1/RUNX2",3
"GO:0009799","specification of symmetry","2/19","148/18860",0.0135135135135135,13.4139402560455,4.81464820994699,0.00958290958697772,0.0346620340202936,0.0136851409511141,"SMAD2/HIF1A",2
"GO:0009855","determination of bilateral symmetry","2/19","148/18860",0.0135135135135135,13.4139402560455,4.81464820994699,0.00958290958697772,0.0346620340202936,0.0136851409511141,"SMAD2/HIF1A",2
"GO:0010565","regulation of ketone metabolic process","2/19","149/18860",0.0134228187919463,13.3239138113741,4.79598088107822,0.00970748321046641,0.034689020773069,0.0136957957648313,"DKK3/PPARG",2
"GO:0090090","negative regulation of canonical Wnt signaling pathway","2/19","150/18860",0.0133333333333333,13.2350877192982,4.77749211660203,0.00983278460071205,0.034689020773069,0.0136957957648313,"FOXO1/DKK3",2
"GO:0071333","cellular response to glucose stimulus","2/19","151/18860",0.0132450331125828,13.1474381317532,4.75917898186684,0.00995881232632239,0.034689020773069,0.0136957957648313,"COL1A1/HIF1A",2
"GO:0120161","regulation of cold-induced thermogenesis","2/19","151/18860",0.0132450331125828,13.1474381317532,4.75917898186684,0.00995881232632239,0.034689020773069,0.0136957957648313,"ADAMTS5/TLR4",2
"GO:0032102","negative regulation of response to external stimulus","3/19","452/18860",0.00663716814159292,6.58826269212855,3.81879973440794,0.00995896850647435,0.034689020773069,0.0136957957648313,"NLRP3/PTEN/PPARG",3
"GO:0002069","columnar/cuboidal epithelial cell maturation","1/19","10/18860",0.1,99.2631578947368,9.870046430457,0.0100310658980804,0.034689020773069,0.0136957957648313,"HIF1A",1
"GO:0003140","determination of left/right asymmetry in lateral mesoderm","1/19","10/18860",0.1,99.2631578947368,9.870046430457,0.0100310658980804,0.034689020773069,0.0136957957648313,"SMAD2",1
"GO:0003253","cardiac neural crest cell migration involved in outflow tract morphogenesis","1/19","10/18860",0.1,99.2631578947368,9.870046430457,0.0100310658980804,0.034689020773069,0.0136957957648313,"BMP7",1
"GO:0031946","regulation of glucocorticoid biosynthetic process","1/19","10/18860",0.1,99.2631578947368,9.870046430457,0.0100310658980804,0.034689020773069,0.0136957957648313,"DKK3",1
"GO:0032364","intracellular oxygen homeostasis","1/19","10/18860",0.1,99.2631578947368,9.870046430457,0.0100310658980804,0.034689020773069,0.0136957957648313,"HIF1A",1
"GO:0032627","interleukin-23 production","1/19","10/18860",0.1,99.2631578947368,9.870046430457,0.0100310658980804,0.034689020773069,0.0136957957648313,"TLR4",1
"GO:0032667","regulation of interleukin-23 production","1/19","10/18860",0.1,99.2631578947368,9.870046430457,0.0100310658980804,0.034689020773069,0.0136957957648313,"TLR4",1
"GO:0048617","embryonic foregut morphogenesis","1/19","10/18860",0.1,99.2631578947368,9.870046430457,0.0100310658980804,0.034689020773069,0.0136957957648313,"SMAD2",1
"GO:0060346","bone trabecula formation","1/19","10/18860",0.1,99.2631578947368,9.870046430457,0.0100310658980804,0.034689020773069,0.0136957957648313,"COL1A1",1
"GO:0060613","fat pad development","1/19","10/18860",0.1,99.2631578947368,9.870046430457,0.0100310658980804,0.034689020773069,0.0136957957648313,"HMGA2",1
"GO:0070244","negative regulation of thymocyte apoptotic process","1/19","10/18860",0.1,99.2631578947368,9.870046430457,0.0100310658980804,0.034689020773069,0.0136957957648313,"HIF1A",1
"GO:0070303","negative regulation of stress-activated protein kinase signaling cascade","1/19","10/18860",0.1,99.2631578947368,9.870046430457,0.0100310658980804,0.034689020773069,0.0136957957648313,"FOXO1",1
"GO:0070432","regulation of nucleotide-binding oligomerization domain containing 2 signaling pathway","1/19","10/18860",0.1,99.2631578947368,9.870046430457,0.0100310658980804,0.034689020773069,0.0136957957648313,"TLR4",1
"GO:0071838","cell proliferation in bone marrow","1/19","10/18860",0.1,99.2631578947368,9.870046430457,0.0100310658980804,0.034689020773069,0.0136957957648313,"HMGA2",1
"GO:0072203","cell proliferation involved in metanephros development","1/19","10/18860",0.1,99.2631578947368,9.870046430457,0.0100310658980804,0.034689020773069,0.0136957957648313,"BMP7",1
"GO:1904760","regulation of myofibroblast differentiation","1/19","10/18860",0.1,99.2631578947368,9.870046430457,0.0100310658980804,0.034689020773069,0.0136957957648313,"PDCD4",1
"GO:0050671","positive regulation of lymphocyte proliferation","2/19","153/18860",0.0130718954248366,12.9755761953904,4.72306819812288,0.01021304106748,0.0352445863977962,0.0139151422081916,"TRAF6/TLR4",2
"GO:0071331","cellular response to hexose stimulus","2/19","154/18860",0.012987012987013,12.8913192071087,4.70526500904616,0.0103412392296484,0.0354648722958688,0.0140021147027342,"COL1A1/HIF1A",2
"GO:0106106","cold-induced thermogenesis","2/19","154/18860",0.012987012987013,12.8913192071087,4.70526500904616,0.0103412392296484,0.0354648722958688,0.0140021147027342,"ADAMTS5/TLR4",2
"GO:2001235","positive regulation of apoptotic signaling pathway","2/19","154/18860",0.012987012987013,12.8913192071087,4.70526500904616,0.0103412392296484,0.0354648722958688,0.0140021147027342,"TLR4/PPARG",2
"GO:1903829","positive regulation of protein localization","3/19","459/18860",0.0065359477124183,6.48778809769522,3.7797851938751,0.0103836101969072,0.0355364547732661,0.0140303766417837,"TLR4/HIF1A/PPARG",3
"GO:0032946","positive regulation of mononuclear cell proliferation","2/19","155/18860",0.0129032258064516,12.8081494057725,4.68762636582043,0.0104701580204197,0.0356848890881522,0.0140889809498866,"TRAF6/TLR4",2
"GO:0055123","digestive system development","2/19","155/18860",0.0129032258064516,12.8081494057725,4.68762636582043,0.0104701580204197,0.0356848890881522,0.0140889809498866,"SMAD2/HIF1A",2
"GO:0030218","erythrocyte differentiation","2/19","156/18860",0.0128205128205128,12.7260458839406,4.67014965176115,0.0105997960177952,0.0359581705653922,0.0141968769704481,"SMAD5/HIF1A",2
"GO:0071326","cellular response to monosaccharide stimulus","2/19","156/18860",0.0128205128205128,12.7260458839406,4.67014965176115,0.0105997960177952,0.0359581705653922,0.0141968769704481,"COL1A1/HIF1A",2
"GO:0035107","appendage morphogenesis","2/19","157/18860",0.0127388535031847,12.6449882668455,4.65283230837222,0.0107301518016487,0.0359581705653922,0.0141968769704481,"BMP7/RUNX2",2
"GO:0035108","limb morphogenesis","2/19","157/18860",0.0127388535031847,12.6449882668455,4.65283230837222,0.0107301518016487,0.0359581705653922,0.0141968769704481,"BMP7/RUNX2",2
"GO:0046887","positive regulation of hormone secretion","2/19","157/18860",0.0127388535031847,12.6449882668455,4.65283230837222,0.0107301518016487,0.0359581705653922,0.0141968769704481,"HIF1A/PPARG",2
"GO:0002833","positive regulation of response to biotic stimulus","3/19","465/18860",0.00645161290322581,6.40407470288625,3.74698608383121,0.0107559620961095,0.0359581705653922,0.0141968769704481,"TRAF6/NLRP3/TLR4",3
"GO:0002705","positive regulation of leukocyte mediated immunity","2/19","159/18860",0.0125786163522013,12.4859318106587,4.61866578068365,0.0109930110576352,0.0359581705653922,0.0141968769704481,"TRAF6/NLRP3",2
"GO:0043535","regulation of blood vessel endothelial cell migration","2/19","159/18860",0.0125786163522013,12.4859318106587,4.61866578068365,0.0109930110576352,0.0359581705653922,0.0141968769704481,"HIF1A/PPARG",2
"GO:0007440","foregut morphogenesis","1/19","11/18860",0.0909090909090909,90.2392344497608,9.40139234425897,0.0110289125690586,0.0359581705653922,0.0141968769704481,"SMAD2",1
"GO:0010887","negative regulation of cholesterol storage","1/19","11/18860",0.0909090909090909,90.2392344497608,9.40139234425897,0.0110289125690586,0.0359581705653922,0.0141968769704481,"PPARG",1
"GO:0031666","positive regulation of lipopolysaccharide-mediated signaling pathway","1/19","11/18860",0.0909090909090909,90.2392344497608,9.40139234425897,0.0110289125690586,0.0359581705653922,0.0141968769704481,"TRAF6",1
"GO:0032342","aldosterone biosynthetic process","1/19","11/18860",0.0909090909090909,90.2392344497608,9.40139234425897,0.0110289125690586,0.0359581705653922,0.0141968769704481,"DKK3",1
"GO:0042487","regulation of odontogenesis of dentin-containing tooth","1/19","11/18860",0.0909090909090909,90.2392344497608,9.40139234425897,0.0110289125690586,0.0359581705653922,0.0141968769704481,"RUNX2",1
"GO:0045869","negative regulation of single stranded viral RNA replication via double stranded DNA intermediate","1/19","11/18860",0.0909090909090909,90.2392344497608,9.40139234425897,0.0110289125690586,0.0359581705653922,0.0141968769704481,"HMGA2",1
"GO:0048340","paraxial mesoderm morphogenesis","1/19","11/18860",0.0909090909090909,90.2392344497608,9.40139234425897,0.0110289125690586,0.0359581705653922,0.0141968769704481,"SMAD2",1
"GO:0060729","intestinal epithelial structure maintenance","1/19","11/18860",0.0909090909090909,90.2392344497608,9.40139234425897,0.0110289125690586,0.0359581705653922,0.0141968769704481,"TLR4",1
"GO:0070391","response to lipoteichoic acid","1/19","11/18860",0.0909090909090909,90.2392344497608,9.40139234425897,0.0110289125690586,0.0359581705653922,0.0141968769704481,"TLR4",1
"GO:0071223","cellular response to lipoteichoic acid","1/19","11/18860",0.0909090909090909,90.2392344497608,9.40139234425897,0.0110289125690586,0.0359581705653922,0.0141968769704481,"TLR4",1
"GO:0072124","regulation of glomerular mesangial cell proliferation","1/19","11/18860",0.0909090909090909,90.2392344497608,9.40139234425897,0.0110289125690586,0.0359581705653922,0.0141968769704481,"BMP7",1
"GO:0097090","presynaptic membrane organization","1/19","11/18860",0.0909090909090909,90.2392344497608,9.40139234425897,0.0110289125690586,0.0359581705653922,0.0141968769704481,"PTEN",1
"GO:1901031","regulation of response to reactive oxygen species","1/19","11/18860",0.0909090909090909,90.2392344497608,9.40139234425897,0.0110289125690586,0.0359581705653922,0.0141968769704481,"BMP7",1
"GO:1903689","regulation of wound healing, spreading of epidermal cells","1/19","11/18860",0.0909090909090909,90.2392344497608,9.40139234425897,0.0110289125690586,0.0359581705653922,0.0141968769704481,"PTEN",1
"GO:0051347","positive regulation of transferase activity","2/19","161/18860",0.0124223602484472,12.3308270676692,4.58510741703565,0.0112587244647442,0.0366351801972877,0.0144641715046444,"TRAF6/HMGA2",2
"GO:0071322","cellular response to carbohydrate stimulus","2/19","165/18860",0.0121212121212121,12.0318979266348,4.51974182754352,0.0117986685868843,0.0372957933914196,0.0147249924556183,"COL1A1/HIF1A",2
"GO:0022411","cellular component disassembly","3/19","483/18860",0.0062111801242236,6.16541353383459,3.65195577617966,0.0119197432330049,0.0372957933914196,0.0147249924556183,"ADAMTS5/MMP13/ADAMTS4",3
"GO:0048754","branching morphogenesis of an epithelial tube","2/19","166/18860",0.0120481927710843,11.9594166138237,4.50375251248384,0.0119354208513338,0.0372957933914196,0.0147249924556183,"HMGA2/BMP7",2
"GO:0002068","glandular epithelial cell development","1/19","12/18860",0.0833333333333333,82.719298245614,8.99221683864415,0.0120258063385521,0.0372957933914196,0.0147249924556183,"HIF1A",1
"GO:0006705","mineralocorticoid biosynthetic process","1/19","12/18860",0.0833333333333333,82.719298245614,8.99221683864415,0.0120258063385521,0.0372957933914196,0.0147249924556183,"DKK3",1
"GO:0007056","spindle assembly involved in female meiosis","1/19","12/18860",0.0833333333333333,82.719298245614,8.99221683864415,0.0120258063385521,0.0372957933914196,0.0147249924556183,"PTEN",1
"GO:0031943","regulation of glucocorticoid metabolic process","1/19","12/18860",0.0833333333333333,82.719298245614,8.99221683864415,0.0120258063385521,0.0372957933914196,0.0147249924556183,"DKK3",1
"GO:0032741","positive regulation of interleukin-18 production","1/19","12/18860",0.0833333333333333,82.719298245614,8.99221683864415,0.0120258063385521,0.0372957933914196,0.0147249924556183,"NLRP3",1
"GO:0034651","cortisol biosynthetic process","1/19","12/18860",0.0833333333333333,82.719298245614,8.99221683864415,0.0120258063385521,0.0372957933914196,0.0147249924556183,"DKK3",1
"GO:0038063","collagen-activated tyrosine kinase receptor signaling pathway","1/19","12/18860",0.0833333333333333,82.719298245614,8.99221683864415,0.0120258063385521,0.0372957933914196,0.0147249924556183,"COL1A1",1
"GO:0043507","positive regulation of JUN kinase activity","1/19","12/18860",0.0833333333333333,82.719298245614,8.99221683864415,0.0120258063385521,0.0372957933914196,0.0147249924556183,"TRAF6",1
"GO:0043589","skin morphogenesis","1/19","12/18860",0.0833333333333333,82.719298245614,8.99221683864415,0.0120258063385521,0.0372957933914196,0.0147249924556183,"COL1A1",1
"GO:0045628","regulation of T-helper 2 cell differentiation","1/19","12/18860",0.0833333333333333,82.719298245614,8.99221683864415,0.0120258063385521,0.0372957933914196,0.0147249924556183,"NLRP3",1
"GO:0060272","embryonic skeletal joint morphogenesis","1/19","12/18860",0.0833333333333333,82.719298245614,8.99221683864415,0.0120258063385521,0.0372957933914196,0.0147249924556183,"BMP7",1
"GO:0060502","epithelial cell proliferation involved in lung morphogenesis","1/19","12/18860",0.0833333333333333,82.719298245614,8.99221683864415,0.0120258063385521,0.0372957933914196,0.0147249924556183,"HMGA2",1
"GO:0060601","lateral sprouting from an epithelium","1/19","12/18860",0.0833333333333333,82.719298245614,8.99221683864415,0.0120258063385521,0.0372957933914196,0.0147249924556183,"BMP7",1
"GO:0061309","cardiac neural crest cell development involved in outflow tract morphogenesis","1/19","12/18860",0.0833333333333333,82.719298245614,8.99221683864415,0.0120258063385521,0.0372957933914196,0.0147249924556183,"BMP7",1
"GO:0070099","regulation of chemokine-mediated signaling pathway","1/19","12/18860",0.0833333333333333,82.719298245614,8.99221683864415,0.0120258063385521,0.0372957933914196,0.0147249924556183,"HIF1A",1
"GO:0071257","cellular response to electrical stimulus","1/19","12/18860",0.0833333333333333,82.719298245614,8.99221683864415,0.0120258063385521,0.0372957933914196,0.0147249924556183,"PTEN",1
"GO:0072110","glomerular mesangial cell proliferation","1/19","12/18860",0.0833333333333333,82.719298245614,8.99221683864415,0.0120258063385521,0.0372957933914196,0.0147249924556183,"BMP7",1
"GO:0090394","negative regulation of excitatory postsynaptic potential","1/19","12/18860",0.0833333333333333,82.719298245614,8.99221683864415,0.0120258063385521,0.0372957933914196,0.0147249924556183,"PTEN",1
"GO:1901202","negative regulation of extracellular matrix assembly","1/19","12/18860",0.0833333333333333,82.719298245614,8.99221683864415,0.0120258063385521,0.0372957933914196,0.0147249924556183,"PPARG",1
"GO:1902645","tertiary alcohol biosynthetic process","1/19","12/18860",0.0833333333333333,82.719298245614,8.99221683864415,0.0120258063385521,0.0372957933914196,0.0147249924556183,"DKK3",1
"GO:1904672","regulation of somatic stem cell population maintenance","1/19","12/18860",0.0833333333333333,82.719298245614,8.99221683864415,0.0120258063385521,0.0372957933914196,0.0147249924556183,"BMP7",1
"GO:2000343","positive regulation of chemokine (C-X-C motif) ligand 2 production","1/19","12/18860",0.0833333333333333,82.719298245614,8.99221683864415,0.0120258063385521,0.0372957933914196,0.0147249924556183,"TLR4",1
"GO:0003012","muscle system process","3/19","485/18860",0.00618556701030928,6.13998914812805,3.64169486245571,0.0120534044840748,0.0373018044042273,0.014727365702309,"FOXO1/SMAD5/PPARG",3
"GO:0034101","erythrocyte homeostasis","2/19","167/18860",0.0119760479041916,11.887803340687,4.48789984576359,0.012072876803546,0.0373018044042273,0.014727365702309,"SMAD5/HIF1A",2
"GO:0002443","leukocyte mediated immunity","3/19","488/18860",0.00614754098360656,6.10224331320104,3.62641091950956,0.0122555366105075,0.0377955261514344,0.0149222951659753,"TRAF6/NLRP3/TLR4",3
"GO:1990845","adaptive thermogenesis","2/19","171/18860",0.0116959064327485,11.6097260695599,4.42581595632979,0.0126297095245135,0.0383974087233618,0.0151599283016425,"ADAMTS5/TLR4",2
"GO:0035051","cardiocyte differentiation","2/19","172/18860",0.0116279069767442,11.5422276621787,4.41061710476499,0.0127706629575597,0.0383974087233618,0.0151599283016425,"PDCD4/BMP7",2
"GO:0070665","positive regulation of leukocyte proliferation","2/19","173/18860",0.0115606936416185,11.4755095832066,4.39554340738339,0.0129123117080872,0.0383974087233618,0.0151599283016425,"TRAF6/TLR4",2
"GO:0002674","negative regulation of acute inflammatory response","1/19","13/18860",0.0769230769230769,76.3562753036437,8.63086136874584,0.0130217480660333,0.0383974087233618,0.0151599283016425,"NLRP3",1
"GO:0010572","positive regulation of platelet activation","1/19","13/18860",0.0769230769230769,76.3562753036437,8.63086136874584,0.0130217480660333,0.0383974087233618,0.0151599283016425,"TLR4",1
"GO:0032341","aldosterone metabolic process","1/19","13/18860",0.0769230769230769,76.3562753036437,8.63086136874584,0.0130217480660333,0.0383974087233618,0.0151599283016425,"DKK3",1
"GO:0032490","detection of molecule of bacterial origin","1/19","13/18860",0.0769230769230769,76.3562753036437,8.63086136874584,0.0130217480660333,0.0383974087233618,0.0151599283016425,"TLR4",1
"GO:0034116","positive regulation of heterotypic cell-cell adhesion","1/19","13/18860",0.0769230769230769,76.3562753036437,8.63086136874584,0.0130217480660333,0.0383974087233618,0.0151599283016425,"BMP7",1
"GO:0035745","T-helper 2 cell cytokine production","1/19","13/18860",0.0769230769230769,76.3562753036437,8.63086136874584,0.0130217480660333,0.0383974087233618,0.0151599283016425,"NLRP3",1
"GO:0036006","cellular response to macrophage colony-stimulating factor stimulus","1/19","13/18860",0.0769230769230769,76.3562753036437,8.63086136874584,0.0130217480660333,0.0383974087233618,0.0151599283016425,"TLR4",1
"GO:0036295","cellular response to increased oxygen levels","1/19","13/18860",0.0769230769230769,76.3562753036437,8.63086136874584,0.0130217480660333,0.0383974087233618,0.0151599283016425,"FOXO1",1
"GO:0043922","host-mediated suppression of viral transcription","1/19","13/18860",0.0769230769230769,76.3562753036437,8.63086136874584,0.0130217480660333,0.0383974087233618,0.0151599283016425,"HMGA2",1
"GO:0048853","forebrain morphogenesis","1/19","13/18860",0.0769230769230769,76.3562753036437,8.63086136874584,0.0130217480660333,0.0383974087233618,0.0151599283016425,"PTEN",1
"GO:0060123","regulation of growth hormone secretion","1/19","13/18860",0.0769230769230769,76.3562753036437,8.63086136874584,0.0130217480660333,0.0383974087233618,0.0151599283016425,"HMGA2",1
"GO:0060442","branching involved in prostate gland morphogenesis","1/19","13/18860",0.0769230769230769,76.3562753036437,8.63086136874584,0.0130217480660333,0.0383974087233618,0.0151599283016425,"BMP7",1
"GO:0061430","bone trabecula morphogenesis","1/19","13/18860",0.0769230769230769,76.3562753036437,8.63086136874584,0.0130217480660333,0.0383974087233618,0.0151599283016425,"COL1A1",1
"GO:0070486","leukocyte aggregation","1/19","13/18860",0.0769230769230769,76.3562753036437,8.63086136874584,0.0130217480660333,0.0383974087233618,0.0151599283016425,"BMP7",1
"GO:0097400","interleukin-17-mediated signaling pathway","1/19","13/18860",0.0769230769230769,76.3562753036437,8.63086136874584,0.0130217480660333,0.0383974087233618,0.0151599283016425,"TRAF6",1
"GO:1903867","extraembryonic membrane development","1/19","13/18860",0.0769230769230769,76.3562753036437,8.63086136874584,0.0130217480660333,0.0383974087233618,0.0151599283016425,"BMP7",1
"GO:1904179","positive regulation of adipose tissue development","1/19","13/18860",0.0769230769230769,76.3562753036437,8.63086136874584,0.0130217480660333,0.0383974087233618,0.0151599283016425,"PPARG",1
"GO:1904464","regulation of matrix metallopeptidase secretion","1/19","13/18860",0.0769230769230769,76.3562753036437,8.63086136874584,0.0130217480660333,0.0383974087233618,0.0151599283016425,"TLR4",1
"GO:1905064","negative regulation of vascular associated smooth muscle cell differentiation","1/19","13/18860",0.0769230769230769,76.3562753036437,8.63086136874584,0.0130217480660333,0.0383974087233618,0.0151599283016425,"PDCD4",1
"GO:1990773","matrix metallopeptidase secretion","1/19","13/18860",0.0769230769230769,76.3562753036437,8.63086136874584,0.0130217480660333,0.0383974087233618,0.0151599283016425,"TLR4",1
"GO:2000551","regulation of T-helper 2 cell cytokine production","1/19","13/18860",0.0769230769230769,76.3562753036437,8.63086136874584,0.0130217480660333,0.0383974087233618,0.0151599283016425,"NLRP3",1
"GO:0010563","negative regulation of phosphorus metabolic process","2/19","174/18860",0.0114942528735632,11.4095583787054,4.38059308196653,0.013054654387495,0.0383974087233618,0.0151599283016425,"PDCD4/PTEN",2
"GO:0045936","negative regulation of phosphate metabolic process","2/19","174/18860",0.0114942528735632,11.4095583787054,4.38059308196653,0.013054654387495,0.0383974087233618,0.0151599283016425,"PDCD4/PTEN",2
"GO:0003205","cardiac chamber development","2/19","176/18860",0.0113636363636364,11.2799043062201,4.35105559491036,0.0133414159877279,0.039101703240628,0.0154379953572066,"HIF1A/BMP7",2
"GO:0010508","positive regulation of autophagy","2/19","176/18860",0.0113636363636364,11.2799043062201,4.35105559491036,0.0133414159877279,0.039101703240628,0.0154379953572066,"FOXO1/HIF1A",2
"GO:0032635","interleukin-6 production","2/19","177/18860",0.0112994350282486,11.2161760333036,4.33646504289711,0.0134858321405248,0.0393158386742284,0.0155225395472484,"TRAF6/TLR4",2
"GO:0032675","regulation of interleukin-6 production","2/19","177/18860",0.0112994350282486,11.2161760333036,4.33646504289711,0.0134858321405248,0.0393158386742284,0.0155225395472484,"TRAF6/TLR4",2
"GO:0048592","eye morphogenesis","2/19","177/18860",0.0112994350282486,11.2161760333036,4.33646504289711,0.0134858321405248,0.0393158386742284,0.0155225395472484,"HIF1A/BMP7",2
"GO:0046661","male sex differentiation","2/19","178/18860",0.0112359550561798,11.1531638083974,4.32199108036927,0.0136309366861421,0.0396689055320297,0.0156619361479023,"SMAD5/HMGA2",2
"GO:0050796","regulation of insulin secretion","2/19","179/18860",0.0111731843575419,11.0908556306969,4.30763209397507,0.0137767282451407,0.0397421422345359,0.0156908512022239,"FOXO1/HIF1A",2
"GO:0008212","mineralocorticoid metabolic process","1/19","14/18860",0.0714285714285714,70.9022556390977,8.30863671499687,0.0140167386102447,0.0397421422345359,0.0156908512022239,"DKK3",1
"GO:0009950","dorsal/ventral axis specification","1/19","14/18860",0.0714285714285714,70.9022556390977,8.30863671499687,0.0140167386102447,0.0397421422345359,0.0156908512022239,"SMAD2",1
"GO:0010745","negative regulation of macrophage derived foam cell differentiation","1/19","14/18860",0.0714285714285714,70.9022556390977,8.30863671499687,0.0140167386102447,0.0397421422345359,0.0156908512022239,"PPARG",1
"GO:0032352","positive regulation of hormone metabolic process","1/19","14/18860",0.0714285714285714,70.9022556390977,8.30863671499687,0.0140167386102447,0.0397421422345359,0.0156908512022239,"HIF1A",1
"GO:0034650","cortisol metabolic process","1/19","14/18860",0.0714285714285714,70.9022556390977,8.30863671499687,0.0140167386102447,0.0397421422345359,0.0156908512022239,"DKK3",1
"GO:0042541","hemoglobin biosynthetic process","1/19","14/18860",0.0714285714285714,70.9022556390977,8.30863671499687,0.0140167386102447,0.0397421422345359,0.0156908512022239,"HIF1A",1
"GO:0042711","maternal behavior","1/19","14/18860",0.0714285714285714,70.9022556390977,8.30863671499687,0.0140167386102447,0.0397421422345359,0.0156908512022239,"PTEN",1
"GO:0045091","regulation of single stranded viral RNA replication via double stranded DNA intermediate","1/19","14/18860",0.0714285714285714,70.9022556390977,8.30863671499687,0.0140167386102447,0.0397421422345359,0.0156908512022239,"HMGA2",1
"GO:0051547","regulation of keratinocyte migration","1/19","14/18860",0.0714285714285714,70.9022556390977,8.30863671499687,0.0140167386102447,0.0397421422345359,0.0156908512022239,"PTEN",1
"GO:0060134","prepulse inhibition","1/19","14/18860",0.0714285714285714,70.9022556390977,8.30863671499687,0.0140167386102447,0.0397421422345359,0.0156908512022239,"PTEN",1
"GO:0072075","metanephric mesenchyme development","1/19","14/18860",0.0714285714285714,70.9022556390977,8.30863671499687,0.0140167386102447,0.0397421422345359,0.0156908512022239,"BMP7",1
"GO:0140052","cellular response to oxidised low-density lipoprotein particle stimulus","1/19","14/18860",0.0714285714285714,70.9022556390977,8.30863671499687,0.0140167386102447,0.0397421422345359,0.0156908512022239,"TLR4",1
"GO:1902337","regulation of apoptotic process involved in morphogenesis","1/19","14/18860",0.0714285714285714,70.9022556390977,8.30863671499687,0.0140167386102447,0.0397421422345359,0.0156908512022239,"BMP7",1
"GO:1903845","negative regulation of cellular response to transforming growth factor beta stimulus","1/19","14/18860",0.0714285714285714,70.9022556390977,8.30863671499687,0.0140167386102447,0.0397421422345359,0.0156908512022239,"PPARG",1
"GO:0001936","regulation of endothelial cell proliferation","2/19","181/18860",0.0110497237569061,10.9683047397499,4.27925275174086,0.0140703668946559,0.0398258843781955,0.0157239139774453,"HIF1A/PPARG",2
"GO:0006109","regulation of carbohydrate metabolic process","2/19","186/18860",0.010752688172043,10.6734578381437,4.21020937472585,0.0148163900429799,0.0410808235176564,0.0162193845836578,"FOXO1/HIF1A",2
"GO:0043534","blood vessel endothelial cell migration","2/19","187/18860",0.0106951871657754,10.6163805235013,4.19671571151414,0.0149676282679792,0.0410808235176564,0.0162193845836578,"HIF1A/PPARG",2
"GO:0030252","growth hormone secretion","1/19","15/18860",0.0666666666666667,66.1754385964912,8.01891623711741,0.0150107788291981,0.0410808235176564,0.0162193845836578,"HMGA2",1
"GO:0036446","myofibroblast differentiation","1/19","15/18860",0.0666666666666667,66.1754385964912,8.01891623711741,0.0150107788291981,0.0410808235176564,0.0162193845836578,"PDCD4",1
"GO:0039692","single stranded viral RNA replication via double stranded DNA intermediate","1/19","15/18860",0.0666666666666667,66.1754385964912,8.01891623711741,0.0150107788291981,0.0410808235176564,0.0162193845836578,"HMGA2",1
"GO:0043374","CD8-positive, alpha-beta T cell differentiation","1/19","15/18860",0.0666666666666667,66.1754385964912,8.01891623711741,0.0150107788291981,0.0410808235176564,0.0162193845836578,"SOCS1",1
"GO:0045348","positive regulation of MHC class II biosynthetic process","1/19","15/18860",0.0666666666666667,66.1754385964912,8.01891623711741,0.0150107788291981,0.0410808235176564,0.0162193845836578,"TLR4",1
"GO:0060330","regulation of response to type II interferon","1/19","15/18860",0.0666666666666667,66.1754385964912,8.01891623711741,0.0150107788291981,0.0410808235176564,0.0162193845836578,"PPARG",1
"GO:0060334","regulation of type II interferon-mediated signaling pathway","1/19","15/18860",0.0666666666666667,66.1754385964912,8.01891623711741,0.0150107788291981,0.0410808235176564,0.0162193845836578,"PPARG",1
"GO:0060572","morphogenesis of an epithelial bud","1/19","15/18860",0.0666666666666667,66.1754385964912,8.01891623711741,0.0150107788291981,0.0410808235176564,0.0162193845836578,"BMP7",1
"GO:0061307","cardiac neural crest cell differentiation involved in heart development","1/19","15/18860",0.0666666666666667,66.1754385964912,8.01891623711741,0.0150107788291981,0.0410808235176564,0.0162193845836578,"BMP7",1
"GO:0061308","cardiac neural crest cell development involved in heart development","1/19","15/18860",0.0666666666666667,66.1754385964912,8.01891623711741,0.0150107788291981,0.0410808235176564,0.0162193845836578,"BMP7",1
"GO:0070243","regulation of thymocyte apoptotic process","1/19","15/18860",0.0666666666666667,66.1754385964912,8.01891623711741,0.0150107788291981,0.0410808235176564,0.0162193845836578,"HIF1A",1
"GO:0070417","cellular response to cold","1/19","15/18860",0.0666666666666667,66.1754385964912,8.01891623711741,0.0150107788291981,0.0410808235176564,0.0162193845836578,"FOXO1",1
"GO:0070424","regulation of nucleotide-binding domain, leucine rich repeat containing receptor signaling pathway","1/19","15/18860",0.0666666666666667,66.1754385964912,8.01891623711741,0.0150107788291981,0.0410808235176564,0.0162193845836578,"TLR4",1
"GO:0090306","meiotic spindle assembly","1/19","15/18860",0.0666666666666667,66.1754385964912,8.01891623711741,0.0150107788291981,0.0410808235176564,0.0162193845836578,"PTEN",1
"GO:1901722","regulation of cell proliferation involved in kidney development","1/19","15/18860",0.0666666666666667,66.1754385964912,8.01891623711741,0.0150107788291981,0.0410808235176564,0.0162193845836578,"BMP7",1
"GO:1903377","negative regulation of oxidative stress-induced neuron intrinsic apoptotic signaling pathway","1/19","15/18860",0.0666666666666667,66.1754385964912,8.01891623711741,0.0150107788291981,0.0410808235176564,0.0162193845836578,"HIF1A",1
"GO:1904748","regulation of apoptotic process involved in development","1/19","15/18860",0.0666666666666667,66.1754385964912,8.01891623711741,0.0150107788291981,0.0410808235176564,0.0162193845836578,"BMP7",1
"GO:1905203","regulation of connective tissue replacement","1/19","15/18860",0.0666666666666667,66.1754385964912,8.01891623711741,0.0150107788291981,0.0410808235176564,0.0162193845836578,"PPARG",1
"GO:0045766","positive regulation of angiogenesis","2/19","191/18860",0.0104712041884817,10.3940479470929,4.14374559626201,0.0155793143681842,0.0423270342656582,0.0167114090774083,"HMGA2/HIF1A",2
"GO:0002076","osteoblast development","1/19","16/18860",0.0625,62.0394736842105,7.75654613078453,0.0160038695801793,0.0423270342656582,0.0167114090774083,"RUNX2",1
"GO:0002371","dendritic cell cytokine production","1/19","16/18860",0.0625,62.0394736842105,7.75654613078453,0.0160038695801793,0.0423270342656582,0.0167114090774083,"TLR4",1
"GO:0002730","regulation of dendritic cell cytokine production","1/19","16/18860",0.0625,62.0394736842105,7.75654613078453,0.0160038695801793,0.0423270342656582,0.0167114090774083,"TLR4",1
"GO:0014004","microglia differentiation","1/19","16/18860",0.0625,62.0394736842105,7.75654613078453,0.0160038695801793,0.0423270342656582,0.0167114090774083,"TLR4",1
"GO:0019896","axonal transport of mitochondrion","1/19","16/18860",0.0625,62.0394736842105,7.75654613078453,0.0160038695801793,0.0423270342656582,0.0167114090774083,"HIF1A",1
"GO:0023035","CD40 signaling pathway","1/19","16/18860",0.0625,62.0394736842105,7.75654613078453,0.0160038695801793,0.0423270342656582,0.0167114090774083,"TRAF6",1
"GO:0034309","primary alcohol biosynthetic process","1/19","16/18860",0.0625,62.0394736842105,7.75654613078453,0.0160038695801793,0.0423270342656582,0.0167114090774083,"DKK3",1
"GO:0035655","interleukin-18-mediated signaling pathway","1/19","16/18860",0.0625,62.0394736842105,7.75654613078453,0.0160038695801793,0.0423270342656582,0.0167114090774083,"NLRP3",1
"GO:0038065","collagen-activated signaling pathway","1/19","16/18860",0.0625,62.0394736842105,7.75654613078453,0.0160038695801793,0.0423270342656582,0.0167114090774083,"COL1A1",1
"GO:0044793","host-mediated suppression of viral proces","1/19","16/18860",0.0625,62.0394736842105,7.75654613078453,0.0160038695801793,0.0423270342656582,0.0167114090774083,"HMGA2",1
"GO:0045475","locomotor rhythm","1/19","16/18860",0.0625,62.0394736842105,7.75654613078453,0.0160038695801793,0.0423270342656582,0.0167114090774083,"PTEN",1
"GO:0048712","negative regulation of astrocyte differentiation","1/19","16/18860",0.0625,62.0394736842105,7.75654613078453,0.0160038695801793,0.0423270342656582,0.0167114090774083,"HMGA2",1
"GO:0060033","anatomical structure regression","1/19","16/18860",0.0625,62.0394736842105,7.75654613078453,0.0160038695801793,0.0423270342656582,0.0167114090774083,"SMAD5",1
"GO:0060576","intestinal epithelial cell development","1/19","16/18860",0.0625,62.0394736842105,7.75654613078453,0.0160038695801793,0.0423270342656582,0.0167114090774083,"HIF1A",1
"GO:0060746","parental behavior","1/19","16/18860",0.0625,62.0394736842105,7.75654613078453,0.0160038695801793,0.0423270342656582,0.0167114090774083,"PTEN",1
"GO:0071351","cellular response to interleukin-18","1/19","16/18860",0.0625,62.0394736842105,7.75654613078453,0.0160038695801793,0.0423270342656582,0.0167114090774083,"NLRP3",1
"GO:0072498","embryonic skeletal joint development","1/19","16/18860",0.0625,62.0394736842105,7.75654613078453,0.0160038695801793,0.0423270342656582,0.0167114090774083,"BMP7",1
"GO:0090030","regulation of steroid hormone biosynthetic process","1/19","16/18860",0.0625,62.0394736842105,7.75654613078453,0.0160038695801793,0.0423270342656582,0.0167114090774083,"DKK3",1
"GO:0090336","positive regulation of brown fat cell differentiation","1/19","16/18860",0.0625,62.0394736842105,7.75654613078453,0.0160038695801793,0.0423270342656582,0.0167114090774083,"BMP7",1
"GO:1900006","positive regulation of dendrite development","1/19","16/18860",0.0625,62.0394736842105,7.75654613078453,0.0160038695801793,0.0423270342656582,0.0167114090774083,"BMP7",1
"GO:0045580","regulation of T cell differentiation","2/19","194/18860",0.0103092783505155,10.2333152468801,4.10503679108962,0.0160451107892371,0.042368319703848,0.0167277092472288,"NLRP3/SOCS1",2
"GO:1904018","positive regulation of vasculature development","2/19","195/18860",0.0102564102564103,10.1808367071525,4.09232133187265,0.0162017084429362,0.0427135949859226,0.0168640296056752,"HMGA2/HIF1A",2
"GO:0048736","appendage development","2/19","196/18860",0.0102040816326531,10.1288936627282,4.07969763738808,0.0163589699373825,0.0429910609006252,0.0169735777109483,"BMP7/RUNX2",2
"GO:0060173","limb development","2/19","196/18860",0.0102040816326531,10.1288936627282,4.07969763738808,0.0163589699373825,0.0429910609006252,0.0169735777109483,"BMP7/RUNX2",2
"GO:0001959","regulation of cytokine-mediated signaling pathway","2/19","198/18860",0.0101010101010101,10.026581605529,4.0547209530104,0.016675479062846,0.0437532807791818,0.0172745146515698,"HIF1A/PPARG",2
"GO:0061138","morphogenesis of a branching epithelium","2/19","199/18860",0.0100502512562814,9.97619677334039,4.04236571858831,0.0168347240055033,0.0439662087210318,0.0173585821040149,"HMGA2/BMP7",2
"GO:0030167","proteoglycan catabolic process","1/19","17/18860",0.0588235294117647,58.390092879257,7.51744951484328,0.0169960117197455,0.0439662087210318,0.0173585821040149,"ADAMTS4",1
"GO:0032621","interleukin-18 production","1/19","17/18860",0.0588235294117647,58.390092879257,7.51744951484328,0.0169960117197455,0.0439662087210318,0.0173585821040149,"NLRP3",1
"GO:0032661","regulation of interleukin-18 production","1/19","17/18860",0.0588235294117647,58.390092879257,7.51744951484328,0.0169960117197455,0.0439662087210318,0.0173585821040149,"NLRP3",1
"GO:0036005","response to macrophage colony-stimulating factor","1/19","17/18860",0.0588235294117647,58.390092879257,7.51744951484328,0.0169960117197455,0.0439662087210318,0.0173585821040149,"TLR4",1
"GO:0071732","cellular response to nitric oxide","1/19","17/18860",0.0588235294117647,58.390092879257,7.51744951484328,0.0169960117197455,0.0439662087210318,0.0173585821040149,"FOXO1",1
"GO:0072074","kidney mesenchyme development","1/19","17/18860",0.0588235294117647,58.390092879257,7.51744951484328,0.0169960117197455,0.0439662087210318,0.0173585821040149,"BMP7",1
"GO:0072109","glomerular mesangium development","1/19","17/18860",0.0588235294117647,58.390092879257,7.51744951484328,0.0169960117197455,0.0439662087210318,0.0173585821040149,"BMP7",1
"GO:0097091","synaptic vesicle clustering","1/19","17/18860",0.0588235294117647,58.390092879257,7.51744951484328,0.0169960117197455,0.0439662087210318,0.0173585821040149,"PTEN",1
"GO:0002262","myeloid cell homeostasis","2/19","201/18860",0.00995024875621891,9.87693113380466,4.01791600005415,0.0171551879431747,0.0442395096256907,0.0174664857948408,"SMAD5/HIF1A",2
"GO:0021543","pallium development","2/19","201/18860",0.00995024875621891,9.87693113380466,4.01791600005415,0.0171551879431747,0.0442395096256907,0.0174664857948408,"PTEN/HIF1A",2
"GO:0030324","lung development","2/19","203/18860",0.00985221674876847,9.77962146746176,3.99380688084573,0.0174782750281479,0.0449324861921126,0.0177400843373196,"HMGA2/SMAD2",2
"GO:0062207","regulation of pattern recognition receptor signaling pathway","2/19","203/18860",0.00985221674876847,9.77962146746176,3.99380688084573,0.0174782750281479,0.0449324861921126,0.0177400843373196,"NLRP3/TLR4",2
"GO:0001935","endothelial cell proliferation","2/19","204/18860",0.00980392156862745,9.73168214654283,3.98187746355704,0.017640798911612,0.045118136099328,0.0178133819731801,"HIF1A/PPARG",2
"GO:0002706","regulation of lymphocyte mediated immunity","2/19","204/18860",0.00980392156862745,9.73168214654283,3.98187746355704,0.017640798911612,0.045118136099328,0.0178133819731801,"TRAF6/NLRP3",2
"GO:0002830","positive regulation of type 2 immune response","1/19","18/18860",0.0555555555555556,55.1461988304094,7.29835329214427,0.0179872061037248,0.045118136099328,0.0178133819731801,"NLRP3",1
"GO:0006704","glucocorticoid biosynthetic process","1/19","18/18860",0.0555555555555556,55.1461988304094,7.29835329214427,0.0179872061037248,0.045118136099328,0.0178133819731801,"DKK3",1
"GO:0031053","primary miRNA processing","1/19","18/18860",0.0555555555555556,55.1461988304094,7.29835329214427,0.0179872061037248,0.045118136099328,0.0178133819731801,"SMAD2",1
"GO:0042481","regulation of odontogenesis","1/19","18/18860",0.0555555555555556,55.1461988304094,7.29835329214427,0.0179872061037248,0.045118136099328,0.0178133819731801,"RUNX2",1
"GO:0043217","myelin maintenance","1/19","18/18860",0.0555555555555556,55.1461988304094,7.29835329214427,0.0179872061037248,0.045118136099328,0.0178133819731801,"PTEN",1
"GO:0043392","negative regulation of DNA binding","1/19","18/18860",0.0555555555555556,55.1461988304094,7.29835329214427,0.0179872061037248,0.045118136099328,0.0178133819731801,"HMGA2",1
"GO:0045064","T-helper 2 cell differentiation","1/19","18/18860",0.0555555555555556,55.1461988304094,7.29835329214427,0.0179872061037248,0.045118136099328,0.0178133819731801,"NLRP3",1
"GO:0046184","aldehyde biosynthetic process","1/19","18/18860",0.0555555555555556,55.1461988304094,7.29835329214427,0.0179872061037248,0.045118136099328,0.0178133819731801,"DKK3",1
"GO:0048368","lateral mesoderm development","1/19","18/18860",0.0555555555555556,55.1461988304094,7.29835329214427,0.0179872061037248,0.045118136099328,0.0178133819731801,"SMAD2",1
"GO:0060644","mammary gland epithelial cell differentiation","1/19","18/18860",0.0555555555555556,55.1461988304094,7.29835329214427,0.0179872061037248,0.045118136099328,0.0178133819731801,"HIF1A",1
"GO:0070673","response to interleukin-18","1/19","18/18860",0.0555555555555556,55.1461988304094,7.29835329214427,0.0179872061037248,0.045118136099328,0.0178133819731801,"NLRP3",1
"GO:0071895","odontoblast differentiation","1/19","18/18860",0.0555555555555556,55.1461988304094,7.29835329214427,0.0179872061037248,0.045118136099328,0.0178133819731801,"SMAD2",1
"GO:1902170","cellular response to reactive nitrogen species","1/19","18/18860",0.0555555555555556,55.1461988304094,7.29835329214427,0.0179872061037248,0.045118136099328,0.0178133819731801,"FOXO1",1
"GO:1902931","negative regulation of alcohol biosynthetic process","1/19","18/18860",0.0555555555555556,55.1461988304094,7.29835329214427,0.0179872061037248,0.045118136099328,0.0178133819731801,"DKK3",1
"GO:0030323","respiratory tube development","2/19","207/18860",0.00966183574879227,9.5906432748538,3.94657780331384,0.0181322759401294,0.045413109286415,0.0179298422374485,"HMGA2/SMAD2",2
"GO:0090101","negative regulation of transmembrane receptor protein serine/threonine kinase signaling pathway","2/19","208/18860",0.00961538461538462,9.54453441295547,3.93497088430359,0.0182973989788644,0.0457573381423038,0.0180657494496312,"DKK3/PPARG",2
"GO:0002822","regulation of adaptive immune response based on somatic recombination of immune receptors built from immunoglobulin superfamily domains","2/19","210/18860",0.00952380952380952,9.45363408521303,3.91199085384221,0.0186295831445087,0.0461998980554875,0.0182404793800122,"TRAF6/NLRP3",2
"GO:0031334","positive regulation of protein-containing complex assembly","2/19","210/18860",0.00952380952380952,9.45363408521303,3.91199085384221,0.0186295831445087,0.0461998980554875,0.0182404793800122,"NLRP3/TLR4",2
"GO:0050728","negative regulation of inflammatory response","2/19","210/18860",0.00952380952380952,9.45363408521303,3.91199085384221,0.0186295831445087,0.0461998980554875,0.0182404793800122,"NLRP3/PPARG",2
"GO:0141193","nuclear receptor-mediated signaling pathway","2/19","211/18860",0.00947867298578199,9.40883013220255,3.90061591545514,0.0187966416257152,0.0461998980554875,0.0182404793800122,"HMGA2/PPARG",2
"GO:0007623","circadian rhythm","2/19","212/18860",0.00943396226415094,9.36444885799404,3.8893165020388,0.0189643426116503,0.0461998980554875,0.0182404793800122,"PTEN/PPARG",2
"GO:0010633","negative regulation of epithelial cell migration","1/19","19/18860",0.0526315789473684,52.2437673130194,7.09659518319649,0.0189774535872208,0.0461998980554875,0.0182404793800122,"PTEN",1
"GO:0010885","regulation of cholesterol storage","1/19","19/18860",0.0526315789473684,52.2437673130194,7.09659518319649,0.0189774535872208,0.0461998980554875,0.0182404793800122,"PPARG",1
"GO:0020027","hemoglobin metabolic process","1/19","19/18860",0.0526315789473684,52.2437673130194,7.09659518319649,0.0189774535872208,0.0461998980554875,0.0182404793800122,"HIF1A",1
"GO:0030949","positive regulation of vascular endothelial growth factor receptor signaling pathway","1/19","19/18860",0.0526315789473684,52.2437673130194,7.09659518319649,0.0189774535872208,0.0461998980554875,0.0182404793800122,"HIF1A",1
"GO:0035743","CD4-positive, alpha-beta T cell cytokine production","1/19","19/18860",0.0526315789473684,52.2437673130194,7.09659518319649,0.0189774535872208,0.0461998980554875,0.0182404793800122,"NLRP3",1
"GO:0045346","regulation of MHC class II biosynthetic process","1/19","19/18860",0.0526315789473684,52.2437673130194,7.09659518319649,0.0189774535872208,0.0461998980554875,0.0182404793800122,"TLR4",1
"GO:0050872","white fat cell differentiation","1/19","19/18860",0.0526315789473684,52.2437673130194,7.09659518319649,0.0189774535872208,0.0461998980554875,0.0182404793800122,"PPARG",1
"GO:0051895","negative regulation of focal adhesion assembly","1/19","19/18860",0.0526315789473684,52.2437673130194,7.09659518319649,0.0189774535872208,0.0461998980554875,0.0182404793800122,"PTEN",1
"GO:0097396","response to interleukin-17","1/19","19/18860",0.0526315789473684,52.2437673130194,7.09659518319649,0.0189774535872208,0.0461998980554875,0.0182404793800122,"TRAF6",1
"GO:0097398","cellular response to interleukin-17","1/19","19/18860",0.0526315789473684,52.2437673130194,7.09659518319649,0.0189774535872208,0.0461998980554875,0.0182404793800122,"TRAF6",1
"GO:0098543","detection of other organism","1/19","19/18860",0.0526315789473684,52.2437673130194,7.09659518319649,0.0189774535872208,0.0461998980554875,0.0182404793800122,"TLR4",1
"GO:0098696","regulation of neurotransmitter receptor localization to postsynaptic specialization membrane","1/19","19/18860",0.0526315789473684,52.2437673130194,7.09659518319649,0.0189774535872208,0.0461998980554875,0.0182404793800122,"TRAF6",1
"GO:0141198","protein branched polyubiquitination","1/19","19/18860",0.0526315789473684,52.2437673130194,7.09659518319649,0.0189774535872208,0.0461998980554875,0.0182404793800122,"TRAF6",1
"GO:0001763","morphogenesis of a branching structure","2/19","214/18860",0.00934579439252336,9.27693064436793,3.86694075881019,0.0193016668256957,0.0469200812689337,0.0185248195540732,"HMGA2/BMP7",2
"GO:0031400","negative regulation of protein modification process","2/19","217/18860",0.00921658986175115,9.14867814698035,3.83392212896643,0.0198124390283188,0.0476951532596528,0.0188308307198935,"PDCD4/PTEN",2
"GO:0006089","lactate metabolic process","1/19","20/18860",0.05,49.6315789473684,6.90998452581782,0.0199667550246097,0.0476951532596528,0.0188308307198935,"HIF1A",1
"GO:0045342","MHC class II biosynthetic process","1/19","20/18860",0.05,49.6315789473684,6.90998452581782,0.0199667550246097,0.0476951532596528,0.0188308307198935,"TLR4",1
"GO:0048339","paraxial mesoderm development","1/19","20/18860",0.05,49.6315789473684,6.90998452581782,0.0199667550246097,0.0476951532596528,0.0188308307198935,"SMAD2",1
"GO:0051546","keratinocyte migration","1/19","20/18860",0.05,49.6315789473684,6.90998452581782,0.0199667550246097,0.0476951532596528,0.0188308307198935,"PTEN",1
"GO:0060749","mammary gland alveolus development","1/19","20/18860",0.05,49.6315789473684,6.90998452581782,0.0199667550246097,0.0476951532596528,0.0188308307198935,"HIF1A",1
"GO:0061298","retina vasculature development in camera-type eye","1/19","20/18860",0.05,49.6315789473684,6.90998452581782,0.0199667550246097,0.0476951532596528,0.0188308307198935,"HIF1A",1
"GO:0061377","mammary gland lobule development","1/19","20/18860",0.05,49.6315789473684,6.90998452581782,0.0199667550246097,0.0476951532596528,0.0188308307198935,"HIF1A",1
"GO:0150118","negative regulation of cell-substrate junction organization","1/19","20/18860",0.05,49.6315789473684,6.90998452581782,0.0199667550246097,0.0476951532596528,0.0188308307198935,"PTEN",1
"GO:1904177","regulation of adipose tissue development","1/19","20/18860",0.05,49.6315789473684,6.90998452581782,0.0199667550246097,0.0476951532596528,0.0188308307198935,"PPARG",1
"GO:2000434","regulation of protein neddylation","1/19","20/18860",0.05,49.6315789473684,6.90998452581782,0.0199667550246097,0.0476951532596528,0.0188308307198935,"HIF1A",1
"GO:2001185","regulation of CD8-positive, alpha-beta T cell activation","1/19","20/18860",0.05,49.6315789473684,6.90998452581782,0.0199667550246097,0.0476951532596528,0.0188308307198935,"SOCS1",1
"GO:0003417","growth plate cartilage development","1/19","21/18860",0.0476190476190476,47.2681704260652,6.73669998706171,0.0209551112695423,0.0489940578904575,0.0193436596249776,"MMP13",1
"GO:0030502","negative regulation of bone mineralization","1/19","21/18860",0.0476190476190476,47.2681704260652,6.73669998706171,0.0209551112695423,0.0489940578904575,0.0193436596249776,"HIF1A",1
"GO:0032332","positive regulation of chondrocyte differentiation","1/19","21/18860",0.0476190476190476,47.2681704260652,6.73669998706171,0.0209551112695423,0.0489940578904575,0.0193436596249776,"RUNX2",1
"GO:0032874","positive regulation of stress-activated MAPK cascade","1/19","21/18860",0.0476190476190476,47.2681704260652,6.73669998706171,0.0209551112695423,0.0489940578904575,0.0193436596249776,"TLR4",1
"GO:0038092","nodal signaling pathway","1/19","21/18860",0.0476190476190476,47.2681704260652,6.73669998706171,0.0209551112695423,0.0489940578904575,0.0193436596249776,"SMAD2",1
"GO:0043011","myeloid dendritic cell differentiation","1/19","21/18860",0.0476190476190476,47.2681704260652,6.73669998706171,0.0209551112695423,0.0489940578904575,0.0193436596249776,"TRAF6",1
"GO:0043407","negative regulation of MAP kinase activity","1/19","21/18860",0.0476190476190476,47.2681704260652,6.73669998706171,0.0209551112695423,0.0489940578904575,0.0193436596249776,"PDCD4",1
"GO:0051132","NK T cell activation","1/19","21/18860",0.0476190476190476,47.2681704260652,6.73669998706171,0.0209551112695423,0.0489940578904575,0.0193436596249776,"TLR4",1
"GO:0060973","cell migration involved in heart development","1/19","21/18860",0.0476190476190476,47.2681704260652,6.73669998706171,0.0209551112695423,0.0489940578904575,0.0193436596249776,"BMP7",1
"GO:0070242","thymocyte apoptotic process","1/19","21/18860",0.0476190476190476,47.2681704260652,6.73669998706171,0.0209551112695423,0.0489940578904575,0.0193436596249776,"HIF1A",1
"GO:0070304","positive regulation of stress-activated protein kinase signaling cascade","1/19","21/18860",0.0476190476190476,47.2681704260652,6.73669998706171,0.0209551112695423,0.0489940578904575,0.0193436596249776,"TLR4",1
"GO:0070431","nucleotide-binding oligomerization domain containing 2 signaling pathway","1/19","21/18860",0.0476190476190476,47.2681704260652,6.73669998706171,0.0209551112695423,0.0489940578904575,0.0193436596249776,"TLR4",1
"GO:0072567","chemokine (C-X-C motif) ligand 2 production","1/19","21/18860",0.0476190476190476,47.2681704260652,6.73669998706171,0.0209551112695423,0.0489940578904575,0.0193436596249776,"TLR4",1
"GO:1903428","positive regulation of reactive oxygen species biosynthetic process","1/19","21/18860",0.0476190476190476,47.2681704260652,6.73669998706171,0.0209551112695423,0.0489940578904575,0.0193436596249776,"TLR4",1
"GO:2000341","regulation of chemokine (C-X-C motif) ligand 2 production","1/19","21/18860",0.0476190476190476,47.2681704260652,6.73669998706171,0.0209551112695423,0.0489940578904575,0.0193436596249776,"TLR4",1
"GO:0002819","regulation of adaptive immune response","2/19","224/18860",0.00892857142857143,8.86278195488722,3.75930919113479,0.0210263916564509,0.0490912788250188,0.0193820440484679,"TRAF6/NLRP3",2
"GO:0071356","cellular response to tumor necrosis factor","2/19","226/18860",0.00884955752212389,8.7843502561714,3.73858878363888,0.0213788842781083,0.0498438585496658,0.0196791748978207,"TRAF6/COL1A1",2
